{
"type": "FeatureCollection",
"name": "fp2_boston_tract_profiles",
"crs": { "type": "name", "properties": { "name": "urn:ogc:def:crs:OGC:1.3:CRS84" } },
"features": [
{ "type": "Feature", "properties": { "geoid": "25025010702", "neighborhood": "Back Bay", "sales": 1898, "median_price": 850000.0, "investor_share": 0.31190727081138042, "large_inst_share": 0.076396206533192831, "small_med_share": 0.23551106427818758, "flip_rate": 0.094309799789251844, "buy_flip_rate": 0.094309799789251844, "condo_share": 0.89778714436248686, "r23_share": 0.0063224446786090622, "hold_score": 3.1224633594848905, "flip_score": -1.0398339946737225, "dominant": "holding", "policy_fit": "Transfer fee on high-value sales", "r_mhi": 122163.0, "pct_nonwhite": 0.20274914089347074, "pct_black": 0.022336769759450172, "pct_latino": 0.067439862542955323, "percent_owners": 63.9 }, "geometry": { "type": "MultiPolygon", "coordinates": [ [ [ [ -71.080861489964946, 42.352267449835317 ], [ -71.078897495180357, 42.352789452742101 ], [ -71.07872149625932, 42.352841452844444 ], [ -71.077590499325652, 42.353164453968958 ], [ -71.076582502308426, 42.353425455316462 ], [ -71.074400508856471, 42.354022458155889 ], [ -71.074272508656961, 42.354066458890699 ], [ -71.072849512433507, 42.35444746086943 ], [ -71.072054515183339, 42.354655461432465 ], [ -71.071839514847824, 42.35423446150542 ], [ -71.071636513986164, 42.353831462112183 ], [ -71.071478513516993, 42.353505462589418 ], [ -71.071274513754261, 42.353081462165463 ], [ -71.071078512593147, 42.352673462319444 ], [ -71.070894512290025, 42.352314462898462 ], [ -71.070703511731395, 42.351940463377133 ], [ -71.070654512186735, 42.351854462931506 ], [ -71.07045451123453, 42.351417463871051 ], [ -71.072821504510827, 42.350755460221301 ], [ -71.072658504724998, 42.350410460879637 ], [ -71.074791498166604, 42.349860457259027 ], [ -71.075873495008267, 42.349611456344633 ], [ -71.076412494120291, 42.349478455414598 ], [ -71.076568493994145, 42.349433455207794 ], [ -71.076682492778673, 42.349395454846999 ], [ -71.076823492862971, 42.349337454701619 ], [ -71.076932492863619, 42.349280454856697 ], [ -71.077367492766072, 42.350075454670666 ], [ -71.079507487513013, 42.349508451360514 ], [ -71.079681487190456, 42.349914451557126 ], [ -71.079859487718537, 42.350304450778765 ], [ -71.080077488247539, 42.350710450736294 ], [ -71.080295488758864, 42.351121450450407 ], [ -71.080456488934431, 42.351460450830643 ], [ -71.080650490182094, 42.35184745053018 ], [ -71.080861489964946, 42.352267449835317 ] ] ] ] } },
{ "type": "Feature", "properties": { "geoid": "25025070902", "neighborhood": "South End", "sales": 1288, "median_price": 561350.0, "investor_share": 0.13121118012422361, "large_inst_share": 0.03183229813664596, "small_med_share": 0.099378881987577633, "flip_rate": 0.086956521739130432, "buy_flip_rate": 0.086956521739130432, "condo_share": 0.9503105590062112, "r23_share": 0.0038819875776397515, "hold_score": 0.30176398904148294, "flip_score": -1.5646308225521985, "dominant": "holding", "policy_fit": "Transfer fee on high-value sales", "r_mhi": 53226.0, "pct_nonwhite": 0.47695652173913039, "pct_black": 0.14391304347826087, "pct_latino": 0.17304347826086958, "percent_owners": 55.0 }, "geometry": { "type": "MultiPolygon", "coordinates": [ [ [ [ -71.080348462549381, 42.33936344889986 ], [ -71.079636465060602, 42.33975044981873 ], [ -71.079060467451782, 42.340030450942976 ], [ -71.078826467461028, 42.340115451648309 ], [ -71.078705468087719, 42.340175451477933 ], [ -71.078089470449598, 42.340510452276085 ], [ -71.077971470098802, 42.340573452208488 ], [ -71.077371473027739, 42.340931453641431 ], [ -71.077255472935605, 42.340836453333182 ], [ -71.076955472562332, 42.34060045385543 ], [ -71.075883473634832, 42.339757454880647 ], [ -71.075588473011663, 42.339495455298412 ], [ -71.075268473706515, 42.339211455774503 ], [ -71.075589472637517, 42.338985455268713 ], [ -71.075959470590107, 42.338724454657068 ], [ -71.075568471025633, 42.338415455840988 ], [ -71.075379471334386, 42.338257455270011 ], [ -71.074994470934755, 42.337931456543231 ], [ -71.075667468351725, 42.337475455213337 ], [ -71.076378465411466, 42.336951453859022 ], [ -71.076940464345853, 42.336527453029532 ], [ -71.07800246374984, 42.337388452584776 ], [ -71.078590462966488, 42.3378734514664 ], [ -71.078842462570663, 42.338083450654253 ], [ -71.079484462157197, 42.338618450415275 ], [ -71.079714463234339, 42.338809450234621 ], [ -71.080155462541313, 42.339180449525273 ], [ -71.08025746256547, 42.339277449412933 ], [ -71.080348462549381, 42.33936344889986 ] ] ] ] } },
{ "type": "Feature", "properties": { "geoid": "25025010801", "neighborhood": "Back Bay", "sales": 2121, "median_price": 729000.0, "investor_share": 0.2263083451202263, "large_inst_share": 0.033946251768033946, "small_med_share": 0.19236209335219237, "flip_rate": 0.097123998114097124, "buy_flip_rate": 0.097123998114097124, "condo_share": 0.98491277699198487, "r23_share": 0.0, "hold_score": 1.8280196019428083, "flip_score": -0.88021584969165911, "dominant": "holding", "policy_fit": "Transfer fee on high-value sales", "r_mhi": 88750.0, "pct_nonwhite": 0.21743697478991597, "pct_black": 0.030112044817927171, "pct_latino": 0.070728291316526609, "percent_owners": 60.4 }, "geometry": { "type": "MultiPolygon", "coordinates": [ [ [ [ -71.081594491231982, 42.353704449484447 ], [ -71.080458494866932, 42.354004450950484 ], [ -71.079977496170258, 42.354124451034004 ], [ -71.079463497738629, 42.354275452419984 ], [ -71.079388498126406, 42.354303451846974 ], [ -71.079118498300005, 42.354402452395576 ], [ -71.078911498988816, 42.354486452722448 ], [ -71.077574503517624, 42.354876454412071 ], [ -71.077356503531689, 42.354938454366426 ], [ -71.075816508090142, 42.355338457144704 ], [ -71.075519509516127, 42.355419457330655 ], [ -71.075218509777287, 42.355507457939915 ], [ -71.075187510309021, 42.355516458011593 ], [ -71.074385512079019, 42.355750459097379 ], [ -71.073939513618782, 42.355866459029279 ], [ -71.073776514278435, 42.355938459155404 ], [ -71.073492515238016, 42.356095459776583 ], [ -71.07346351514704, 42.356121459777562 ], [ -71.073437515276282, 42.356077459815076 ], [ -71.073404514839567, 42.355965460161535 ], [ -71.073301515264205, 42.35581246003953 ], [ -71.073154515268996, 42.355542460469515 ], [ -71.073020515009233, 42.355310460689559 ], [ -71.072806514838305, 42.355377460791431 ], [ -71.072563515860566, 42.355439461474454 ], [ -71.072356516120607, 42.355282461146118 ], [ -71.072227515145258, 42.355031461260587 ], [ -71.072054515183339, 42.354655461432465 ], [ -71.072849512433507, 42.35444746086943 ], [ -71.074272508656961, 42.354066458890699 ], [ -71.074400508856471, 42.354022458155889 ], [ -71.076582502308426, 42.353425455316462 ], [ -71.077590499325652, 42.353164453968958 ], [ -71.07872149625932, 42.352841452844444 ], [ -71.078897495180357, 42.352789452742101 ], [ -71.080861489964946, 42.352267449835317 ], [ -71.08105449059849, 42.352644450093756 ], [ -71.081260490736838, 42.353054449744299 ], [ -71.08152549129268, 42.353581449301963 ], [ -71.081594491231982, 42.353704449484447 ] ] ] ] } },
{ "type": "Feature", "properties": { "geoid": "25025010403", "neighborhood": "Fenway", "sales": 626, "median_price": 370000.0, "investor_share": 0.24440894568690097, "large_inst_share": 0.095846645367412137, "small_med_share": 0.1485623003194888, "flip_rate": 0.083067092651757185, "buy_flip_rate": 0.083067092651757185, "condo_share": 0.92492012779552712, "r23_share": 0.0031948881789137379, "hold_score": 1.4081193173111723, "flip_score": -1.8387855591273925, "dominant": "holding", "policy_fit": "Transfer fee on high-value sales", "r_mhi": 35048.0, "pct_nonwhite": 0.5058194400754954, "pct_black": 0.077382824787669072, "pct_latino": 0.10443535703051274, "percent_owners": 55.7 }, "geometry": { "type": "MultiPolygon", "coordinates": [ [ [ [ -71.089849452012913, 42.344343436997434 ], [ -71.089764453681227, 42.344660437235589 ], [ -71.089547454710257, 42.345410437990033 ], [ -71.089401456757599, 42.345923437864208 ], [ -71.089304457379384, 42.346306438413336 ], [ -71.089264458010135, 42.346462438546503 ], [ -71.089221458838992, 42.346634438731606 ], [ -71.08922745884945, 42.346721438215575 ], [ -71.089263459854322, 42.346887438265888 ], [ -71.08775746342296, 42.347300440523362 ], [ -71.087587462688688, 42.346922440666553 ], [ -71.087454462361151, 42.346635440556625 ], [ -71.087368462272394, 42.346481440607114 ], [ -71.087222461984837, 42.346197441045739 ], [ -71.087078461561575, 42.34591944079753 ], [ -71.086830461804382, 42.345424441315281 ], [ -71.086767461348941, 42.345271441775608 ], [ -71.086595460844876, 42.344951441569286 ], [ -71.086546460359827, 42.34486144151893 ], [ -71.086355460628894, 42.344450442227121 ], [ -71.085906459534101, 42.343486442242138 ], [ -71.085851459392885, 42.343387442544795 ], [ -71.085795459124341, 42.34333244280262 ], [ -71.085975458211109, 42.343319442437554 ], [ -71.086322457594122, 42.343355441353964 ], [ -71.086804456668133, 42.343436441020863 ], [ -71.087684455311233, 42.34357044020539 ], [ -71.089484451907651, 42.34384643773938 ], [ -71.089964450625828, 42.343920437020515 ], [ -71.089849452012913, 42.344343436997434 ] ] ] ] } },
{ "type": "Feature", "properties": { "geoid": "25025030400", "neighborhood": "North End", "sales": 1557, "median_price": 551500.0, "investor_share": 0.19845857418111754, "large_inst_share": 0.03147077713551702, "small_med_share": 0.16698779704560052, "flip_rate": 0.078355812459858704, "buy_flip_rate": 0.078355812459858704, "condo_share": 0.90558766859344897, "r23_share": 0.0077071290944123313, "hold_score": 1.3354544390935139, "flip_score": -2.1405044257243628, "dominant": "holding", "policy_fit": "Transfer fee on high-value sales", "r_mhi": 90272.0, "pct_nonwhite": 0.15600961538461533, "pct_black": 0.016586538461538462, "pct_latino": 0.056009615384615387, "percent_owners": 62.7 }, "geometry": { "type": "MultiPolygon", "coordinates": [ [ [ [ -71.056284568888401, 42.362993482633222 ], [ -71.056089569875837, 42.363256482947669 ], [ -71.055903571812422, 42.363518483232497 ], [ -71.055834571516684, 42.363613483741346 ], [ -71.055766572550496, 42.36370848357236 ], [ -71.055714572691258, 42.36380448324639 ], [ -71.055685572698209, 42.363858484073504 ], [ -71.055677572849589, 42.36387348351667 ], [ -71.05561557324512, 42.364002483357588 ], [ -71.055569573120152, 42.364096484084044 ], [ -71.055553572864838, 42.364129483615912 ], [ -71.055531573886313, 42.364371483826069 ], [ -71.05552757453485, 42.364416483758696 ], [ -71.055510574500687, 42.364578483721026 ], [ -71.05549857511231, 42.364727483907146 ], [ -71.05547457616602, 42.365025484260656 ], [ -71.055456576058035, 42.365114483957349 ], [ -71.055440575679356, 42.365176484492189 ], [ -71.05581457577486, 42.365419483827395 ], [ -71.055949575680373, 42.365508483569606 ], [ -71.05563057679538, 42.365950484243662 ], [ -71.055484578668683, 42.366185483682344 ], [ -71.054998578843652, 42.365964484517519 ], [ -71.054880579770696, 42.366150485203498 ], [ -71.054808580167276, 42.366265485084661 ], [ -71.054725580775639, 42.366398485047732 ], [ -71.054616580640513, 42.366558484811222 ], [ -71.054289583222143, 42.367039485493272 ], [ -71.053964583598258, 42.366908486289724 ], [ -71.053804583256948, 42.366821485872329 ], [ -71.053682583975558, 42.366729486589612 ], [ -71.053547583761585, 42.366567486950217 ], [ -71.053494582942164, 42.366504487002757 ], [ -71.053276582749731, 42.36624948731555 ], [ -71.053264583271897, 42.366238486904649 ], [ -71.052877583290424, 42.365771487177454 ], [ -71.052912582541552, 42.365650487427175 ], [ -71.052933582306096, 42.365582487330705 ], [ -71.05296758277062, 42.365458487514722 ], [ -71.052992582359337, 42.365389487418987 ], [ -71.05304658107832, 42.365271487374272 ], [ -71.053203580813687, 42.365066487215358 ], [ -71.053458579143623, 42.364778486893272 ], [ -71.053182579978866, 42.364674487057087 ], [ -71.052986579881221, 42.364601487372241 ], [ -71.052390581290382, 42.364384488034169 ], [ -71.052370581737264, 42.364377487897315 ], [ -71.051769581576508, 42.364200489142519 ], [ -71.051631582708239, 42.364145489302004 ], [ -71.051368582744587, 42.364067489292204 ], [ -71.05122958284386, 42.364024489528163 ], [ -71.051083583519343, 42.363995489702823 ], [ -71.051065582024904, 42.363703489627596 ], [ -71.051062582360217, 42.36365248999688 ], [ -71.051044582042735, 42.363333489299301 ], [ -71.05099958021664, 42.362584489223494 ], [ -71.051021580113229, 42.362329489531113 ], [ -71.051062579415813, 42.362248489250049 ], [ -71.051100579052132, 42.36217448961073 ], [ -71.051200578148737, 42.362066489285482 ], [ -71.051377577608918, 42.361940488948981 ], [ -71.051955576288961, 42.361668488579831 ], [ -71.052158575685894, 42.361548487893806 ], [ -71.05232457485603, 42.361440487798461 ], [ -71.052490573437836, 42.361263487401203 ], [ -71.052808572550177, 42.360915486821803 ], [ -71.052966572881147, 42.361029487044007 ], [ -71.05329657186347, 42.36121948679957 ], [ -71.053612572262949, 42.361392486014267 ], [ -71.053941570837893, 42.361560485915504 ], [ -71.05456157090353, 42.361867485048883 ], [ -71.054709571025086, 42.361940484510995 ], [ -71.054857570515267, 42.362014484900378 ], [ -71.054924570132016, 42.362046484739906 ], [ -71.055432569639649, 42.362330483609 ], [ -71.05568056911973, 42.362469484007981 ], [ -71.055811569263511, 42.362542482999487 ], [ -71.056380568610464, 42.362884482913024 ], [ -71.056284568888401, 42.362993482633222 ] ] ] ] } },
{ "type": "Feature", "properties": { "geoid": "25025060800", "neighborhood": "South Boston", "sales": 3030, "median_price": 380000.0, "investor_share": 0.18316831683168316, "large_inst_share": 0.040594059405940595, "small_med_share": 0.14257425742574256, "flip_rate": 0.086138613861386132, "buy_flip_rate": 0.085808580858085806, "condo_share": 0.75676567656765681, "r23_share": 0.058745874587458745, "hold_score": 1.3563389953850995, "flip_score": -1.3211287791159152, "dominant": "holding", "policy_fit": "Transfer fee on high-value sales", "r_mhi": 142742.0, "pct_nonwhite": 0.13541881045482607, "pct_black": 0.0092611648487343073, "pct_latino": 0.047952253550113191, "percent_owners": 59.3 }, "geometry": { "type": "MultiPolygon", "coordinates": [ [ [ [ -71.057111512686959, 42.338333479825245 ], [ -71.057018511908211, 42.338273479819911 ], [ -71.056944513075237, 42.338225480047875 ], [ -71.056814512421482, 42.338140480190994 ], [ -71.05648351341506, 42.337934480751386 ], [ -71.056090513451892, 42.337677481514923 ], [ -71.055838513944039, 42.337512481114906 ], [ -71.055374513470483, 42.337224481686732 ], [ -71.054643514280443, 42.336731483038491 ], [ -71.054411514728159, 42.336574483096008 ], [ -71.05388951502006, 42.336240483615839 ], [ -71.053499517080951, 42.33654748421219 ], [ -71.053141517486836, 42.336868484966701 ], [ -71.052785519736304, 42.337176485817622 ], [ -71.052404520540193, 42.337488486400943 ], [ -71.052041521987334, 42.337788486473833 ], [ -71.051671524449802, 42.338083486680958 ], [ -71.051283525657823, 42.338426487612843 ], [ -71.051008527412336, 42.338659488348462 ], [ -71.050839528064529, 42.338795487828591 ], [ -71.050614527653565, 42.338653488531243 ], [ -71.050134527615725, 42.338349489131481 ], [ -71.050024528392285, 42.338280489624161 ], [ -71.049751528304412, 42.338101489524796 ], [ -71.049294528165305, 42.33780349063165 ], [ -71.0477595295268, 42.336812492024208 ], [ -71.046940530243077, 42.336281493571001 ], [ -71.046287531110764, 42.335864494147543 ], [ -71.045694532197444, 42.335452495053673 ], [ -71.045956530276854, 42.335362494538813 ], [ -71.046276530263043, 42.335223494100724 ], [ -71.046762527963324, 42.33495949371229 ], [ -71.047240526568757, 42.334725492751218 ], [ -71.047507526071058, 42.334599492057329 ], [ -71.047754524951571, 42.33448249247725 ], [ -71.047896524068435, 42.334386492264905 ], [ -71.048281523457646, 42.334205491777368 ], [ -71.048313523406705, 42.334187490908782 ], [ -71.048731522078242, 42.333994490635632 ], [ -71.049047520014952, 42.333844490379477 ], [ -71.04921352053951, 42.333771489789136 ], [ -71.049233519653072, 42.333762489597014 ], [ -71.049687518232517, 42.333549489134704 ], [ -71.050251516138033, 42.33328548861914 ], [ -71.050521515965968, 42.333150487904774 ], [ -71.050615515456229, 42.333092488174529 ], [ -71.050782514898742, 42.33298248795446 ], [ -71.051056513744044, 42.332794487667122 ], [ -71.051655511508187, 42.33242148659987 ], [ -71.052301508997843, 42.332046485778861 ], [ -71.053049507036945, 42.331586484715267 ], [ -71.053150506048311, 42.331520484874126 ], [ -71.053189505565427, 42.33157348470403 ], [ -71.053407505862197, 42.331929483986563 ], [ -71.053660506475154, 42.332324484455036 ], [ -71.053719506549342, 42.332417483548525 ], [ -71.053874507508411, 42.3326634840681 ], [ -71.053958507254904, 42.332796483831132 ], [ -71.054093506744735, 42.333019483111805 ], [ -71.054177507392765, 42.333157483848382 ], [ -71.054482508296246, 42.333662483123383 ], [ -71.054601508046673, 42.333861482703142 ], [ -71.054838508715619, 42.334259482994298 ], [ -71.055307509125115, 42.335047482417721 ], [ -71.055765509650172, 42.335786481901749 ], [ -71.055957510572355, 42.336097481360277 ], [ -71.056203510544819, 42.336510480735051 ], [ -71.056485510905944, 42.336984481020757 ], [ -71.056631511115256, 42.337215480783897 ], [ -71.056732511538712, 42.337375480709049 ], [ -71.056963511168775, 42.337712479716906 ], [ -71.057117511480399, 42.337904480050533 ], [ -71.057111512686959, 42.338333479825245 ] ] ] ] } },
{ "type": "Feature", "properties": { "geoid": "25025061000", "neighborhood": "South Boston", "sales": 752, "median_price": 400000.0, "investor_share": 0.15026595744680851, "large_inst_share": 0.027925531914893616, "small_med_share": 0.12234042553191489, "flip_rate": 0.058510638297872342, "buy_flip_rate": 0.057180851063829786, "condo_share": 0.82446808510638303, "r23_share": 0.074468085106382975, "hold_score": 0.63273756335535614, "flip_score": -3.1859752026094204, "dominant": "holding", "policy_fit": "Transfer fee on high-value sales", "r_mhi": 43565.0, "pct_nonwhite": 0.51655629139072845, "pct_black": 0.13824503311258279, "pct_latino": 0.26241721854304634, "percent_owners": 55.1 }, "geometry": { "type": "MultiPolygon", "coordinates": [ [ [ [ -71.053150506048311, 42.331520484874126 ], [ -71.053049507036945, 42.331586484715267 ], [ -71.052301508997843, 42.332046485778861 ], [ -71.051655511508187, 42.33242148659987 ], [ -71.051056513744044, 42.332794487667122 ], [ -71.050782514898742, 42.33298248795446 ], [ -71.050615515456229, 42.333092488174529 ], [ -71.050521515965968, 42.333150487904774 ], [ -71.050251516138033, 42.33328548861914 ], [ -71.049687518232517, 42.333549489134704 ], [ -71.049233519653072, 42.333762489597014 ], [ -71.04921352053951, 42.333771489789136 ], [ -71.049047520014952, 42.333844490379477 ], [ -71.048731522078242, 42.333994490635632 ], [ -71.048313523406705, 42.334187490908782 ], [ -71.048281523457646, 42.334205491777368 ], [ -71.047896524068435, 42.334386492264905 ], [ -71.047754524951571, 42.33448249247725 ], [ -71.047507526071058, 42.334599492057329 ], [ -71.047474525503276, 42.334238492046431 ], [ -71.04744952399416, 42.333646492176371 ], [ -71.047455521990059, 42.332966492316622 ], [ -71.047448520870759, 42.332313492409014 ], [ -71.047404519676974, 42.331735492743263 ], [ -71.047414517843663, 42.331245492552256 ], [ -71.047383516624848, 42.330419492335636 ], [ -71.047959515764376, 42.330399491915578 ], [ -71.048168515049994, 42.330392491532457 ], [ -71.048906512827287, 42.330357490031766 ], [ -71.049346511425526, 42.330345489295745 ], [ -71.049506511368335, 42.330341489596258 ], [ -71.049870511403057, 42.330324488650092 ], [ -71.050130509582445, 42.330298488195687 ], [ -71.050418509324317, 42.330213488555955 ], [ -71.050753508364608, 42.330110487628012 ], [ -71.051148507223175, 42.329939487354459 ], [ -71.051238506704181, 42.329898487089395 ], [ -71.051414506126051, 42.329797487089586 ], [ -71.051524505587423, 42.329712486992705 ], [ -71.051617505169318, 42.329647486317754 ], [ -71.051722505128325, 42.32958648645301 ], [ -71.051820504141119, 42.329574486665521 ], [ -71.052115503849024, 42.329624486149285 ], [ -71.051874503984379, 42.329500486558167 ], [ -71.05182650401494, 42.329435486227119 ], [ -71.0518105038378, 42.329374486379315 ], [ -71.051815503819867, 42.329313486452776 ], [ -71.051845504217297, 42.329246486252138 ], [ -71.051929502995037, 42.329148485875479 ], [ -71.052016502704234, 42.329089486281731 ], [ -71.052118502760109, 42.329061485549104 ], [ -71.052233502488718, 42.329058486172663 ], [ -71.052353502449989, 42.329079485551894 ], [ -71.052468502153317, 42.329116485226059 ], [ -71.052500502778557, 42.329142485194396 ], [ -71.052582502577764, 42.329206484967884 ], [ -71.05265850288481, 42.329356485595284 ], [ -71.052702504139035, 42.330035484942705 ], [ -71.05272150437861, 42.330213485360417 ], [ -71.052765504463636, 42.33048748528595 ], [ -71.052801504557308, 42.330634485256702 ], [ -71.052839505284169, 42.330785484904908 ], [ -71.052963505360736, 42.331127484556539 ], [ -71.053049506261488, 42.331318484509936 ], [ -71.05307050627566, 42.331364484842418 ], [ -71.053150506048311, 42.331520484874126 ] ] ] ] } },
{ "type": "Feature", "properties": { "geoid": "25025070700", "neighborhood": "South End", "sales": 1111, "median_price": 723600.0, "investor_share": 0.17011701170117011, "large_inst_share": 0.023402340234023402, "small_med_share": 0.1467146714671467, "flip_rate": 0.067506750675067506, "buy_flip_rate": 0.067506750675067506, "condo_share": 0.93429342934293425, "r23_share": 0.015301530153015301, "hold_score": 1.1896642796054711, "flip_score": -2.8511856052787015, "dominant": "holding", "policy_fit": "Transfer fee on high-value sales", "r_mhi": 84125.0, "pct_nonwhite": 0.45706371191135731, "pct_black": 0.19232291254451919, "pct_latino": 0.094578551642263559, "percent_owners": 58.1 }, "geometry": { "type": "MultiPolygon", "coordinates": [ [ [ [ -71.080081474233367, 42.344219449998839 ], [ -71.079465476080827, 42.344710450740045 ], [ -71.079388476401135, 42.344764451417838 ], [ -71.078746479452107, 42.345277451785478 ], [ -71.078377480824898, 42.345580452580649 ], [ -71.078085482017514, 42.345821453339269 ], [ -71.077772483741455, 42.346042453703937 ], [ -71.077052485533116, 42.346564454628627 ], [ -71.076644486962479, 42.346860455200854 ], [ -71.076027489414614, 42.34730945583464 ], [ -71.075932489848412, 42.347363456264389 ], [ -71.076031490667276, 42.347577455989409 ], [ -71.076121490382391, 42.347762455556001 ], [ -71.076200490614838, 42.347911455960237 ], [ -71.076380491449584, 42.348306455822659 ], [ -71.075387493633116, 42.348575456929645 ], [ -71.075208493284606, 42.3482014567183 ], [ -71.075162493957251, 42.348159456574521 ], [ -71.075129493608316, 42.348154456906023 ], [ -71.075095494029199, 42.348159456679888 ], [ -71.07411349625437, 42.348439458394644 ], [ -71.073578498230674, 42.34858445888559 ], [ -71.072818499977316, 42.34879045987136 ], [ -71.072264502240444, 42.348950460885867 ], [ -71.071999502824497, 42.34902246093467 ], [ -71.07181450294263, 42.348677461198157 ], [ -71.072617499173035, 42.347992460600238 ], [ -71.072657498998254, 42.34795946046053 ], [ -71.072691498603959, 42.347931459845931 ], [ -71.072814498450811, 42.34783345987087 ], [ -71.073040497030547, 42.347653459999478 ], [ -71.073284497027743, 42.347458459174852 ], [ -71.07353049508562, 42.347262458711015 ], [ -71.075252488683049, 42.345884456430049 ], [ -71.075218488085468, 42.345817456256817 ], [ -71.075209488426964, 42.345799456786935 ], [ -71.075090488387303, 42.345567456650841 ], [ -71.074871487631412, 42.345105457316222 ], [ -71.07473548696332, 42.344827457404648 ], [ -71.074631486613484, 42.344605457720739 ], [ -71.074487486995437, 42.344297457153061 ], [ -71.074965485687429, 42.344166456539739 ], [ -71.075687483538786, 42.343984456053761 ], [ -71.07593548233551, 42.343915455737509 ], [ -71.076797480145402, 42.343679454352873 ], [ -71.077118479561832, 42.343601454253033 ], [ -71.077386478266988, 42.343535453895086 ], [ -71.077521477399955, 42.343466453550548 ], [ -71.07766947794434, 42.343372452844484 ], [ -71.078045476790138, 42.343290453132013 ], [ -71.07819947564559, 42.343266452599309 ], [ -71.07827947538722, 42.343335452684308 ], [ -71.078560475551271, 42.343211451795085 ], [ -71.078980475002908, 42.343471451354723 ], [ -71.079093475209945, 42.343541451243226 ], [ -71.07962447426253, 42.343905450313784 ], [ -71.079971473608396, 42.344150450574837 ], [ -71.080081474233367, 42.344219449998839 ] ] ] ] } },
{ "type": "Feature", "properties": { "geoid": "25025110201", "neighborhood": "Roslindale", "sales": 403, "median_price": 290000.0, "investor_share": 0.25310173697270472, "large_inst_share": 0.10918114143920596, "small_med_share": 0.14392059553349876, "flip_rate": 0.10918114143920596, "buy_flip_rate": 0.10918114143920596, "condo_share": 0.25806451612903225, "r23_share": 0.19602977667493796, "hold_score": -2.2200915784894484, "flip_score": 1.0713310580556068, "dominant": "flipping", "policy_fit": "TOPA / anti-flip / stabilization", "r_mhi": 41382.0, "pct_nonwhite": 0.83787661406025826, "pct_black": 0.35150645624103299, "pct_latino": 0.39741750358680056, "percent_owners": 73.0 }, "geometry": { "type": "MultiPolygon", "coordinates": [ [ [ [ -71.119992238189667, 42.27881938720563 ], [ -71.119842239471055, 42.279542387801321 ], [ -71.119711241477276, 42.280288387998404 ], [ -71.119671243351803, 42.280847387558467 ], [ -71.119633244599413, 42.281482388179612 ], [ -71.119617247307971, 42.282685388327458 ], [ -71.119587250594407, 42.283910388435743 ], [ -71.119564252740261, 42.285017389065615 ], [ -71.119548253614965, 42.285511389214385 ], [ -71.118816255099816, 42.28550139019967 ], [ -71.118857254332866, 42.285306389410287 ], [ -71.118908253840331, 42.284960389853012 ], [ -71.118531254628493, 42.284750390572619 ], [ -71.118192254591435, 42.284526390558995 ], [ -71.117869255189618, 42.284300390946633 ], [ -71.117206255270503, 42.283855391581376 ], [ -71.116841254998363, 42.283602392199811 ], [ -71.116646255809499, 42.283482392415095 ], [ -71.116426255530754, 42.283336392749845 ], [ -71.116006255860427, 42.283078393157894 ], [ -71.114983256514932, 42.28242339443198 ], [ -71.114852257212803, 42.282357394528141 ], [ -71.113673257894135, 42.28161539684266 ], [ -71.113607258396001, 42.281582396722364 ], [ -71.113244258389983, 42.281351396728333 ], [ -71.112463259058799, 42.280755398472621 ], [ -71.112277258651375, 42.280585397971322 ], [ -71.112218259464001, 42.280499398226624 ], [ -71.112207259168983, 42.280339397998631 ], [ -71.11223125813062, 42.280214398111447 ], [ -71.112338258531267, 42.280281397757776 ], [ -71.113430254895832, 42.279941396758993 ], [ -71.113593254285504, 42.28004139604883 ], [ -71.113562254055466, 42.279644395982189 ], [ -71.113552254093747, 42.279589396158443 ], [ -71.113661253908589, 42.279453396501431 ], [ -71.113803252604853, 42.279311396393979 ], [ -71.11449724955159, 42.278592395017732 ], [ -71.11460124921868, 42.278473394306971 ], [ -71.114699249155592, 42.278390394508605 ], [ -71.115234246705654, 42.278093393717384 ], [ -71.11534124653474, 42.278039393459132 ], [ -71.116376246475326, 42.278859392358164 ], [ -71.116631246165412, 42.279001391990057 ], [ -71.116593245744824, 42.27873539225142 ], [ -71.116502244904169, 42.278508392293737 ], [ -71.116380244493755, 42.278340391854329 ], [ -71.116172244984313, 42.278096392156549 ], [ -71.115973244980154, 42.277854392906235 ], [ -71.11584724416528, 42.277642392389332 ], [ -71.115774244341054, 42.277475393258122 ], [ -71.115733244092581, 42.277295392677161 ], [ -71.115852242903713, 42.27719739283409 ], [ -71.115974243119211, 42.277164392187778 ], [ -71.116263241629497, 42.277060392243492 ], [ -71.11732023873347, 42.276634390787379 ], [ -71.117206237165959, 42.275871390205715 ], [ -71.117782237110646, 42.276092390212341 ], [ -71.118521235507529, 42.276420388538739 ], [ -71.118955235714438, 42.276620388671311 ], [ -71.119533234626346, 42.276868387442015 ], [ -71.11940423600295, 42.277431387905708 ], [ -71.119175238879578, 42.278637388024435 ], [ -71.119325238732259, 42.278663387932291 ], [ -71.119685238811115, 42.278773387899726 ], [ -71.11994023793828, 42.278815387138202 ], [ -71.119992238189667, 42.27881938720563 ] ] ] ] } },
{ "type": "Feature", "properties": { "geoid": "25025080500", "neighborhood": "Roxbury", "sales": 277, "median_price": 471500.0, "investor_share": 0.30324909747292417, "large_inst_share": 0.10469314079422383, "small_med_share": 0.19855595667870035, "flip_rate": 0.11191335740072202, "buy_flip_rate": 0.10108303249097472, "condo_share": 0.4296028880866426, "r23_share": 0.1263537906137184, "hold_score": -1.1826299888787479, "flip_score": 0.49168836203894456, "dominant": "flipping", "policy_fit": "TOPA / anti-flip / stabilization", "r_mhi": 38625.0, "pct_nonwhite": 0.9063260340632604, "pct_black": 0.37530413625304138, "pct_latino": 0.41727493917274938, "percent_owners": 67.3 }, "geometry": { "type": "MultiPolygon", "coordinates": [ [ [ [ -71.088493434594497, 42.334896438161202 ], [ -71.087805436271566, 42.335236438881871 ], [ -71.087508437971877, 42.335372439238846 ], [ -71.087050439078382, 42.335616439863877 ], [ -71.087030439037122, 42.335627439860509 ], [ -71.08698943920156, 42.335654440085499 ], [ -71.086976439620713, 42.335662440225747 ], [ -71.086945439710291, 42.335681440325835 ], [ -71.086385441928527, 42.33601844047633 ], [ -71.085978442657449, 42.336249441735198 ], [ -71.085380444945486, 42.336571442634771 ], [ -71.084843446886609, 42.336863443182203 ], [ -71.084337448074862, 42.337145443865566 ], [ -71.083982449448527, 42.337340444084973 ], [ -71.083796449980639, 42.337445444878306 ], [ -71.083377452437333, 42.337681445049569 ], [ -71.083286452454644, 42.337733444924481 ], [ -71.083232452771043, 42.337761445546541 ], [ -71.082982453567837, 42.337893445161527 ], [ -71.082476455329285, 42.338154446409575 ], [ -71.081968456173996, 42.338416447386848 ], [ -71.08156145744617, 42.338098447553683 ], [ -71.080937456843102, 42.337656447867573 ], [ -71.080202458418938, 42.337166449186377 ], [ -71.079265458250916, 42.336538450788957 ], [ -71.078717460279833, 42.336879451300241 ], [ -71.078110460593138, 42.336394451656645 ], [ -71.077620460884717, 42.336001452806862 ], [ -71.078041458987357, 42.335696451680612 ], [ -71.078424457328964, 42.335388451282363 ], [ -71.078538457334687, 42.335297451445051 ], [ -71.07874145644837, 42.335133451266806 ], [ -71.078826455719735, 42.33506545096084 ], [ -71.079344454157606, 42.334654450281349 ], [ -71.079515453104406, 42.33450845009763 ], [ -71.079912451261606, 42.334182449500886 ], [ -71.080296449545926, 42.333796448577012 ], [ -71.080432449791985, 42.333630448885074 ], [ -71.080624448267315, 42.33336744845716 ], [ -71.080942446885729, 42.332931448060023 ], [ -71.08111244676509, 42.333009447723938 ], [ -71.081639445881876, 42.33328644657783 ], [ -71.082523444945849, 42.333795445334289 ], [ -71.083371444214023, 42.334266444902696 ], [ -71.083945443592924, 42.334550443733193 ], [ -71.084317443287247, 42.334713443033785 ], [ -71.084545442617184, 42.33480144328319 ], [ -71.084605443230032, 42.334822443308035 ], [ -71.085148441383893, 42.335014442783297 ], [ -71.085344441626631, 42.335071442318679 ], [ -71.08536044181227, 42.334958441996307 ], [ -71.085689439874074, 42.334801441556792 ], [ -71.085762439890814, 42.334782441831926 ], [ -71.085822439659125, 42.334729441556043 ], [ -71.086173437746325, 42.334289441320109 ], [ -71.086882437145647, 42.334590439637203 ], [ -71.086962436687173, 42.334603440034549 ], [ -71.086990436310359, 42.334603439759071 ], [ -71.087030437254228, 42.334591440241624 ], [ -71.087461435043608, 42.33412643948224 ], [ -71.087755434575499, 42.334300438408761 ], [ -71.088252434193706, 42.334582438066917 ], [ -71.088319434551138, 42.334637438301705 ], [ -71.088406434041005, 42.334738437663304 ], [ -71.088493434594497, 42.334896438161202 ] ] ] ] } },
{ "type": "Feature", "properties": { "geoid": "25025140202", "neighborhood": "Hyde Park", "sales": 1334, "median_price": 350000.0, "investor_share": 0.14767616191904048, "large_inst_share": 0.068965517241379309, "small_med_share": 0.078710644677661173, "flip_rate": 0.08395802098950525, "buy_flip_rate": 0.095952023988005994, "condo_share": 0.070464767616191901, "r23_share": 0.24962518740629686, "hold_score": -2.9601136259972969, "flip_score": 0.037007276344207585, "dominant": "flipping", "policy_fit": "TOPA / anti-flip / stabilization", "r_mhi": 61681.0, "pct_nonwhite": 0.65487637362637363, "pct_black": 0.32984203296703296, "pct_latino": 0.24467719780219779, "percent_owners": 71.5 }, "geometry": { "type": "MultiPolygon", "coordinates": [ [ [ [ -71.12623215259589, 42.242667337364011 ], [ -71.126205154322705, 42.244626346602104 ], [ -71.126183154928768, 42.244875348315269 ], [ -71.126137154301261, 42.245179349412098 ], [ -71.126065155371208, 42.24547935127034 ], [ -71.125944155955509, 42.245853353133334 ], [ -71.125841156217248, 42.246093355155232 ], [ -71.125712156836485, 42.246364356536873 ], [ -71.125546157492025, 42.246652358377496 ], [ -71.125409158253305, 42.246866358845445 ], [ -71.12524515901589, 42.247078360584574 ], [ -71.12506515967965, 42.24729636175249 ], [ -71.124842159898222, 42.247607363992643 ], [ -71.12451016089824, 42.247966366158543 ], [ -71.124179162263729, 42.248303367895069 ], [ -71.124114162561355, 42.248354368545613 ], [ -71.123539163840022, 42.248946372611435 ], [ -71.123038165923177, 42.249466375624273 ], [ -71.122438167135869, 42.250058379113234 ], [ -71.1226441674429, 42.250260379296463 ], [ -71.122689168239972, 42.250288379051732 ], [ -71.122700167728226, 42.250299379131242 ], [ -71.122814167935914, 42.250421378814835 ], [ -71.122838167450396, 42.250485378563937 ], [ -71.122826168320273, 42.250553379006099 ], [ -71.12275216785838, 42.250651378438462 ], [ -71.122542169646735, 42.250902379389373 ], [ -71.122449169618534, 42.251048379099281 ], [ -71.122436170396782, 42.251153379745773 ], [ -71.122460170460215, 42.251235379414418 ], [ -71.122533170385623, 42.2513503788321 ], [ -71.12263917104363, 42.251500378940435 ], [ -71.122771170127223, 42.25168937921989 ], [ -71.12288317037148, 42.251849378700584 ], [ -71.12272817098976, 42.251904379039949 ], [ -71.122592171087888, 42.25194237897577 ], [ -71.122220172527904, 42.252029379876141 ], [ -71.122126172291047, 42.252047380217427 ], [ -71.121933173930856, 42.252069379744732 ], [ -71.121594173997678, 42.252097380252792 ], [ -71.121255175252699, 42.252114380709436 ], [ -71.120969175109991, 42.252120381354793 ], [ -71.120868175663333, 42.252118381549842 ], [ -71.12062917693008, 42.252113381672963 ], [ -71.120485177084831, 42.252133382557837 ], [ -71.120394177201248, 42.252158382283383 ], [ -71.12026317720921, 42.252205382857568 ], [ -71.120224178130513, 42.252227382572592 ], [ -71.119969178702831, 42.252404383177449 ], [ -71.119872178727903, 42.252473383166986 ], [ -71.11919418129628, 42.252934384206235 ], [ -71.119055181952689, 42.253033384742096 ], [ -71.118893182522413, 42.253161385122802 ], [ -71.118792182794564, 42.253241385285811 ], [ -71.118729183142932, 42.253295384585265 ], [ -71.118601184599797, 42.253447385261367 ], [ -71.118568184788771, 42.253514385484756 ], [ -71.118491185377948, 42.253720385649089 ], [ -71.118445184622132, 42.253823385550923 ], [ -71.118399186058951, 42.2539243858578 ], [ -71.1183551855069, 42.253988385656655 ], [ -71.118283185629323, 42.254049385301506 ], [ -71.11819718650564, 42.254123385620147 ], [ -71.117943186966571, 42.254340386574604 ], [ -71.117710187864319, 42.254523386536874 ], [ -71.117339189778932, 42.254805386901531 ], [ -71.11721818995143, 42.254917387077285 ], [ -71.117056190550144, 42.255050387854034 ], [ -71.116131194181051, 42.255732388962159 ], [ -71.116002195472589, 42.255838389381523 ], [ -71.115857195467143, 42.255981389177073 ], [ -71.115735196886419, 42.256136389402101 ], [ -71.115698196959841, 42.256202389562702 ], [ -71.115574197709449, 42.256394390034458 ], [ -71.115563196945686, 42.256428390220186 ], [ -71.115429198227289, 42.25665538980396 ], [ -71.115419198382213, 42.256690389965279 ], [ -71.115416198603384, 42.25672539015445 ], [ -71.115443198320733, 42.256830390603035 ], [ -71.115458199315597, 42.256864390492787 ], [ -71.115464198296451, 42.25687339023559 ], [ -71.115487199262901, 42.256905390311275 ], [ -71.115502199163174, 42.256927390001557 ], [ -71.115529199323248, 42.256995390518249 ], [ -71.115523198641114, 42.257066390234364 ], [ -71.115512198943165, 42.25710138975537 ], [ -71.115468199325804, 42.257164389988461 ], [ -71.115233200690653, 42.257390390343367 ], [ -71.11520420114077, 42.257418390875294 ], [ -71.11511120083334, 42.257501390983016 ], [ -71.114774201918749, 42.257758390955189 ], [ -71.114702203019135, 42.257806391511373 ], [ -71.114626202248985, 42.257850391138227 ], [ -71.114387203396291, 42.258028391784919 ], [ -71.114245204231565, 42.258162392018427 ], [ -71.114178204586182, 42.258225391936655 ], [ -71.114146204626238, 42.258252392684973 ], [ -71.113987205548611, 42.258386392211683 ], [ -71.113717206027985, 42.258592393050421 ], [ -71.11342920762354, 42.258784393235537 ], [ -71.11325920796321, 42.25892639356686 ], [ -71.113152208894661, 42.25882739389003 ], [ -71.113121208141081, 42.258797393904764 ], [ -71.113106208271716, 42.25878339403468 ], [ -71.113008208276469, 42.258689394221115 ], [ -71.112950208732158, 42.258634394444591 ], [ -71.112619207952847, 42.258321394441801 ], [ -71.112576208811873, 42.258278394826753 ], [ -71.112496208398639, 42.258197394476404 ], [ -71.112467208705397, 42.258176395123591 ], [ -71.112432208933413, 42.25815039502244 ], [ -71.112400208826003, 42.25812339488791 ], [ -71.112391208051363, 42.258116394341791 ], [ -71.112368208426531, 42.2580803944916 ], [ -71.111390208223227, 42.257152395632545 ], [ -71.110857208087921, 42.256654396883732 ], [ -71.110430208288989, 42.256250396985578 ], [ -71.109731209137919, 42.255589398119469 ], [ -71.109543208549553, 42.255412398904475 ], [ -71.109526207417503, 42.254755398499903 ], [ -71.109523207148357, 42.254655398351943 ], [ -71.109500205220229, 42.253782398151642 ], [ -71.109487204264695, 42.253327397873257 ], [ -71.109464202927043, 42.25241039849724 ], [ -71.109461201873231, 42.252105398189336 ], [ -71.109427198836613, 42.251014398248415 ], [ -71.109406197975687, 42.250234397959034 ], [ -71.109376196625178, 42.249121393556493 ], [ -71.109364195197983, 42.24855139080762 ], [ -71.1093581956695, 42.248389389711114 ], [ -71.109348195080244, 42.248040388107462 ], [ -71.109346194845244, 42.247990387826086 ], [ -71.109930193178172, 42.247685385847163 ], [ -71.110285192332512, 42.247503384506551 ], [ -71.110936190266131, 42.247177381661274 ], [ -71.111776188572591, 42.246734378357402 ], [ -71.112056187088854, 42.246585377357711 ], [ -71.112163187526562, 42.246529376443142 ], [ -71.112613185511321, 42.246296375329656 ], [ -71.112984184945319, 42.24610437302087 ], [ -71.113267184396477, 42.245948372043891 ], [ -71.113448183439615, 42.245863371516151 ], [ -71.114459181324079, 42.245338367094348 ], [ -71.114562180052772, 42.245284367212079 ], [ -71.114648180579735, 42.245241366949557 ], [ -71.115070179447017, 42.245022364763017 ], [ -71.115201178472219, 42.244955364898111 ], [ -71.115397177905692, 42.244852363879673 ], [ -71.116154176491563, 42.244460360315621 ], [ -71.116408174940844, 42.24432835964992 ], [ -71.116528175174224, 42.244274358969989 ], [ -71.119422167741789, 42.242765347169815 ], [ -71.119643166228244, 42.242650346742522 ], [ -71.119933165444095, 42.242501345251483 ], [ -71.120521164547128, 42.242195342916389 ], [ -71.121388162048561, 42.241742339820725 ], [ -71.12211616040122, 42.241369336601323 ], [ -71.122547158983295, 42.24114433505941 ], [ -71.125669150596593, 42.23952732274379 ], [ -71.125771150635813, 42.239845323635386 ], [ -71.125844150663227, 42.240093325089418 ], [ -71.125912151171761, 42.240327326528799 ], [ -71.126062150915416, 42.240951328920325 ], [ -71.126183151092903, 42.241615332092834 ], [ -71.126235151378367, 42.24212033487472 ], [ -71.12623215259589, 42.242667337364011 ] ] ] ] } },
{ "type": "Feature", "properties": { "geoid": "25025140300", "neighborhood": "Hyde Park", "sales": 1452, "median_price": 337000.0, "investor_share": 0.28856749311294766, "large_inst_share": 0.13498622589531681, "small_med_share": 0.15358126721763085, "flip_rate": 0.11570247933884298, "buy_flip_rate": 0.12121212121212122, "condo_share": 0.19903581267217632, "r23_share": 0.34779614325068869, "hold_score": -0.75584185929260972, "flip_score": 2.5768061068969623, "dominant": "flipping", "policy_fit": "TOPA / anti-flip / stabilization", "r_mhi": 0.0, "pct_nonwhite": 0.86555604267134301, "pct_black": 0.53792196405085491, "pct_latino": 0.26976472307467486, "percent_owners": 65.0 }, "geometry": { "type": "MultiPolygon", "coordinates": [ [ [ [ -71.130114153364019, 42.251171368523416 ], [ -71.129604154733855, 42.251472368672992 ], [ -71.128816157270379, 42.25190836986345 ], [ -71.128603157637016, 42.252043370216249 ], [ -71.128532158389461, 42.252078370537511 ], [ -71.128372158571381, 42.252201370602343 ], [ -71.128218160038742, 42.252341371459302 ], [ -71.128052160227824, 42.252533371890856 ], [ -71.127862161418363, 42.252739371527319 ], [ -71.127731162410569, 42.252917371667387 ], [ -71.127540163215912, 42.253290372650405 ], [ -71.127421163534123, 42.253483372632701 ], [ -71.127326165136608, 42.253648372491924 ], [ -71.127156165014441, 42.253834373380784 ], [ -71.126804167568494, 42.254134373894509 ], [ -71.126720167740203, 42.254191373963117 ], [ -71.126650167044076, 42.254239374090908 ], [ -71.126390168467253, 42.254399373916605 ], [ -71.126141169152802, 42.254561374322897 ], [ -71.126017170325895, 42.254666374979905 ], [ -71.125880170252003, 42.254842374558805 ], [ -71.125808171279118, 42.255008375361278 ], [ -71.125778172091486, 42.255171375384329 ], [ -71.125635172977326, 42.255460375105386 ], [ -71.125591172905189, 42.255613375646703 ], [ -71.125306173221503, 42.25565337607491 ], [ -71.125062175739515, 42.256239376297323 ], [ -71.1248641771747, 42.256756376346644 ], [ -71.124707178419783, 42.257227377375052 ], [ -71.124494180430617, 42.258062377082886 ], [ -71.124298183009074, 42.259015378277994 ], [ -71.123909187640081, 42.26055137865162 ], [ -71.123817189169301, 42.261128378677014 ], [ -71.123708191470854, 42.261674379384743 ], [ -71.123564192852342, 42.262206379838993 ], [ -71.123365195042183, 42.263248380322693 ], [ -71.123309196066288, 42.263508380455683 ], [ -71.122971195724645, 42.263348380377224 ], [ -71.122895196257744, 42.263291380179361 ], [ -71.122035197654796, 42.262921381472047 ], [ -71.121601197507431, 42.262756382545263 ], [ -71.120809199255746, 42.262483383190151 ], [ -71.120418199668563, 42.262352383982552 ], [ -71.119968200153238, 42.262222384776869 ], [ -71.119704200745687, 42.262142385060692 ], [ -71.119483200873788, 42.262080385636878 ], [ -71.118956202760671, 42.261923385589725 ], [ -71.118373206794502, 42.263218386607754 ], [ -71.118191207344083, 42.263569387200853 ], [ -71.118037208853991, 42.263905387869784 ], [ -71.117968209179978, 42.263923387820036 ], [ -71.117918209377393, 42.263967387822596 ], [ -71.117879209392143, 42.264024387890103 ], [ -71.117882210123923, 42.264168388223901 ], [ -71.117936209436252, 42.264297388025668 ], [ -71.118026209934499, 42.264354387641148 ], [ -71.117998210115942, 42.264580387330788 ], [ -71.118025210780971, 42.26477538781473 ], [ -71.118117212560009, 42.265437387436613 ], [ -71.1182532135457, 42.266369387843518 ], [ -71.118269214572621, 42.266595387860832 ], [ -71.11808821518089, 42.266649388008872 ], [ -71.117563216826539, 42.266785389136345 ], [ -71.116871218441887, 42.266974389311443 ], [ -71.116426219755311, 42.267112390497473 ], [ -71.115893221190561, 42.267292391208372 ], [ -71.115393222297087, 42.267467391596334 ], [ -71.114846224542219, 42.267669392658732 ], [ -71.113675227341318, 42.268095394417152 ], [ -71.112827230830277, 42.268417395926619 ], [ -71.112388232150337, 42.268564396654909 ], [ -71.111343235122845, 42.268952398092203 ], [ -71.110994235704993, 42.269039398200206 ], [ -71.111485231996923, 42.267964397508656 ], [ -71.111626231251009, 42.26761239759233 ], [ -71.111648231573128, 42.267484397254265 ], [ -71.111621231309528, 42.267359397643688 ], [ -71.111435230133125, 42.267033397503006 ], [ -71.111130230770101, 42.266554397952504 ], [ -71.110827229513603, 42.266065398306054 ], [ -71.110714229770196, 42.26590439826542 ], [ -71.110329229118847, 42.265365399057572 ], [ -71.11014322867625, 42.265075398981146 ], [ -71.109861229404558, 42.264660399172591 ], [ -71.109586228706334, 42.264269399354582 ], [ -71.109490228985976, 42.264103399687009 ], [ -71.109236227860052, 42.263762400420902 ], [ -71.108851228118226, 42.263194400695589 ], [ -71.10863822732999, 42.262878400671035 ], [ -71.108419228079441, 42.262591401147262 ], [ -71.108315227382164, 42.262667401559128 ], [ -71.108161228768594, 42.262781401627485 ], [ -71.107771229606726, 42.26296640166639 ], [ -71.107742230277779, 42.262975402043907 ], [ -71.107258229882277, 42.262286402397116 ], [ -71.106902229428613, 42.261928403255688 ], [ -71.107318228301381, 42.261701402998916 ], [ -71.107727226444709, 42.261480402179622 ], [ -71.108084225359619, 42.26129740180437 ], [ -71.108272224926608, 42.261191400850812 ], [ -71.108361223969581, 42.261141400586745 ], [ -71.108387224564993, 42.261126400991735 ], [ -71.108404224181214, 42.261116400719722 ], [ -71.108472224552017, 42.261173400426223 ], [ -71.108681224264458, 42.261263400456308 ], [ -71.108953222806505, 42.261296400105621 ], [ -71.109149222430929, 42.261294399534613 ], [ -71.109234222555301, 42.261278399464985 ], [ -71.109283222892216, 42.261279399820801 ], [ -71.109513222017341, 42.261275399444393 ], [ -71.109609221451976, 42.261267398795411 ], [ -71.109847221340857, 42.261234399063788 ], [ -71.109985220495375, 42.261200398543075 ], [ -71.110081220118772, 42.261188398339897 ], [ -71.110223220295325, 42.261163397971899 ], [ -71.11032421981281, 42.261132398260493 ], [ -71.110464219707524, 42.26112439759595 ], [ -71.110753219137592, 42.261041397544957 ], [ -71.111100217902845, 42.260916396678084 ], [ -71.111459216867388, 42.260769396754476 ], [ -71.111658216287694, 42.260631396375672 ], [ -71.111866214348524, 42.26041039620138 ], [ -71.112144213491462, 42.260040395425229 ], [ -71.112353212796464, 42.259838395102612 ], [ -71.112560211896309, 42.25961939436506 ], [ -71.112757210351731, 42.259457394854657 ], [ -71.113004209620016, 42.259255394488854 ], [ -71.113275208855185, 42.259031393471084 ], [ -71.113325207877111, 42.258990393468643 ], [ -71.11325920796321, 42.25892639356686 ], [ -71.11342920762354, 42.258784393235537 ], [ -71.113717206027985, 42.258592393050421 ], [ -71.113987205548611, 42.258386392211683 ], [ -71.114146204626238, 42.258252392684973 ], [ -71.114178204586182, 42.258225391936655 ], [ -71.114245204231565, 42.258162392018427 ], [ -71.114387203396291, 42.258028391784919 ], [ -71.114626202248985, 42.257850391138227 ], [ -71.114702203019135, 42.257806391511373 ], [ -71.114774201918749, 42.257758390955189 ], [ -71.11511120083334, 42.257501390983016 ], [ -71.11520420114077, 42.257418390875294 ], [ -71.115233200690653, 42.257390390343367 ], [ -71.115468199325804, 42.257164389988461 ], [ -71.115512198943165, 42.25710138975537 ], [ -71.115523198641114, 42.257066390234364 ], [ -71.115529199323248, 42.256995390518249 ], [ -71.115502199163174, 42.256927390001557 ], [ -71.115487199262901, 42.256905390311275 ], [ -71.115464198296451, 42.25687339023559 ], [ -71.115458199315597, 42.256864390492787 ], [ -71.115443198320733, 42.256830390603035 ], [ -71.115416198603384, 42.25672539015445 ], [ -71.115419198382213, 42.256690389965279 ], [ -71.115429198227289, 42.25665538980396 ], [ -71.115563196945686, 42.256428390220186 ], [ -71.115574197709449, 42.256394390034458 ], [ -71.115698196959841, 42.256202389562702 ], [ -71.115735196886419, 42.256136389402101 ], [ -71.115857195467143, 42.255981389177073 ], [ -71.116002195472589, 42.255838389381523 ], [ -71.116131194181051, 42.255732388962159 ], [ -71.117056190550144, 42.255050387854034 ], [ -71.11721818995143, 42.254917387077285 ], [ -71.117339189778932, 42.254805386901531 ], [ -71.117710187864319, 42.254523386536874 ], [ -71.117943186966571, 42.254340386574604 ], [ -71.11819718650564, 42.254123385620147 ], [ -71.118283185629323, 42.254049385301506 ], [ -71.1183551855069, 42.253988385656655 ], [ -71.118399186058951, 42.2539243858578 ], [ -71.118445184622132, 42.253823385550923 ], [ -71.118491185377948, 42.253720385649089 ], [ -71.118568184788771, 42.253514385484756 ], [ -71.118601184599797, 42.253447385261367 ], [ -71.118729183142932, 42.253295384585265 ], [ -71.118792182794564, 42.253241385285811 ], [ -71.118893182522413, 42.253161385122802 ], [ -71.119055181952689, 42.253033384742096 ], [ -71.11919418129628, 42.252934384206235 ], [ -71.119872178727903, 42.252473383166986 ], [ -71.119969178702831, 42.252404383177449 ], [ -71.120224178130513, 42.252227382572592 ], [ -71.12026317720921, 42.252205382857568 ], [ -71.120394177201248, 42.252158382283383 ], [ -71.120485177084831, 42.252133382557837 ], [ -71.12062917693008, 42.252113381672963 ], [ -71.120868175663333, 42.252118381549842 ], [ -71.120969175109991, 42.252120381354793 ], [ -71.121255175252699, 42.252114380709436 ], [ -71.121594173997678, 42.252097380252792 ], [ -71.121933173930856, 42.252069379744732 ], [ -71.122126172291047, 42.252047380217427 ], [ -71.122220172527904, 42.252029379876141 ], [ -71.122592171087888, 42.25194237897577 ], [ -71.12272817098976, 42.251904379039949 ], [ -71.12288317037148, 42.251849378700584 ], [ -71.123211169348465, 42.251733378276555 ], [ -71.123304169289852, 42.251686378469152 ], [ -71.123319168643363, 42.251608378214598 ], [ -71.123332168998488, 42.251545377724973 ], [ -71.123361168445996, 42.251477378072693 ], [ -71.123399167998699, 42.251337377928174 ], [ -71.123490166965496, 42.250950377504473 ], [ -71.123549167203677, 42.250815378021862 ], [ -71.123603166807143, 42.250716377120312 ], [ -71.123706165626629, 42.250479377339111 ], [ -71.12375516575672, 42.250378377504909 ], [ -71.123822165364999, 42.250283376830602 ], [ -71.123916165300386, 42.250201376739547 ], [ -71.1240181647089, 42.250124376956869 ], [ -71.124055164002584, 42.250101376367773 ], [ -71.124138163682233, 42.250064377075127 ], [ -71.12446516339412, 42.249992375892482 ], [ -71.124506163281893, 42.249974375856148 ], [ -71.124519163280922, 42.249964376276573 ], [ -71.124636162157415, 42.249867375563412 ], [ -71.124681161926048, 42.24980437474057 ], [ -71.124729161595425, 42.24970337433146 ], [ -71.124758162146222, 42.249598373866327 ], [ -71.124766161905995, 42.249315372522169 ], [ -71.12477216176589, 42.249099371254118 ], [ -71.124805161708437, 42.248922370570064 ], [ -71.124866161223579, 42.248749369581063 ], [ -71.124874161276452, 42.248714369067677 ], [ -71.12490616076839, 42.248647368813344 ], [ -71.124912160181466, 42.248638369079401 ], [ -71.124948160129875, 42.248583368632978 ], [ -71.124996160507138, 42.248522368063732 ], [ -71.125079160307109, 42.24839436705944 ], [ -71.125410158891626, 42.248045365187004 ], [ -71.125504158259645, 42.247954364761945 ], [ -71.125579158560484, 42.247985364853392 ], [ -71.12579715777018, 42.248082364613943 ], [ -71.126384156744393, 42.248318364873249 ], [ -71.126929155870144, 42.248557365077893 ], [ -71.127373155277681, 42.24872136586287 ], [ -71.127775154741201, 42.248893365830668 ], [ -71.128281153306204, 42.249095366286745 ], [ -71.128432153754218, 42.249173366338518 ], [ -71.128991151191656, 42.247992359750917 ], [ -71.129030150811715, 42.248000359853343 ], [ -71.129099151041942, 42.248031359866694 ], [ -71.129348150769971, 42.248131360080308 ], [ -71.129511150511306, 42.248210359886812 ], [ -71.129556149344154, 42.248250360043706 ], [ -71.129575149372968, 42.248299360482378 ], [ -71.12956515036953, 42.24836936080041 ], [ -71.129454150755151, 42.248616362550415 ], [ -71.129172151375002, 42.249209365656192 ], [ -71.128996152763023, 42.249547367644979 ], [ -71.128966152841954, 42.249643368215153 ], [ -71.12896515274609, 42.249724368734817 ], [ -71.128995152352658, 42.249821368896733 ], [ -71.129098151959241, 42.249966369044969 ], [ -71.129490153027007, 42.250424369315915 ], [ -71.129539153097724, 42.250484368994528 ], [ -71.129589152783183, 42.250543368932661 ], [ -71.129651152704639, 42.25061736884804 ], [ -71.130114153364019, 42.251171368523416 ] ] ] ] } },
{ "type": "Feature", "properties": { "geoid": "25025140400", "neighborhood": "Hyde Park", "sales": 1906, "median_price": 250555.0, "investor_share": 0.21825813221406087, "large_inst_share": 0.12696747114375656, "small_med_share": 0.091290661070304299, "flip_rate": 0.11332633788037776, "buy_flip_rate": 0.11227701993704092, "condo_share": 0.32056663168940192, "r23_share": 0.16998950682056663, "hold_score": -1.8455125598203759, "flip_score": 1.1752034166385299, "dominant": "flipping", "policy_fit": "TOPA / anti-flip / stabilization", "r_mhi": 33925.0, "pct_nonwhite": 0.9372693726937269, "pct_black": 0.65708105356915636, "pct_latino": 0.21122280188319126, "percent_owners": 67.1 }, "geometry": { "type": "MultiPolygon", "coordinates": [ [ [ [ -71.124913212580708, 42.272699379036695 ], [ -71.124449214202258, 42.273001380016531 ], [ -71.123565217818097, 42.273540381743814 ], [ -71.12366521880115, 42.273820381406352 ], [ -71.122434221039569, 42.273795382901319 ], [ -71.121455223691186, 42.273776384760929 ], [ -71.121332223276198, 42.27379738417703 ], [ -71.121289223306377, 42.273823384570946 ], [ -71.121252224167776, 42.273952385053448 ], [ -71.121236223725589, 42.274097384715731 ], [ -71.121243223976208, 42.274220384751771 ], [ -71.121320224441618, 42.274378384328188 ], [ -71.121434225348352, 42.274639384333781 ], [ -71.120989228457972, 42.275646384937147 ], [ -71.120865229194791, 42.27587138567948 ], [ -71.120806229837726, 42.27606438525715 ], [ -71.120635232381417, 42.276895385812956 ], [ -71.120347235956203, 42.278190386517053 ], [ -71.120302235516064, 42.278420386740208 ], [ -71.120294236100889, 42.2785543865836 ], [ -71.120301236843744, 42.278651386730893 ], [ -71.12037723661588, 42.278776386488701 ], [ -71.120016237946743, 42.278821386917713 ], [ -71.119992238189667, 42.27881938720563 ], [ -71.11994023793828, 42.278815387138202 ], [ -71.119685238811115, 42.278773387899726 ], [ -71.119325238732259, 42.278663387932291 ], [ -71.119175238879578, 42.278637388024435 ], [ -71.11940423600295, 42.277431387905708 ], [ -71.119533234626346, 42.276868387442015 ], [ -71.118955235714438, 42.276620388671311 ], [ -71.118521235507529, 42.276420388538739 ], [ -71.117782237110646, 42.276092390212341 ], [ -71.117206237165959, 42.275871390205715 ], [ -71.11732023873347, 42.276634390787379 ], [ -71.116263241629497, 42.277060392243492 ], [ -71.115974243119211, 42.277164392187778 ], [ -71.115852242903713, 42.27719739283409 ], [ -71.115733244092581, 42.277295392677161 ], [ -71.115774244341054, 42.277475393258122 ], [ -71.11584724416528, 42.277642392389332 ], [ -71.115973244980154, 42.277854392906235 ], [ -71.116172244984313, 42.278096392156549 ], [ -71.116380244493755, 42.278340391854329 ], [ -71.116502244904169, 42.278508392293737 ], [ -71.116593245744824, 42.27873539225142 ], [ -71.116631246165412, 42.279001391990057 ], [ -71.116376246475326, 42.278859392358164 ], [ -71.11534124653474, 42.278039393459132 ], [ -71.114533247306497, 42.277371395001133 ], [ -71.114187246419348, 42.277100394854521 ], [ -71.113789246778467, 42.27685639543423 ], [ -71.113232248031096, 42.276579396383546 ], [ -71.11279624863657, 42.276357396820089 ], [ -71.112743248700355, 42.276320396692022 ], [ -71.112494248699605, 42.276201397774493 ], [ -71.11185924969152, 42.275877397748182 ], [ -71.111331250681815, 42.275625398731613 ], [ -71.111261250334408, 42.275582399297512 ], [ -71.110822250680329, 42.275348399857435 ], [ -71.110373251189912, 42.275065399982523 ], [ -71.109812252010457, 42.274765401126608 ], [ -71.109642251493895, 42.274669401376769 ], [ -71.109481252166844, 42.274577401405715 ], [ -71.109316252313761, 42.274455401176937 ], [ -71.109190252019161, 42.274363401851176 ], [ -71.108634252390104, 42.273720402782757 ], [ -71.108414251928906, 42.273505402403906 ], [ -71.108031251521481, 42.273112402853897 ], [ -71.107638251753386, 42.272697404007005 ], [ -71.107176251722933, 42.272200404017234 ], [ -71.106886252418249, 42.271967404557358 ], [ -71.106702252298859, 42.271851405312951 ], [ -71.106562252521087, 42.271768404965854 ], [ -71.106304252489366, 42.271679405670604 ], [ -71.105875252811529, 42.271567406242625 ], [ -71.105081254758062, 42.271402407065338 ], [ -71.104724254886065, 42.271328407762937 ], [ -71.103357257785163, 42.271002409304472 ], [ -71.103590256560636, 42.270617409377998 ], [ -71.10385725433585, 42.270238408786227 ], [ -71.104023253632405, 42.270029408025231 ], [ -71.104172253723036, 42.2698584079508 ], [ -71.104366252492397, 42.269534408141503 ], [ -71.104113252530922, 42.269296407952019 ], [ -71.103763252077144, 42.269003408850722 ], [ -71.103583251903316, 42.268843408665596 ], [ -71.103182253020108, 42.268500409771605 ], [ -71.102905252638593, 42.268262409473031 ], [ -71.102540252204037, 42.267958410586225 ], [ -71.102398252895071, 42.26781941083523 ], [ -71.101905252387041, 42.267390411343868 ], [ -71.101623253552333, 42.267134411443671 ], [ -71.101422253680099, 42.266977411300154 ], [ -71.101332252988826, 42.266906411512863 ], [ -71.101242252672847, 42.266829412017088 ], [ -71.100861252697882, 42.266459412818868 ], [ -71.100539252980383, 42.266148412859458 ], [ -71.100281253434602, 42.265938413116359 ], [ -71.100141252955481, 42.26582741335735 ], [ -71.099622253707352, 42.265501413650277 ], [ -71.099360253826489, 42.265319414476416 ], [ -71.099126254499012, 42.265133415110746 ], [ -71.099395252832466, 42.264989414072495 ], [ -71.099675251806957, 42.264841413765978 ], [ -71.099138251757537, 42.264299414182673 ], [ -71.098464252768011, 42.263600415850966 ], [ -71.098044252828032, 42.263175415849872 ], [ -71.097912252254289, 42.262910415919023 ], [ -71.09789825140119, 42.262882415993751 ], [ -71.098205250551743, 42.262780415869507 ], [ -71.098503250020187, 42.262724415248819 ], [ -71.098863248782749, 42.26259041443118 ], [ -71.099117247616036, 42.262373414284745 ], [ -71.099570246333428, 42.26195541351133 ], [ -71.099800245449941, 42.261768412832829 ], [ -71.10023524329938, 42.261432412365849 ], [ -71.100730242059569, 42.261070411777332 ], [ -71.101054239984066, 42.260842411172348 ], [ -71.101294239599611, 42.2606754110259 ], [ -71.101312238909657, 42.260665410767821 ], [ -71.101351238879658, 42.260643411174129 ], [ -71.101422238306696, 42.260604410469128 ], [ -71.101458238505458, 42.26058241033401 ], [ -71.101852237319562, 42.260376409831686 ], [ -71.102154236426003, 42.260191409551837 ], [ -71.102275236245177, 42.260098409113688 ], [ -71.102407235512771, 42.260023409542363 ], [ -71.102690234761127, 42.259884408991333 ], [ -71.103003233330341, 42.259785408525758 ], [ -71.10314123284904, 42.259752408358473 ], [ -71.103284233098663, 42.259730408139966 ], [ -71.103381232105619, 42.259722408049996 ], [ -71.103429232097781, 42.259725407936571 ], [ -71.103605231802803, 42.259723407216619 ], [ -71.103671231542762, 42.259723407169808 ], [ -71.103734232128403, 42.259733407251318 ], [ -71.103826231806877, 42.259756406911968 ], [ -71.103873231007739, 42.25976440706674 ], [ -71.103928231249085, 42.259781407247914 ], [ -71.103962231632835, 42.259810407218829 ], [ -71.104061231358472, 42.259862407199471 ], [ -71.104188231800109, 42.259986406582698 ], [ -71.104376230868084, 42.260204406276806 ], [ -71.104540231336102, 42.26046940637513 ], [ -71.104755231990922, 42.260664406405603 ], [ -71.105000230845079, 42.260804405909063 ], [ -71.105259230890766, 42.260856405710705 ], [ -71.105540230295091, 42.260872405185729 ], [ -71.105594230372077, 42.260862404532674 ], [ -71.105633230250021, 42.260862405182273 ], [ -71.1056612299801, 42.260862404970396 ], [ -71.105742229294194, 42.260863405042272 ], [ -71.105769229119915, 42.260863404973513 ], [ -71.105788229718371, 42.260863404456977 ], [ -71.105886228766792, 42.260863404903674 ], [ -71.106078229144956, 42.260843404131208 ], [ -71.106331228474019, 42.260798403511814 ], [ -71.10674022724649, 42.260724402835464 ], [ -71.107025226076601, 42.260679403095715 ], [ -71.107460225296492, 42.260652401974767 ], [ -71.107604225029903, 42.260674402275541 ], [ -71.107925224860267, 42.260788401264243 ], [ -71.108125224242201, 42.260881401131876 ], [ -71.108336223932739, 42.261059400972314 ], [ -71.108404224181214, 42.261116400719722 ], [ -71.108387224564993, 42.261126400991735 ], [ -71.108361223969581, 42.261141400586745 ], [ -71.108272224926608, 42.261191400850812 ], [ -71.108084225359619, 42.26129740180437 ], [ -71.107727226444709, 42.261480402179622 ], [ -71.107318228301381, 42.261701402998916 ], [ -71.106902229428613, 42.261928403255688 ], [ -71.107258229882277, 42.262286402397116 ], [ -71.107742230277779, 42.262975402043907 ], [ -71.107771229606726, 42.26296640166639 ], [ -71.108161228768594, 42.262781401627485 ], [ -71.108315227382164, 42.262667401559128 ], [ -71.108419228079441, 42.262591401147262 ], [ -71.10863822732999, 42.262878400671035 ], [ -71.108851228118226, 42.263194400695589 ], [ -71.109236227860052, 42.263762400420902 ], [ -71.109490228985976, 42.264103399687009 ], [ -71.109586228706334, 42.264269399354582 ], [ -71.109861229404558, 42.264660399172591 ], [ -71.11014322867625, 42.265075398981146 ], [ -71.110329229118847, 42.265365399057572 ], [ -71.110714229770196, 42.26590439826542 ], [ -71.110827229513603, 42.266065398306054 ], [ -71.111130230770101, 42.266554397952504 ], [ -71.111435230133125, 42.267033397503006 ], [ -71.111621231309528, 42.267359397643688 ], [ -71.111648231573128, 42.267484397254265 ], [ -71.111626231251009, 42.26761239759233 ], [ -71.111485231996923, 42.267964397508656 ], [ -71.110994235704993, 42.269039398200206 ], [ -71.111343235122845, 42.268952398092203 ], [ -71.112388232150337, 42.268564396654909 ], [ -71.112827230830277, 42.268417395926619 ], [ -71.113675227341318, 42.268095394417152 ], [ -71.114846224542219, 42.267669392658732 ], [ -71.115393222297087, 42.267467391596334 ], [ -71.115893221190561, 42.267292391208372 ], [ -71.116426219755311, 42.267112390497473 ], [ -71.116871218441887, 42.266974389311443 ], [ -71.117563216826539, 42.266785389136345 ], [ -71.11808821518089, 42.266649388008872 ], [ -71.118269214572621, 42.266595387860832 ], [ -71.118390215068175, 42.266843387217122 ], [ -71.118896215042923, 42.267638386678634 ], [ -71.119518216617294, 42.268660386341807 ], [ -71.120002216075548, 42.269411385442965 ], [ -71.12025121684178, 42.269814385502769 ], [ -71.120606217788293, 42.270284384583007 ], [ -71.120777217312749, 42.2704153851993 ], [ -71.120998216943676, 42.270549384660839 ], [ -71.121184216777152, 42.270684383774629 ], [ -71.121345215938817, 42.270594384410103 ], [ -71.121412215851862, 42.270452384154396 ], [ -71.121439215184054, 42.270386383588445 ], [ -71.121775215120834, 42.270676383378841 ], [ -71.122160214869325, 42.271037382834137 ], [ -71.12297221454277, 42.27122438213695 ], [ -71.123362212867491, 42.271309381422292 ], [ -71.123489212924468, 42.271349381334971 ], [ -71.123586213138097, 42.271416381073429 ], [ -71.123713213205605, 42.271522381114067 ], [ -71.12415321348351, 42.271954379890239 ], [ -71.124666212859196, 42.272458379520764 ], [ -71.124797212843859, 42.272585379273551 ], [ -71.124913212580708, 42.272699379036695 ] ] ] ] } },
{ "type": "Feature", "properties": { "geoid": "25025020200", "neighborhood": "Beacon Hill", "sales": 1734, "median_price": 478000.0, "investor_share": 0.20645905420991925, "large_inst_share": 0.029988465974625143, "small_med_share": 0.17647058823529413, "flip_rate": 0.085928489042675887, "buy_flip_rate": 0.083044982698961933, "condo_share": 0.84948096885813151, "r23_share": 0.010957324106113034, "hold_score": 0.2755919078629927, "flip_score": -1.6953339489819634, "dominant": "holding", "policy_fit": "Transfer fee on high-value sales", "r_mhi": 99917.0, "pct_nonwhite": 0.24553101997896953, "pct_black": 0.043638275499474237, "pct_latino": 0.070715036803364884, "percent_owners": 60.5 }, "geometry": { "type": "MultiPolygon", "coordinates": [ [ [ [ -71.072364529413591, 42.36114346168705 ], [ -71.072354528709596, 42.361207462100232 ], [ -71.07209152966206, 42.361179462037867 ], [ -71.071978529535215, 42.361169462619635 ], [ -71.071584530404635, 42.361121462888981 ], [ -71.071409530721112, 42.361088462803579 ], [ -71.071265531142629, 42.361050463432669 ], [ -71.0711145312317, 42.360998463490986 ], [ -71.070956531455849, 42.360952463783967 ], [ -71.070811532243297, 42.36090246375533 ], [ -71.070632532158911, 42.360883464167074 ], [ -71.070453533223642, 42.360871464055464 ], [ -71.070257533762927, 42.360919464784118 ], [ -71.070069533868093, 42.360992464604386 ], [ -71.070053534365684, 42.361002464650198 ], [ -71.07003453378239, 42.361009464516776 ], [ -71.069964534762306, 42.361043465214216 ], [ -71.06942153581717, 42.361071465260565 ], [ -71.068751537284101, 42.361080466916846 ], [ -71.068239538064716, 42.361096466883332 ], [ -71.067837539255791, 42.361108467300497 ], [ -71.066910541381176, 42.361141469315413 ], [ -71.066376542483709, 42.361163469534958 ], [ -71.065986543629691, 42.36118947040557 ], [ -71.065160544782373, 42.361201470908881 ], [ -71.065131544582073, 42.360801471464285 ], [ -71.065078542932611, 42.36006947133783 ], [ -71.065069542305778, 42.359943471432494 ], [ -71.065047541266139, 42.359368471103828 ], [ -71.065933539761943, 42.359362469647763 ], [ -71.066305538347123, 42.359355469277055 ], [ -71.066822537031484, 42.359352469067993 ], [ -71.067325536654081, 42.359340468605453 ], [ -71.067688535204368, 42.359309467794773 ], [ -71.068634533261047, 42.359291466648976 ], [ -71.068628533545322, 42.359568466972988 ], [ -71.069053533320869, 42.359554465812131 ], [ -71.069328532738083, 42.359545465453913 ], [ -71.06937453243674, 42.359543465242133 ], [ -71.069688531370559, 42.359533464824729 ], [ -71.070131530657449, 42.359490464747161 ], [ -71.070785528997703, 42.359467463433546 ], [ -71.072122526444758, 42.359465461947195 ], [ -71.072069526706542, 42.35971746208655 ], [ -71.072009527348968, 42.359939461905391 ], [ -71.072011526802882, 42.360014462572614 ], [ -71.072024527912845, 42.360117462659616 ], [ -71.072064527137258, 42.360233462517805 ], [ -71.072136527938596, 42.360396462155393 ], [ -71.072252527987331, 42.360590462053317 ], [ -71.072317527784392, 42.360753461640215 ], [ -71.072351528049822, 42.360870461806989 ], [ -71.072366529174673, 42.360996461759349 ], [ -71.072364529413591, 42.36114346168705 ] ] ] ] } },
{ "type": "Feature", "properties": { "geoid": "25025030200", "neighborhood": "North End", "sales": 504, "median_price": 522121.5, "investor_share": 0.3392857142857143, "large_inst_share": 0.053571428571428568, "small_med_share": 0.2857142857142857, "flip_rate": 0.093253968253968256, "buy_flip_rate": 0.093253968253968256, "condo_share": 0.77579365079365081, "r23_share": 0.037698412698412696, "hold_score": 2.2709730515382267, "flip_score": -0.93492909424668325, "dominant": "holding", "policy_fit": "Transfer fee on high-value sales", "r_mhi": 103519.0, "pct_nonwhite": 0.14159779614325074, "pct_black": 0.0071625344352617077, "pct_latino": 0.057851239669421489, "percent_owners": 63.6 }, "geometry": { "type": "MultiPolygon", "coordinates": [ [ [ [ -71.058524572572793, 42.366952480344061 ], [ -71.058350572837668, 42.366801480530455 ], [ -71.057961573579689, 42.366419481342511 ], [ -71.057783572666835, 42.366210481247279 ], [ -71.057533573635013, 42.365941481522405 ], [ -71.057485573334645, 42.365873481734972 ], [ -71.057464572724072, 42.365842481430157 ], [ -71.057434572764862, 42.365778481514184 ], [ -71.057403571681434, 42.365308481465902 ], [ -71.056844573675463, 42.365355481964748 ], [ -71.056749574141875, 42.365400482504057 ], [ -71.056512574365399, 42.365579483055804 ], [ -71.056351575799695, 42.36572348305284 ], [ -71.055949575680373, 42.365508483569606 ], [ -71.05581457577486, 42.365419483827395 ], [ -71.055440575679356, 42.365176484492189 ], [ -71.055456576058035, 42.365114483957349 ], [ -71.05547457616602, 42.365025484260656 ], [ -71.05549857511231, 42.364727483907146 ], [ -71.055510574500687, 42.364578483721026 ], [ -71.05552757453485, 42.364416483758696 ], [ -71.055531573886313, 42.364371483826069 ], [ -71.055553572864838, 42.364129483615912 ], [ -71.055569573120152, 42.364096484084044 ], [ -71.05561557324512, 42.364002483357588 ], [ -71.055677572849589, 42.36387348351667 ], [ -71.055685572698209, 42.363858484073504 ], [ -71.055714572691258, 42.36380448324639 ], [ -71.055766572550496, 42.36370848357236 ], [ -71.055834571516684, 42.363613483741346 ], [ -71.055903571812422, 42.363518483232497 ], [ -71.056089569875837, 42.363256482947669 ], [ -71.056284568888401, 42.362993482633222 ], [ -71.056380568610464, 42.362884482913024 ], [ -71.056971568563355, 42.363208482360356 ], [ -71.057069568561786, 42.363289481534991 ], [ -71.057209568033159, 42.363402481917511 ], [ -71.057288568052911, 42.363468481871749 ], [ -71.05750456802383, 42.363656481243012 ], [ -71.057660568589228, 42.36381248101506 ], [ -71.057800568239614, 42.363951481021424 ], [ -71.057892567825462, 42.364042481135421 ], [ -71.058228567715361, 42.364389480240888 ], [ -71.058295567577147, 42.364472480384428 ], [ -71.058432568532027, 42.364641480126842 ], [ -71.05842856788918, 42.364687480366506 ], [ -71.058380569179249, 42.365266480206451 ], [ -71.05840456962602, 42.365555480558356 ], [ -71.058437571226435, 42.365940479955576 ], [ -71.05845657144134, 42.36615348026011 ], [ -71.058482572880209, 42.366742480728604 ], [ -71.058524572572793, 42.366952480344061 ] ] ] ] } },
{ "type": "Feature", "properties": { "geoid": "25025040200", "neighborhood": "Charlestown", "sales": 528, "median_price": 584000.0, "investor_share": 0.11553030303030302, "large_inst_share": 0.030303030303030304, "small_med_share": 0.085227272727272721, "flip_rate": 0.081439393939393936, "buy_flip_rate": 0.079545454545454544, "condo_share": 0.69696969696969702, "r23_share": 0.073863636363636367, "hold_score": -0.92309127954840675, "flip_score": -1.6157023287821055, "dominant": "mixed", "policy_fit": "Layered approach", "r_mhi": 30455.0, "pct_nonwhite": 0.47490589711417819, "pct_black": 0.12358845671267252, "pct_latino": 0.23839397741530741, "percent_owners": 57.4 }, "geometry": { "type": "MultiPolygon", "coordinates": [ [ [ [ -71.060330592412342, 42.377235478999836 ], [ -71.060064593316696, 42.377709478900712 ], [ -71.059889595081515, 42.378061479059426 ], [ -71.05986659481384, 42.378054479594539 ], [ -71.059608595432536, 42.377969479611572 ], [ -71.059580595511662, 42.377960479425141 ], [ -71.059077595423659, 42.377795480766487 ], [ -71.058741596134908, 42.377667481144314 ], [ -71.05841359734103, 42.377542481278383 ], [ -71.057409598424599, 42.377206482346985 ], [ -71.057215598289346, 42.377129482652919 ], [ -71.057115599418864, 42.37708948251646 ], [ -71.057051598603806, 42.377073482965464 ], [ -71.056458599399576, 42.37692448363179 ], [ -71.056303600119648, 42.377080483841581 ], [ -71.056285601241967, 42.377410483958613 ], [ -71.056179602520601, 42.377832484420104 ], [ -71.056044603707491, 42.378400484016709 ], [ -71.055911606190392, 42.379115484512539 ], [ -71.055494607468972, 42.379106485041433 ], [ -71.054879608075652, 42.379092486136898 ], [ -71.054536609410803, 42.379071485880552 ], [ -71.054405609694129, 42.379060486781803 ], [ -71.054276609939834, 42.379049486276969 ], [ -71.054153610184329, 42.37903948658402 ], [ -71.053501610443021, 42.378689487666563 ], [ -71.053238610875951, 42.378573487720402 ], [ -71.053213611357833, 42.378561487972213 ], [ -71.052940610900109, 42.37842848800414 ], [ -71.053129609862907, 42.378227487574215 ], [ -71.053204610306054, 42.378148487814954 ], [ -71.053637608228101, 42.377721487466772 ], [ -71.053756607726683, 42.377609486921067 ], [ -71.054573603893232, 42.376842486231979 ], [ -71.055230601751248, 42.376225484857073 ], [ -71.055517599286105, 42.375939484936993 ], [ -71.055793599039433, 42.375674484255335 ], [ -71.055834598350529, 42.375634484294686 ], [ -71.055863598465294, 42.375611484048953 ], [ -71.056243596821218, 42.375311483420575 ], [ -71.056653595077663, 42.375075483310511 ], [ -71.056955594099634, 42.374874483288828 ], [ -71.057293593421591, 42.374598482085176 ], [ -71.057353592301666, 42.374551482014226 ], [ -71.057749590789669, 42.374242481943234 ], [ -71.057799590814966, 42.37419748146101 ], [ -71.057836590389371, 42.37425448129531 ], [ -71.05789159068091, 42.374296481264615 ], [ -71.05792959134628, 42.374326481690375 ], [ -71.058032590986372, 42.37440548143401 ], [ -71.058551592223466, 42.375435481125784 ], [ -71.058697592207096, 42.375770480702535 ], [ -71.058743592448735, 42.375934480549411 ], [ -71.059325591029818, 42.375830479567462 ], [ -71.059517590729968, 42.37590247958353 ], [ -71.060007590078897, 42.376072479145101 ], [ -71.059717592634058, 42.376649479357944 ], [ -71.060491590839405, 42.37692347841471 ], [ -71.060330592412342, 42.377235478999836 ] ] ] ] } },
{ "type": "Feature", "properties": { "geoid": "25025040300", "neighborhood": "Charlestown", "sales": 2887, "median_price": 493000.0, "investor_share": 0.11326636647038449, "large_inst_share": 0.021475580187045377, "small_med_share": 0.091790786283339101, "flip_rate": 0.088673363352961554, "buy_flip_rate": 0.084863179771388991, "condo_share": 0.69137512989262206, "r23_share": 0.052996189816418425, "hold_score": -1.2941734918586054, "flip_score": -1.2977273216876748, "dominant": "mixed", "policy_fit": "Layered approach", "r_mhi": 137781.0, "pct_nonwhite": 0.22519337016574581, "pct_black": 0.049944751381215471, "pct_latino": 0.10276243093922652, "percent_owners": 51.1 }, "geometry": { "type": "MultiPolygon", "coordinates": [ [ [ [ -71.069105577268132, 42.379410467844458 ], [ -71.068690579220913, 42.37978446839552 ], [ -71.068424579607367, 42.380024468679743 ], [ -71.068366580157743, 42.38007946838858 ], [ -71.06792758227563, 42.380498469656487 ], [ -71.067614582078861, 42.380326469392259 ], [ -71.067228583166369, 42.380095469933643 ], [ -71.067018582590535, 42.380016470407327 ], [ -71.066718583582599, 42.379877470647109 ], [ -71.066693583438422, 42.379865471140029 ], [ -71.066348584014364, 42.379725470898869 ], [ -71.065780584592787, 42.379554472447943 ], [ -71.064939586138536, 42.379316472784218 ], [ -71.064702587837289, 42.379630473247055 ], [ -71.064497588817574, 42.379872473294029 ], [ -71.065338587190027, 42.38029847293636 ], [ -71.065029589768045, 42.380730473500847 ], [ -71.064924589738723, 42.38087847340632 ], [ -71.064652591758389, 42.381259473860943 ], [ -71.064345592360254, 42.381667473969117 ], [ -71.064194594134662, 42.381867474207823 ], [ -71.063665593814207, 42.381646475312813 ], [ -71.063286594410499, 42.381488475377445 ], [ -71.062854594936653, 42.381312476026366 ], [ -71.062355596589185, 42.381102476660381 ], [ -71.062137596519506, 42.381010476396071 ], [ -71.061814597025361, 42.380874476930273 ], [ -71.061595596770545, 42.380789477845425 ], [ -71.061389597064647, 42.380696477530925 ], [ -71.061164597777179, 42.380610477943691 ], [ -71.060350598105074, 42.380269479369815 ], [ -71.059697599815763, 42.379983480066564 ], [ -71.059608599100812, 42.379944479427714 ], [ -71.058955600912029, 42.379668480748933 ], [ -71.059352598101384, 42.378974479872262 ], [ -71.059710596342867, 42.378331479929379 ], [ -71.059889595081515, 42.378061479059426 ], [ -71.060064593316696, 42.377709478900712 ], [ -71.060330592412342, 42.377235478999836 ], [ -71.060491590839405, 42.37692347841471 ], [ -71.061234589700049, 42.37715447787722 ], [ -71.061524587340401, 42.376617477295852 ], [ -71.061872585283766, 42.375951476789297 ], [ -71.062387584448942, 42.376117475863069 ], [ -71.062441584586267, 42.376075475752764 ], [ -71.062497584241797, 42.375993476269365 ], [ -71.062621583275799, 42.375777475438163 ], [ -71.062797582822881, 42.375368475852767 ], [ -71.063091579972195, 42.374689475085418 ], [ -71.06331557971258, 42.374867474837593 ], [ -71.06367257970615, 42.375091474520289 ], [ -71.063966579016011, 42.375276474319094 ], [ -71.064158579574425, 42.375378474052525 ], [ -71.064320579499409, 42.375463473199552 ], [ -71.064459578357443, 42.375546473753417 ], [ -71.064071580679894, 42.375907473598851 ], [ -71.064003581270256, 42.375969473520996 ], [ -71.063688581769625, 42.376279474573948 ], [ -71.063499583809914, 42.376525474223861 ], [ -71.06377858301876, 42.376630473863294 ], [ -71.063927582842823, 42.376685474412341 ], [ -71.064258582435201, 42.376844473746523 ], [ -71.064969581195044, 42.377305472618126 ], [ -71.065304581001641, 42.37758647283367 ], [ -71.065502581069865, 42.377791472157099 ], [ -71.065658582099275, 42.377905471925786 ], [ -71.065916581655273, 42.378101471717478 ], [ -71.066218581228526, 42.378322471172396 ], [ -71.066391581650421, 42.378466471216171 ], [ -71.066587581114703, 42.37862747128807 ], [ -71.066659580739582, 42.378674470878288 ], [ -71.067042581146708, 42.378920470649362 ], [ -71.067826576927771, 42.378206469266622 ], [ -71.068127577314314, 42.378470469294342 ], [ -71.068470577029188, 42.3787924684815 ], [ -71.068746577372622, 42.379056468517817 ], [ -71.069105577268132, 42.379410467844458 ] ] ] ] } },
{ "type": "Feature", "properties": { "geoid": "25025050200", "neighborhood": "East Boston", "sales": 1152, "median_price": 354500.0, "investor_share": 0.3532986111111111, "large_inst_share": 0.10850694444444445, "small_med_share": 0.24479166666666666, "flip_rate": 0.11371527777777778, "buy_flip_rate": 0.11371527777777778, "condo_share": 0.2638888888888889, "r23_share": 0.51736111111111116, "hold_score": -1.2467544287119281, "flip_score": 3.21207494664705, "dominant": "flipping", "policy_fit": "TOPA / anti-flip / stabilization", "r_mhi": 53875.0, "pct_nonwhite": 0.71772176255532039, "pct_black": 0.023282663074850874, "pct_latino": 0.60958245141427747, "percent_owners": 67.9 }, "geometry": { "type": "MultiPolygon", "coordinates": [ [ [ [ -71.040028640259536, 42.37865050465394 ], [ -71.039210642215991, 42.378634505735057 ], [ -71.037938645879464, 42.379092507145224 ], [ -71.036826649142768, 42.379523508765182 ], [ -71.035763653024929, 42.379936509723699 ], [ -71.035340652137123, 42.379305510499684 ], [ -71.034923652574847, 42.378685511059331 ], [ -71.034510652143766, 42.378069511738673 ], [ -71.032358658726864, 42.378856514471124 ], [ -71.030851662428333, 42.379428516811664 ], [ -71.030234664726066, 42.37966351739172 ], [ -71.029819664108402, 42.37905151733505 ], [ -71.029397664313436, 42.378429518149332 ], [ -71.02935866353458, 42.378373518273854 ], [ -71.029190663900437, 42.378128518040356 ], [ -71.030539658118826, 42.377006517093314 ], [ -71.031043658236669, 42.377320515733409 ], [ -71.031536656897472, 42.377628515531953 ], [ -71.033677650697655, 42.376827512832655 ], [ -71.034095651628618, 42.377450511961641 ], [ -71.036255644392725, 42.376652509274422 ], [ -71.035833644785669, 42.376031509457455 ], [ -71.038709635323855, 42.374956506356448 ], [ -71.038779635082918, 42.374927505963214 ], [ -71.039091634690578, 42.374923505583602 ], [ -71.039084633754072, 42.374697506047539 ], [ -71.039081633588154, 42.374528505384013 ], [ -71.039074632822121, 42.374167505759679 ], [ -71.039333632417993, 42.374254505162526 ], [ -71.039537632746757, 42.37436150528859 ], [ -71.039767632026965, 42.374478505005044 ], [ -71.039977632118166, 42.374601504854034 ], [ -71.039914632661109, 42.374789504188698 ], [ -71.039743633253465, 42.375298505104226 ], [ -71.039781635236949, 42.375749505239504 ], [ -71.039898637757844, 42.377120505011945 ], [ -71.040028640259536, 42.37865050465394 ] ] ] ] } },
{ "type": "Feature", "properties": { "geoid": "25025050300", "neighborhood": "East Boston", "sales": 280, "median_price": 317000.0, "investor_share": 0.38214285714285712, "large_inst_share": 0.11071428571428571, "small_med_share": 0.27142857142857141, "flip_rate": 0.085714285714285715, "buy_flip_rate": 0.085714285714285715, "condo_share": 0.42857142857142855, "r23_share": 0.32142857142857145, "hold_score": -0.56642201301373585, "flip_score": 0.15324722874126473, "dominant": "mixed", "policy_fit": "Layered approach", "r_mhi": 53902.0, "pct_nonwhite": 0.61602209944751385, "pct_black": 0.086863106200122775, "pct_latino": 0.37047268262737876, "percent_owners": 63.9 }, "geometry": { "type": "MultiPolygon", "coordinates": [ [ [ [ -71.041891608570992, 42.366346501752354 ], [ -71.042326608601101, 42.36655450105004 ], [ -71.041888611351268, 42.367265501250252 ], [ -71.042243610141242, 42.367393501193156 ], [ -71.042622608264793, 42.366837500337148 ], [ -71.043024606962121, 42.366677500132035 ], [ -71.043040607333211, 42.366843500603203 ], [ -71.043086607755669, 42.367005500478186 ], [ -71.043149608196117, 42.367121500002114 ], [ -71.043234607918706, 42.367245500370402 ], [ -71.042339612048934, 42.368387501277603 ], [ -71.04230961294985, 42.368374501507716 ], [ -71.042164613002754, 42.368575501262804 ], [ -71.042500613403959, 42.368704500592372 ], [ -71.042550613058722, 42.368644500630374 ], [ -71.042935611573213, 42.368801500714248 ], [ -71.04302661259976, 42.368838500345113 ], [ -71.042958612515903, 42.36892550071402 ], [ -71.043224612515232, 42.369037499658205 ], [ -71.043871609245571, 42.368251499199339 ], [ -71.043988608907128, 42.368299499140981 ], [ -71.043271612425301, 42.369320500423669 ], [ -71.043673612173379, 42.369484499501553 ], [ -71.043700612150474, 42.369515499102924 ], [ -71.043821611734955, 42.369657498947511 ], [ -71.043977612092334, 42.369755498901846 ], [ -71.044030612428301, 42.369789499496235 ], [ -71.044524610297273, 42.369438498561173 ], [ -71.044718610320231, 42.369569498580574 ], [ -71.044187612112182, 42.370259498979891 ], [ -71.04438361244317, 42.370347498848808 ], [ -71.044945611929663, 42.370601497625366 ], [ -71.044795613069198, 42.370815498090991 ], [ -71.04496361186807, 42.370911497774664 ], [ -71.04496861257438, 42.370974498159903 ], [ -71.045163612053273, 42.37107449806669 ], [ -71.045162613042081, 42.371254497867305 ], [ -71.045688612130547, 42.371515497101321 ], [ -71.04555761268422, 42.371720496816877 ], [ -71.044774613146132, 42.371365497814374 ], [ -71.044767614428366, 42.371509498328081 ], [ -71.044935613755825, 42.371578498372735 ], [ -71.044934614366198, 42.371695497746941 ], [ -71.045264613415355, 42.371847497176674 ], [ -71.045264613904891, 42.371977497963108 ], [ -71.045414614044489, 42.372069497858433 ], [ -71.045375613859534, 42.372110497771779 ], [ -71.044620614505774, 42.371755498556062 ], [ -71.044547614681946, 42.371783498507561 ], [ -71.044446614953216, 42.371803498333541 ], [ -71.044361615274795, 42.371782498358485 ], [ -71.044319615357281, 42.371775498849139 ], [ -71.044288615668918, 42.371770499217789 ], [ -71.044221616185155, 42.371771498758882 ], [ -71.044142616304157, 42.371804499199271 ], [ -71.044075615844093, 42.371855498888635 ], [ -71.044057616660197, 42.371891499439322 ], [ -71.044067616878195, 42.371945498769776 ], [ -71.044096616258884, 42.37200349953514 ], [ -71.044157616487183, 42.372042498634684 ], [ -71.044265615908571, 42.372093499244038 ], [ -71.045159615650803, 42.372515497876215 ], [ -71.045111616244071, 42.372574497605797 ], [ -71.044868616325829, 42.372467498032655 ], [ -71.044841616511277, 42.372458498185921 ], [ -71.044247616378527, 42.372199499066433 ], [ -71.04423461736765, 42.372194498693233 ], [ -71.044030618124836, 42.372472499096141 ], [ -71.044189617751755, 42.372544499418737 ], [ -71.04498261646394, 42.372901498131398 ], [ -71.044805617944419, 42.373089498555018 ], [ -71.044008618961385, 42.372770499276164 ], [ -71.043830618754384, 42.37282949910086 ], [ -71.043768619567061, 42.372851499429991 ], [ -71.042808620320713, 42.372462500659502 ], [ -71.042745621232726, 42.372536500742299 ], [ -71.042978620352798, 42.372640500440752 ], [ -71.042910620536006, 42.37274050089141 ], [ -71.042666620730799, 42.372632500568706 ], [ -71.042323623605569, 42.373097501653845 ], [ -71.042462622846713, 42.373162501584289 ], [ -71.0424326231809, 42.3732055016171 ], [ -71.042307623165769, 42.373381501562818 ], [ -71.042672623396385, 42.373559501157359 ], [ -71.042574624134076, 42.373691500853631 ], [ -71.043857622488844, 42.374348499831775 ], [ -71.043803623020352, 42.374399499563168 ], [ -71.043522623344657, 42.374264499737748 ], [ -71.043417623222737, 42.374370499940063 ], [ -71.042070624589428, 42.373728502156325 ], [ -71.041813625321723, 42.373606501955344 ], [ -71.041649625705546, 42.373745502478307 ], [ -71.041551626940304, 42.373827502887657 ], [ -71.041574626158379, 42.373898502136889 ], [ -71.041559626255932, 42.373930502551062 ], [ -71.041531627215363, 42.37395850250698 ], [ -71.04136662760115, 42.373983502312228 ], [ -71.041273627582299, 42.374264503256121 ], [ -71.041508627923207, 42.374430502309266 ], [ -71.041646627621986, 42.374527502665281 ], [ -71.041685628835211, 42.374923502168755 ], [ -71.042053628664618, 42.375115501560941 ], [ -71.042010628565251, 42.375264501878682 ], [ -71.04328362654077, 42.37581850028436 ], [ -71.043259626944391, 42.375863500455097 ], [ -71.042714628101464, 42.375639501439622 ], [ -71.042629627837314, 42.375690500755752 ], [ -71.04199262851678, 42.375435502091683 ], [ -71.041889630222002, 42.375635502535779 ], [ -71.042519629028178, 42.375827501475769 ], [ -71.042502629550938, 42.375931501785416 ], [ -71.043094627812593, 42.376118500211277 ], [ -71.043029629128398, 42.376308500860588 ], [ -71.041987630361604, 42.37609350184642 ], [ -71.041344631993567, 42.37596050259242 ], [ -71.04128163342034, 42.376556503222325 ], [ -71.041536632719499, 42.376578502440665 ], [ -71.041581633002039, 42.376667502319258 ], [ -71.041920632156803, 42.376693502149983 ], [ -71.041925632672971, 42.376837502392753 ], [ -71.041539633203428, 42.376835502475551 ], [ -71.041522633711523, 42.377020502421246 ], [ -71.04342962984262, 42.376981499833448 ], [ -71.043428629769949, 42.377059500395625 ], [ -71.043427629824436, 42.377121500143517 ], [ -71.042292632006479, 42.377132501533353 ], [ -71.042275632882522, 42.377209502153001 ], [ -71.041704633373342, 42.377237502624823 ], [ -71.041707633986022, 42.377539502595845 ], [ -71.042278632778107, 42.377515502075795 ], [ -71.042292633027031, 42.377636501507553 ], [ -71.042431632765968, 42.377683501920508 ], [ -71.042465633337898, 42.377966501175095 ], [ -71.043245631995802, 42.377966500911661 ], [ -71.043234632786792, 42.378182500151482 ], [ -71.04311863296671, 42.378211500678454 ], [ -71.043138632628299, 42.378396500928005 ], [ -71.043246633372618, 42.378425500261457 ], [ -71.043243633636834, 42.378622500954442 ], [ -71.04005364135449, 42.378934504858393 ], [ -71.040028640259536, 42.37865050465394 ], [ -71.039898637757844, 42.377120505011945 ], [ -71.039781635236949, 42.375749505239504 ], [ -71.039743633253465, 42.375298505104226 ], [ -71.039914632661109, 42.374789504188698 ], [ -71.039977632118166, 42.374601504854034 ], [ -71.039767632026965, 42.374478505005044 ], [ -71.039537632746757, 42.37436150528859 ], [ -71.039333632417993, 42.374254505162526 ], [ -71.039074632822121, 42.374167505759679 ], [ -71.039058630685503, 42.373342505376613 ], [ -71.039045629880434, 42.372920505956237 ], [ -71.039036629745866, 42.372598505903412 ], [ -71.039029629266238, 42.37237150602347 ], [ -71.039023628128476, 42.372111505540744 ], [ -71.03918362767169, 42.372130505105218 ], [ -71.040293622125319, 42.37073950419208 ], [ -71.040654620860636, 42.370287503520309 ], [ -71.041254617553591, 42.36953550247356 ], [ -71.040936617509743, 42.369397502737776 ], [ -71.040591618500315, 42.369247503294048 ], [ -71.039865619209948, 42.368932504325585 ], [ -71.03974561899517, 42.368878504862295 ], [ -71.039591619831398, 42.368808504329436 ], [ -71.038918621063971, 42.368504505853593 ], [ -71.039530617085845, 42.367666504660228 ], [ -71.039969614703253, 42.367119504305244 ], [ -71.040854614043312, 42.367488503010073 ], [ -71.04154461006145, 42.36658050224441 ], [ -71.041729609230373, 42.366455502042513 ], [ -71.041891608570992, 42.366346501752354 ] ] ] ] } },
{ "type": "Feature", "properties": { "geoid": "25025050400", "neighborhood": "East Boston", "sales": 547, "median_price": 380000.0, "investor_share": 0.33638025594149906, "large_inst_share": 0.062157221206581355, "small_med_share": 0.27422303473491771, "flip_rate": 0.10054844606946983, "buy_flip_rate": 0.098720292504570387, "condo_share": 0.37842778793418647, "r23_share": 0.3235831809872029, "hold_score": -0.33305215213287676, "flip_score": 1.1331519795108189, "dominant": "flipping", "policy_fit": "TOPA / anti-flip / stabilization", "r_mhi": 67250.0, "pct_nonwhite": 0.5404721753794266, "pct_black": 0.017284991568296795, "pct_latino": 0.40851602023608768, "percent_owners": 61.8 }, "geometry": { "type": "MultiPolygon", "coordinates": [ [ [ [ -71.041254617553591, 42.36953550247356 ], [ -71.040654620860636, 42.370287503520309 ], [ -71.040293622125319, 42.37073950419208 ], [ -71.039616623260869, 42.370434504627497 ], [ -71.038970624484946, 42.370144505228261 ], [ -71.038659624365948, 42.370009506313544 ], [ -71.038585625081538, 42.369990506080065 ], [ -71.037960625679929, 42.369718507214785 ], [ -71.03764262583536, 42.369577507592481 ], [ -71.036988626952123, 42.369287508002451 ], [ -71.036196627153302, 42.368940509295754 ], [ -71.035530628154262, 42.36865050966783 ], [ -71.034753629020869, 42.368310510803994 ], [ -71.035233627120675, 42.367731510634123 ], [ -71.035381626933344, 42.367564510362499 ], [ -71.03572762432303, 42.367125509388735 ], [ -71.036206621652582, 42.366508508786431 ], [ -71.036287621783643, 42.36640450873076 ], [ -71.036830618725361, 42.365716508110935 ], [ -71.037305618225858, 42.365922507921972 ], [ -71.039112616513393, 42.366706504777085 ], [ -71.039387615995352, 42.366844505024872 ], [ -71.039439615575631, 42.367046505087565 ], [ -71.03943861634967, 42.367271505157682 ], [ -71.039386617102366, 42.367473504819159 ], [ -71.039236617818588, 42.367736505508617 ], [ -71.039003619059471, 42.368044505770108 ], [ -71.038688620657467, 42.368406505700705 ], [ -71.038918621063971, 42.368504505853593 ], [ -71.039591619831398, 42.368808504329436 ], [ -71.03974561899517, 42.368878504862295 ], [ -71.039865619209948, 42.368932504325585 ], [ -71.040591618500315, 42.369247503294048 ], [ -71.040936617509743, 42.369397502737776 ], [ -71.041254617553591, 42.36953550247356 ] ] ] ] } },
{ "type": "Feature", "properties": { "geoid": "25025050600", "neighborhood": "East Boston", "sales": 1031, "median_price": 345000.0, "investor_share": 0.28903976721629487, "large_inst_share": 0.072744907856450047, "small_med_share": 0.2162948593598448, "flip_rate": 0.12124151309408342, "buy_flip_rate": 0.12124151309408342, "condo_share": 0.6624636275460718, "r23_share": 0.19592628516003879, "hold_score": 0.96966372287221381, "flip_score": 1.9087390288322961, "dominant": "flipping", "policy_fit": "TOPA / anti-flip / stabilization", "r_mhi": 66425.0, "pct_nonwhite": 0.66200578592092574, "pct_black": 0.022179363548698167, "pct_latino": 0.56316297010607519, "percent_owners": 66.9 }, "geometry": { "type": "MultiPolygon", "coordinates": [ [ [ [ -71.040293622125319, 42.37073950419208 ], [ -71.03918362767169, 42.372130505105218 ], [ -71.039023628128476, 42.372111505540744 ], [ -71.039029629266238, 42.37237150602347 ], [ -71.039036629745866, 42.372598505903412 ], [ -71.039045629880434, 42.372920505956237 ], [ -71.039058630685503, 42.373342505376613 ], [ -71.039074632822121, 42.374167505759679 ], [ -71.039081633588154, 42.374528505384013 ], [ -71.039084633754072, 42.374697506047539 ], [ -71.039091634690578, 42.374923505583602 ], [ -71.038779635082918, 42.374927505963214 ], [ -71.038609635863395, 42.374895506130152 ], [ -71.037900636046729, 42.374452507396086 ], [ -71.037827636541351, 42.3743435070785 ], [ -71.037112636909569, 42.374017507817506 ], [ -71.036983637354922, 42.37395850787118 ], [ -71.0362456383139, 42.373595509572731 ], [ -71.036222637587969, 42.373584508973089 ], [ -71.035151638513511, 42.373013510438504 ], [ -71.035091639252855, 42.372981510345056 ], [ -71.034715639438858, 42.372814511153045 ], [ -71.03459563986506, 42.372760510880454 ], [ -71.034448639788465, 42.372711511284336 ], [ -71.034571639748151, 42.372607511404581 ], [ -71.034741638275932, 42.372461511183808 ], [ -71.034083638961633, 42.37203651229256 ], [ -71.033922639168779, 42.371932512465364 ], [ -71.034812635302075, 42.371145511379723 ], [ -71.035541632293061, 42.37052350956094 ], [ -71.036059629843436, 42.370080509673016 ], [ -71.036691627221316, 42.369541508592242 ], [ -71.036988626952123, 42.369287508002451 ], [ -71.03764262583536, 42.369577507592481 ], [ -71.037960625679929, 42.369718507214785 ], [ -71.038585625081538, 42.369990506080065 ], [ -71.038659624365948, 42.370009506313544 ], [ -71.038970624484946, 42.370144505228261 ], [ -71.039616623260869, 42.370434504627497 ], [ -71.040293622125319, 42.37073950419208 ] ] ] ] } },
{ "type": "Feature", "properties": { "geoid": "25025050700", "neighborhood": "East Boston", "sales": 943, "median_price": 340000.0, "investor_share": 0.39978791092258747, "large_inst_share": 0.12513255567338283, "small_med_share": 0.27465535524920465, "flip_rate": 0.13043478260869565, "buy_flip_rate": 0.13149522799575822, "condo_share": 0.22799575821845175, "r23_share": 0.54612937433722164, "hold_score": -2.1618931720195222, "flip_score": 4.5738369737998896, "dominant": "flipping", "policy_fit": "TOPA / anti-flip / stabilization", "r_mhi": 54899.0, "pct_nonwhite": 0.71946902654867251, "pct_black": 0.026991150442477876, "pct_latino": 0.59712389380530972, "percent_owners": 66.3 }, "geometry": { "type": "MultiPolygon", "coordinates": [ [ [ [ -71.038709635323855, 42.374956506356448 ], [ -71.035833644785669, 42.376031509457455 ], [ -71.036255644392725, 42.376652509274422 ], [ -71.034095651628618, 42.377450511961641 ], [ -71.033677650697655, 42.376827512832655 ], [ -71.031536656897472, 42.377628515531953 ], [ -71.031043658236669, 42.377320515733409 ], [ -71.030539658118826, 42.377006517093314 ], [ -71.029190663900437, 42.378128518040356 ], [ -71.028582664582871, 42.377756519096224 ], [ -71.027991664938213, 42.377354519671741 ], [ -71.027850664865383, 42.377271519825513 ], [ -71.027726665229068, 42.377211519925119 ], [ -71.028037664283147, 42.376944519761935 ], [ -71.028608661658396, 42.376492518747888 ], [ -71.029082659517783, 42.376099518123254 ], [ -71.029761657275586, 42.375536517338411 ], [ -71.030394654219549, 42.37498951649782 ], [ -71.031134650926674, 42.374368515889792 ], [ -71.031425649743838, 42.374109515009728 ], [ -71.031887647894692, 42.373693514525293 ], [ -71.032101647042225, 42.373495514640595 ], [ -71.03231364558421, 42.373304514073396 ], [ -71.032411645339039, 42.373204513901136 ], [ -71.032544645494212, 42.373103514269268 ], [ -71.032664645127539, 42.373003514121706 ], [ -71.03281564350165, 42.372886513508696 ], [ -71.032986643684808, 42.372790512997035 ], [ -71.033061643385437, 42.372763513395753 ], [ -71.033161643295784, 42.372727513252521 ], [ -71.033354641913618, 42.372669512619325 ], [ -71.033535642084615, 42.37262351249435 ], [ -71.033559642035982, 42.372625512994972 ], [ -71.033688641544884, 42.372616512579292 ], [ -71.03398064079353, 42.372622512083645 ], [ -71.034137640309837, 42.372637511932389 ], [ -71.034308640207186, 42.372669511669912 ], [ -71.034448639788465, 42.372711511284336 ], [ -71.03459563986506, 42.372760510880454 ], [ -71.034715639438858, 42.372814511153045 ], [ -71.035091639252855, 42.372981510345056 ], [ -71.035151638513511, 42.373013510438504 ], [ -71.036222637587969, 42.373584508973089 ], [ -71.0362456383139, 42.373595509572731 ], [ -71.036983637354922, 42.37395850787118 ], [ -71.037112636909569, 42.374017507817506 ], [ -71.037827636541351, 42.3743435070785 ], [ -71.037900636046729, 42.374452507396086 ], [ -71.038609635863395, 42.374895506130152 ], [ -71.038779635082918, 42.374927505963214 ], [ -71.038709635323855, 42.374956506356448 ] ] ] ] } },
{ "type": "Feature", "properties": { "geoid": "25025010104", "neighborhood": "Fenway", "sales": 1715, "median_price": 455000.0, "investor_share": 0.21865889212827988, "large_inst_share": 0.050145772594752183, "small_med_share": 0.16851311953352768, "flip_rate": 0.085714285714285715, "buy_flip_rate": 0.085714285714285715, "condo_share": 0.9032069970845481, "r23_share": 0.0034985422740524781, "hold_score": 1.2441141141257923, "flip_score": -1.6531242481201862, "dominant": "holding", "policy_fit": "Transfer fee on high-value sales", "r_mhi": 55046.0, "pct_nonwhite": 0.38080189610902626, "pct_black": 0.036342089670156036, "pct_latino": 0.10527355322931069, "percent_owners": 68.8 }, "geometry": { "type": "MultiPolygon", "coordinates": [ [ [ [ -71.100977435188867, 42.347804423191974 ], [ -71.100563436750321, 42.347918423405275 ], [ -71.099487439693661, 42.34823142496424 ], [ -71.099220439862933, 42.348301425309302 ], [ -71.098835440886788, 42.3484014262947 ], [ -71.098259442324988, 42.348574427171584 ], [ -71.09793144430418, 42.348658427066326 ], [ -71.097620444554224, 42.34873742765577 ], [ -71.097342445012856, 42.348801427945851 ], [ -71.097167446543139, 42.348982428167247 ], [ -71.097456446842457, 42.349592427890364 ], [ -71.097607447082083, 42.349904427880354 ], [ -71.097625447865909, 42.349983427407899 ], [ -71.097618447625635, 42.350120428015593 ], [ -71.097770447406887, 42.350276428041177 ], [ -71.097808447316865, 42.350341427723535 ], [ -71.097813447462059, 42.35040642725852 ], [ -71.097779448912561, 42.350596427183689 ], [ -71.098181447562894, 42.350735427039602 ], [ -71.095832453011795, 42.350578430351653 ], [ -71.095449453138826, 42.350558430938641 ], [ -71.095306453778349, 42.350557430988864 ], [ -71.094991454257979, 42.350570430825215 ], [ -71.094681455790735, 42.350610431824485 ], [ -71.094434455786981, 42.350663431936894 ], [ -71.094322455927838, 42.350687432182035 ], [ -71.093578458781991, 42.350897432986798 ], [ -71.093190460147099, 42.350980434027662 ], [ -71.093067459684562, 42.351006434207058 ], [ -71.092947460683121, 42.351032434072444 ], [ -71.09290345996304, 42.35104043409666 ], [ -71.092584460974024, 42.351095434249082 ], [ -71.092297461818973, 42.351133435115635 ], [ -71.092182461736897, 42.351149435269726 ], [ -71.092113462374002, 42.351158434815758 ], [ -71.092069462211356, 42.351164434978273 ], [ -71.091617463058896, 42.351200435458317 ], [ -71.091466464139287, 42.351220435824267 ], [ -71.091255464818929, 42.351238436635889 ], [ -71.090964465247723, 42.351306436548668 ], [ -71.09066646578971, 42.351370436936293 ], [ -71.090406467130634, 42.351433437499232 ], [ -71.08986146785729, 42.351576437939976 ], [ -71.089819467717177, 42.351493438058064 ], [ -71.089756467558516, 42.351363438328399 ], [ -71.089496467738499, 42.350848438596039 ], [ -71.089299467043006, 42.350459438258667 ], [ -71.089118467013009, 42.350055439132944 ], [ -71.0889364665248, 42.349700438935066 ], [ -71.088709465187421, 42.349252439519994 ], [ -71.088650466006683, 42.349131439214219 ], [ -71.088622465468674, 42.349076439335619 ], [ -71.088530465890017, 42.348883439902487 ], [ -71.088321464660339, 42.348479440015467 ], [ -71.088150465033294, 42.348136439959035 ], [ -71.088029464020877, 42.347692440359161 ], [ -71.087969463450307, 42.347561440131656 ], [ -71.087915463116502, 42.347461440389871 ], [ -71.08805146371509, 42.347456440255264 ], [ -71.088302463275781, 42.347469439705293 ], [ -71.088720461392271, 42.347523439103931 ], [ -71.089094461343876, 42.34758843892687 ], [ -71.089394460246595, 42.347626438348826 ], [ -71.089635460464677, 42.347644438121002 ], [ -71.090053459004508, 42.347652437687792 ], [ -71.091549455401108, 42.347633435458228 ], [ -71.091943454690593, 42.347629434782213 ], [ -71.092119454682816, 42.3476294350979 ], [ -71.092271454403146, 42.34762943470264 ], [ -71.092401453970609, 42.347629434476957 ], [ -71.092870452466769, 42.34764343389282 ], [ -71.094845448792526, 42.347640431093978 ], [ -71.098114441020485, 42.347637426547372 ], [ -71.099801437304578, 42.347651424297439 ], [ -71.100152436639291, 42.3476634241092 ], [ -71.100621435464376, 42.347693423381415 ], [ -71.100870435181676, 42.347724423063653 ], [ -71.101142434688398, 42.34775842250135 ], [ -71.100977435188867, 42.347804423191974 ] ] ] ] } },
{ "type": "Feature", "properties": { "geoid": "25025060101", "neighborhood": "South Boston", "sales": 1641, "median_price": 473500.0, "investor_share": 0.1773308957952468, "large_inst_share": 0.026812918951858621, "small_med_share": 0.15051797684338819, "flip_rate": 0.068251066422912857, "buy_flip_rate": 0.068251066422912857, "condo_share": 0.83120048750761732, "r23_share": 0.082876294942108464, "hold_score": 1.0807682860106869, "flip_score": -2.4155309130450799, "dominant": "holding", "policy_fit": "Transfer fee on high-value sales", "r_mhi": 138636.0, "pct_nonwhite": 0.074326163898720377, "pct_black": 0.0040838551592703512, "pct_latino": 0.034848897359106998, "percent_owners": 57.7 }, "geometry": { "type": "MultiPolygon", "coordinates": [ [ [ [ -71.031282562405934, 42.334832513695595 ], [ -71.029211567456443, 42.334861517156796 ], [ -71.02923356972191, 42.335729516826362 ], [ -71.029260570554243, 42.336591516503802 ], [ -71.029294573084186, 42.33741951706422 ], [ -71.029316574038404, 42.33823851669792 ], [ -71.028799576263694, 42.338248517596142 ], [ -71.027254579041553, 42.338271519485026 ], [ -71.026792580228886, 42.338291520050028 ], [ -71.026216581490146, 42.33830152043496 ], [ -71.025932582925179, 42.338306521632802 ], [ -71.025225583816095, 42.338326522148975 ], [ -71.025132583953749, 42.338310522536801 ], [ -71.025111582539111, 42.337485521946043 ], [ -71.025090580451831, 42.336660522099322 ], [ -71.025070578832683, 42.335802522242773 ], [ -71.025044576273203, 42.334927522333722 ], [ -71.025025574741676, 42.334095522360101 ], [ -71.025008573017985, 42.333281522037836 ], [ -71.025000572819152, 42.333021522677214 ], [ -71.025154572706796, 42.332923522085295 ], [ -71.026387568684186, 42.3326175207361 ], [ -71.027083566704079, 42.332409519250916 ], [ -71.028073563269814, 42.332057517793153 ], [ -71.028645562164058, 42.331822517467842 ], [ -71.029102560070157, 42.33162651697716 ], [ -71.029532558751967, 42.331432516312816 ], [ -71.030662554805815, 42.330879514764625 ], [ -71.031142553289257, 42.330653513903798 ], [ -71.031158553405959, 42.330829514406908 ], [ -71.031183555907106, 42.331544513828966 ], [ -71.031186556165437, 42.331954514318909 ], [ -71.031190556791103, 42.332360514328229 ], [ -71.03122555933848, 42.333186514096653 ], [ -71.031240560071836, 42.333619513730682 ], [ -71.031253561442639, 42.334002514379854 ], [ -71.031282562405934, 42.334832513695595 ] ] ] ] } },
{ "type": "Feature", "properties": { "geoid": "25025000503", "neighborhood": "Brighton", "sales": 985, "median_price": 238000.0, "investor_share": 0.16751269035532995, "large_inst_share": 0.046700507614213196, "small_med_share": 0.12081218274111676, "flip_rate": 0.076142131979695438, "buy_flip_rate": 0.076142131979695438, "condo_share": 0.97258883248730965, "r23_share": 0.012182741116751269, "hold_score": 0.45883915110531992, "flip_score": -2.2688896137189456, "dominant": "holding", "policy_fit": "Transfer fee on high-value sales", "r_mhi": 83712.0, "pct_nonwhite": 0.32961124896608762, "pct_black": 0.033912324234904881, "pct_latino": 0.087675765095119929, "percent_owners": 74.6 }, "geometry": { "type": "MultiPolygon", "coordinates": [ [ [ [ -71.153364295772462, 42.338185352779078 ], [ -71.153081296663899, 42.338333352626826 ], [ -71.152960297044459, 42.338417352897267 ], [ -71.152819297245657, 42.338542353104721 ], [ -71.152740297738433, 42.33864635291372 ], [ -71.152687298562938, 42.338715353176703 ], [ -71.152586298907281, 42.338896353976111 ], [ -71.152412300790559, 42.339254353497992 ], [ -71.152267301375986, 42.33947335370987 ], [ -71.15211430206034, 42.339693354065687 ], [ -71.151941303312384, 42.339903354492904 ], [ -71.151823303565649, 42.34002535486254 ], [ -71.151623304390256, 42.340209355522653 ], [ -71.151381304995866, 42.340423355840286 ], [ -71.151307305201826, 42.340479355532722 ], [ -71.15114930645548, 42.340601355477034 ], [ -71.150921306597795, 42.340764356246524 ], [ -71.15048630878195, 42.341055356656419 ], [ -71.150402308643791, 42.341217356998129 ], [ -71.150264309612695, 42.341322356911981 ], [ -71.149971310464892, 42.341466357385826 ], [ -71.149655312185786, 42.341583357598594 ], [ -71.149294312285136, 42.341687358205647 ], [ -71.148839313958916, 42.341781359324749 ], [ -71.148632314873709, 42.341814359308913 ], [ -71.148070315760918, 42.341832360233049 ], [ -71.147626317075975, 42.341801360677678 ], [ -71.147305318010893, 42.341784360705404 ], [ -71.147006318464591, 42.341782361358284 ], [ -71.146741318308997, 42.341791361863294 ], [ -71.146459319092088, 42.341811362367842 ], [ -71.146114319805235, 42.341860362968305 ], [ -71.145922320439894, 42.341897362799351 ], [ -71.145869320890384, 42.341774363200614 ], [ -71.145828320057817, 42.341659362682783 ], [ -71.145801320086179, 42.341580362837803 ], [ -71.145778319829986, 42.341516363327827 ], [ -71.145960320196636, 42.341480362892774 ], [ -71.146310318856493, 42.341419361960419 ], [ -71.146859316944159, 42.341372362006872 ], [ -71.146890316947363, 42.341320361906 ], [ -71.146981317139506, 42.341192361630185 ], [ -71.147332315189132, 42.340837361090252 ], [ -71.147570314401023, 42.340611360648914 ], [ -71.148079312576556, 42.340170359952609 ], [ -71.148377311320218, 42.339899359426404 ], [ -71.148695309276604, 42.339538358683171 ], [ -71.148846308331997, 42.339358358421045 ], [ -71.149285306486931, 42.338632357881373 ], [ -71.149467304201337, 42.338281357424236 ], [ -71.14965730396753, 42.337980357052352 ], [ -71.14983830257809, 42.337665357341947 ], [ -71.150657299680461, 42.337495355755777 ], [ -71.151619297187693, 42.337304354659501 ], [ -71.152261295377329, 42.337185353332437 ], [ -71.153191295797768, 42.338037352934336 ], [ -71.153285295509889, 42.338117352524364 ], [ -71.153364295772462, 42.338185352779078 ] ] ] ] } },
{ "type": "Feature", "properties": { "geoid": "25025051200", "neighborhood": "East Boston", "sales": 883, "median_price": 380000.0, "investor_share": 0.26613816534541335, "large_inst_share": 0.058890147225368061, "small_med_share": 0.20724801812004531, "flip_rate": 0.096262740656851642, "buy_flip_rate": 0.097395243488108726, "condo_share": 0.48471121177802945, "r23_share": 0.2808607021517554, "hold_score": -0.57987303412852131, "flip_score": 0.69476471674344586, "dominant": "flipping", "policy_fit": "TOPA / anti-flip / stabilization", "r_mhi": 100245.0, "pct_nonwhite": 0.4160393746381007, "pct_black": 0.02460914881297047, "pct_latino": 0.28951939779965258, "percent_owners": 65.9 }, "geometry": { "type": "MultiPolygon", "coordinates": [ [ [ [ -71.027632638631857, 42.365005521265928 ], [ -71.027658637857982, 42.365018520174608 ], [ -71.027796637636669, 42.365065520049704 ], [ -71.027889638019232, 42.36506451975869 ], [ -71.02799763740947, 42.365008519126071 ], [ -71.02837363471167, 42.364520518752023 ], [ -71.028608634431947, 42.364218518554914 ], [ -71.028693634153186, 42.364109518318358 ], [ -71.028411634084492, 42.363960518742154 ], [ -71.028433633238464, 42.363885519221611 ], [ -71.028451633383767, 42.36382551926355 ], [ -71.028490633868941, 42.363774519152699 ], [ -71.02861063334818, 42.363651518825144 ], [ -71.028711632185747, 42.363581518113143 ], [ -71.028835631451429, 42.363507517883143 ], [ -71.029217630976518, 42.363500518072755 ], [ -71.029459630425976, 42.363465517125491 ], [ -71.029544629645471, 42.363391517774353 ], [ -71.029588629717779, 42.363273517349143 ], [ -71.029858629185028, 42.36328251654642 ], [ -71.029880628448211, 42.362827517273324 ], [ -71.030070628113833, 42.362837516985145 ], [ -71.030089629832148, 42.363742516974654 ], [ -71.030331629702388, 42.363742516615169 ], [ -71.030334629038606, 42.363710516305524 ], [ -71.030344629255609, 42.363679515988657 ], [ -71.030374628771696, 42.363664516256158 ], [ -71.030455628081015, 42.363654516016425 ], [ -71.030486628926013, 42.363658516485366 ], [ -71.03050762900719, 42.363671515959652 ], [ -71.03052362803011, 42.363689515946746 ], [ -71.030668627993094, 42.363700515807004 ], [ -71.030672626588867, 42.363038515567077 ], [ -71.030690626109347, 42.362974516160115 ], [ -71.030735626544327, 42.362938516108386 ], [ -71.030801626419418, 42.362918516130897 ], [ -71.03088462597232, 42.362903515428293 ], [ -71.030979626094378, 42.362893515191189 ], [ -71.031351624613194, 42.36289651478743 ], [ -71.031451624727396, 42.362898514703943 ], [ -71.031451624642997, 42.363069515125787 ], [ -71.03159162528712, 42.363071514864359 ], [ -71.031584626490371, 42.363787514942246 ], [ -71.031627626916176, 42.363818515070946 ], [ -71.03167562579128, 42.363835514396563 ], [ -71.031737626602961, 42.363843514663188 ], [ -71.031810625593977, 42.363824514908963 ], [ -71.03184462622049, 42.363787514458423 ], [ -71.031848624551429, 42.363221514090014 ], [ -71.031848625010554, 42.36314351466288 ], [ -71.031993624304533, 42.363140514227553 ], [ -71.031998623327183, 42.362677513874004 ], [ -71.032537621416154, 42.362681513849147 ], [ -71.03254561853845, 42.361388513633266 ], [ -71.033078617319802, 42.361392512849982 ], [ -71.033067620491138, 42.362761512472105 ], [ -71.033678619169663, 42.362768511868268 ], [ -71.033718614455083, 42.360647511826606 ], [ -71.033943613923611, 42.36064351153955 ], [ -71.03393262067128, 42.363354511559855 ], [ -71.034035619881124, 42.363419512038334 ], [ -71.035608611885493, 42.361446509920803 ], [ -71.035773612588855, 42.361538509485257 ], [ -71.034252619487887, 42.36346151148966 ], [ -71.034203620530789, 42.363561511009408 ], [ -71.034180619948529, 42.363646511590048 ], [ -71.034190620982073, 42.363736511855862 ], [ -71.034214620350511, 42.363812511649151 ], [ -71.034290620834113, 42.363919510988133 ], [ -71.034423620603974, 42.364043511562706 ], [ -71.034700620142999, 42.363948510796 ], [ -71.03448562058702, 42.363821511225552 ], [ -71.035464615042997, 42.362534509431399 ], [ -71.035514614978325, 42.362565509364401 ], [ -71.035671614152193, 42.362647509613893 ], [ -71.034841618633351, 42.363765510729898 ], [ -71.035222618929964, 42.363930510011272 ], [ -71.035182618709953, 42.364038510257636 ], [ -71.035450618414799, 42.364142509424596 ], [ -71.03555761802906, 42.364144509716205 ], [ -71.035654617961967, 42.364125509880559 ], [ -71.035886618051066, 42.364179509125819 ], [ -71.035988617597383, 42.364249509414037 ], [ -71.036048617232296, 42.364262509399403 ], [ -71.036079616807939, 42.364230509326816 ], [ -71.03608761685733, 42.36415750909827 ], [ -71.037397609929798, 42.362423507346755 ], [ -71.038171608974096, 42.362792505967199 ], [ -71.036822615886024, 42.364545507620491 ], [ -71.037490615280632, 42.36485750682413 ], [ -71.037574615981896, 42.364896507448321 ], [ -71.038930608809437, 42.363125504996759 ], [ -71.039155608261552, 42.363236504829899 ], [ -71.039681607123399, 42.363495504006757 ], [ -71.03864961268647, 42.364936506072603 ], [ -71.039191612137387, 42.365206504629136 ], [ -71.039268611939434, 42.365245504776745 ], [ -71.039320612618397, 42.365185505180833 ], [ -71.039392611973213, 42.365224505029857 ], [ -71.04065160642979, 42.363793503103082 ], [ -71.041865605259503, 42.364419501713193 ], [ -71.040858610067176, 42.365658503059208 ], [ -71.040702610362857, 42.365863503096016 ], [ -71.041661609735144, 42.366296501951318 ], [ -71.041699609606439, 42.366255501964211 ], [ -71.041891608570992, 42.366346501752354 ], [ -71.041729609230373, 42.366455502042513 ], [ -71.04154461006145, 42.36658050224441 ], [ -71.040854614043312, 42.367488503010073 ], [ -71.039969614703253, 42.367119504305244 ], [ -71.039530617085845, 42.367666504660228 ], [ -71.038918621063971, 42.368504505853593 ], [ -71.038688620657467, 42.368406505700705 ], [ -71.039003619059471, 42.368044505770108 ], [ -71.039236617818588, 42.367736505508617 ], [ -71.039386617102366, 42.367473504819159 ], [ -71.03943861634967, 42.367271505157682 ], [ -71.039439615575631, 42.367046505087565 ], [ -71.039387615995352, 42.366844505024872 ], [ -71.039112616513393, 42.366706504777085 ], [ -71.037305618225858, 42.365922507921972 ], [ -71.036830618725361, 42.365716508110935 ], [ -71.036287621783643, 42.36640450873076 ], [ -71.036206621652582, 42.366508508786431 ], [ -71.03572762432303, 42.367125509388735 ], [ -71.035381626933344, 42.367564510362499 ], [ -71.035233627120675, 42.367731510634123 ], [ -71.034753629020869, 42.368310510803994 ], [ -71.033996630888396, 42.367991512183089 ], [ -71.033386631477754, 42.367734512659993 ], [ -71.032866633643607, 42.368434513743594 ], [ -71.032693635241031, 42.368595513254398 ], [ -71.032599634796782, 42.368673513394427 ], [ -71.032517635686105, 42.368619513976434 ], [ -71.032669634109283, 42.368453513853126 ], [ -71.032752634247615, 42.368343513185835 ], [ -71.032789633154962, 42.368208513677871 ], [ -71.03279763299264, 42.368083512966749 ], [ -71.032706633725979, 42.367978513501875 ], [ -71.032544632948657, 42.367884513360337 ], [ -71.031729634041284, 42.3675315148827 ], [ -71.031456635065638, 42.367417515183632 ], [ -71.031268635047724, 42.367323515376533 ], [ -71.031124634703716, 42.367165515567379 ], [ -71.031106635224589, 42.367146515409679 ], [ -71.030997635195959, 42.367027515500929 ], [ -71.030944635087437, 42.366969516102941 ], [ -71.030812634712021, 42.366848516328226 ], [ -71.030740635625975, 42.366796516316583 ], [ -71.030562635719477, 42.366669516352509 ], [ -71.028702637511117, 42.365891518304863 ], [ -71.027997638836595, 42.365580519914218 ], [ -71.028102638032863, 42.36542651921129 ], [ -71.027886638661158, 42.36533551935532 ], [ -71.027632638631857, 42.365005521265928 ] ] ], [ [ [ -71.026427774645924, 42.357260275994605 ], [ -71.027180622793921, 42.357633519927703 ], [ -71.027858621532587, 42.357955519452176 ], [ -71.02804262168533, 42.358091519099517 ], [ -71.028045432541958, 42.358097278998322 ], [ -71.027918622105702, 42.358002519675466 ], [ -71.027247622454766, 42.357676520464793 ], [ -71.027233623054713, 42.357669519877582 ], [ -71.026427623506805, 42.357260521152334 ], [ -71.026427774645924, 42.357260275994605 ] ] ] ] } },
{ "type": "Feature", "properties": { "geoid": "25025060200", "neighborhood": "South Boston", "sales": 893, "median_price": 485000.0, "investor_share": 0.1780515117581187, "large_inst_share": 0.020156774916013438, "small_med_share": 0.15789473684210525, "flip_rate": 0.066069428891377374, "buy_flip_rate": 0.066069428891377374, "condo_share": 0.76035834266517355, "r23_share": 0.13773796192609183, "hold_score": 0.3851326220329111, "flip_score": -2.2554130322237054, "dominant": "holding", "policy_fit": "Transfer fee on high-value sales", "r_mhi": 142115.0, "pct_nonwhite": 0.076890034364261117, "pct_black": 0.0030068728522336771, "pct_latino": 0.034793814432989692, "percent_owners": 56.1 }, "geometry": { "type": "MultiPolygon", "coordinates": [ [ [ [ -71.035295548154153, 42.332293508937404 ], [ -71.034530550267547, 42.332306509577677 ], [ -71.034319549621856, 42.332310509709437 ], [ -71.033261552633249, 42.332329511085568 ], [ -71.033279554242668, 42.333146511076421 ], [ -71.033290555195805, 42.333459511577239 ], [ -71.033299555846, 42.333978511679916 ], [ -71.033311557357464, 42.334617510956015 ], [ -71.033322558579101, 42.334799510977525 ], [ -71.033345559376329, 42.335661511421549 ], [ -71.031290564935347, 42.335696514303692 ], [ -71.02923356972191, 42.335729516826362 ], [ -71.029211567456443, 42.334861517156796 ], [ -71.031282562405934, 42.334832513695595 ], [ -71.031253561442639, 42.334002514379854 ], [ -71.031240560071836, 42.333619513730682 ], [ -71.03122555933848, 42.333186514096653 ], [ -71.031190556791103, 42.332360514328229 ], [ -71.031186556165437, 42.331954514318909 ], [ -71.031183555907106, 42.331544513828966 ], [ -71.031158553405959, 42.330829514406908 ], [ -71.031142553289257, 42.330653513903798 ], [ -71.031662552570253, 42.330424513019082 ], [ -71.032336550012289, 42.330147512016232 ], [ -71.032854548656999, 42.329953511990368 ], [ -71.033183547355293, 42.329838511599981 ], [ -71.033773545318923, 42.329649510066403 ], [ -71.034313543530743, 42.329492509382334 ], [ -71.034846543033197, 42.32938950922302 ], [ -71.035206541689618, 42.329350508242172 ], [ -71.035212541884206, 42.329522508256922 ], [ -71.035246544833157, 42.330642508703882 ], [ -71.03527154623616, 42.331475508142901 ], [ -71.035295548154153, 42.332293508937404 ] ] ] ] } },
{ "type": "Feature", "properties": { "geoid": "25025060400", "neighborhood": "South Boston", "sales": 2470, "median_price": 430000.0, "investor_share": 0.17813765182186234, "large_inst_share": 0.03360323886639676, "small_med_share": 0.1445344129554656, "flip_rate": 0.083400809716599189, "buy_flip_rate": 0.083400809716599189, "condo_share": 0.70769230769230773, "r23_share": 0.10445344129554655, "hold_score": 1.13024671724659, "flip_score": -1.2402807168804164, "dominant": "holding", "policy_fit": "Transfer fee on high-value sales", "r_mhi": 146931.0, "pct_nonwhite": 0.087584215591915315, "pct_black": 0.0051973051010587102, "pct_latino": 0.034841193455245431, "percent_owners": 56.8 }, "geometry": { "type": "MultiPolygon", "coordinates": [ [ [ [ -71.047507526071058, 42.334599492057329 ], [ -71.047240526568757, 42.334725492751218 ], [ -71.046762527963324, 42.33495949371229 ], [ -71.046276530263043, 42.335223494100724 ], [ -71.045956530276854, 42.335362494538813 ], [ -71.045694532197444, 42.335452495053673 ], [ -71.045443532685937, 42.335452495348804 ], [ -71.04426853482714, 42.335470496474343 ], [ -71.04154954152375, 42.335518500337045 ], [ -71.041529539273455, 42.334662499972296 ], [ -71.041510536988014, 42.333827500145013 ], [ -71.041494536286336, 42.333421500755676 ], [ -71.041478535832198, 42.333016500658069 ], [ -71.040953537016023, 42.333025501408514 ], [ -71.040745537454427, 42.333023501436848 ], [ -71.039925538711245, 42.33302950219381 ], [ -71.039090541022105, 42.333060503949667 ], [ -71.03863254244348, 42.333078504504357 ], [ -71.037335544835983, 42.333080505893854 ], [ -71.037313543720487, 42.3322655055063 ], [ -71.037290541447362, 42.331432505801232 ], [ -71.037267539546178, 42.330607505983721 ], [ -71.037256539335985, 42.330194506116861 ], [ -71.037242537254755, 42.329707505882254 ], [ -71.037247537889428, 42.329525505653486 ], [ -71.03775353652938, 42.329641504982135 ], [ -71.039039534820674, 42.329957503118493 ], [ -71.039541533567686, 42.330052502478253 ], [ -71.039790533189233, 42.330088502835544 ], [ -71.040118532343456, 42.330135501547204 ], [ -71.040902530128122, 42.330209501188463 ], [ -71.04152752953496, 42.330234500394496 ], [ -71.042034527635082, 42.33023749930468 ], [ -71.042791526985894, 42.330224498050818 ], [ -71.044052524059225, 42.330192496363914 ], [ -71.044903521856142, 42.330178495327083 ], [ -71.045328520976156, 42.330180495240924 ], [ -71.04617251884892, 42.330158494007634 ], [ -71.047384515827346, 42.330136492460127 ], [ -71.047383516624848, 42.330419492335636 ], [ -71.047414517843663, 42.331245492552256 ], [ -71.047404519676974, 42.331735492743263 ], [ -71.047448520870759, 42.332313492409014 ], [ -71.047455521990059, 42.332966492316622 ], [ -71.04744952399416, 42.333646492176371 ], [ -71.047474525503276, 42.334238492046431 ], [ -71.047507526071058, 42.334599492057329 ] ] ] ] } },
{ "type": "Feature", "properties": { "geoid": "25025000601", "neighborhood": "Brighton", "sales": 844, "median_price": 397500.0, "investor_share": 0.27014218009478674, "large_inst_share": 0.067535545023696686, "small_med_share": 0.20260663507109006, "flip_rate": 0.06990521327014218, "buy_flip_rate": 0.06990521327014218, "condo_share": 0.56161137440758291, "r23_share": 0.18364928909952608, "hold_score": 0.559842196663768, "flip_score": -1.7280368647441509, "dominant": "holding", "policy_fit": "Transfer fee on high-value sales", "r_mhi": 112143.0, "pct_nonwhite": 0.37919105907397554, "pct_black": 0.024747205960617351, "pct_latino": 0.10697179350718468, "percent_owners": 72.8 }, "geometry": { "type": "MultiPolygon", "coordinates": [ [ [ [ -71.15399131603813, 42.34793235370816 ], [ -71.153945316513173, 42.348083353928466 ], [ -71.153839317831014, 42.348275353678609 ], [ -71.15371931816513, 42.348460353753644 ], [ -71.153513319422089, 42.348777354231601 ], [ -71.153475319041178, 42.348861354587207 ], [ -71.153448319765374, 42.349146354869418 ], [ -71.153420320394261, 42.349458354452196 ], [ -71.153329321425971, 42.349582355111842 ], [ -71.153069322373725, 42.349894354743981 ], [ -71.15296332327199, 42.350037355458397 ], [ -71.152815323604074, 42.350239355728505 ], [ -71.152383326978736, 42.350903356651806 ], [ -71.152095328537484, 42.351337356522045 ], [ -71.151914329214335, 42.351640357189289 ], [ -71.150948330933545, 42.351324357969006 ], [ -71.15027333114179, 42.351115358811512 ], [ -71.149070333265257, 42.350735360673866 ], [ -71.148022335338652, 42.350391362189541 ], [ -71.147861335613854, 42.350345361721359 ], [ -71.147363338452635, 42.351195362830431 ], [ -71.147278339289898, 42.351356362713084 ], [ -71.147140340087077, 42.351575363071788 ], [ -71.146742342371056, 42.352294363735837 ], [ -71.147260341016619, 42.352434363385719 ], [ -71.148099340313735, 42.352644361773578 ], [ -71.148638338554534, 42.352785361120858 ], [ -71.14928333758742, 42.352938360554269 ], [ -71.150393336390877, 42.353237359217161 ], [ -71.15088033481743, 42.353350358494438 ], [ -71.150706336435874, 42.353601358906765 ], [ -71.150532337074978, 42.353886359289724 ], [ -71.150357338254352, 42.354193359376595 ], [ -71.150086339668874, 42.354612360050091 ], [ -71.149964340102059, 42.354800360492611 ], [ -71.149808341398881, 42.355027360382486 ], [ -71.149534343324149, 42.355457361078159 ], [ -71.149081345281729, 42.356151361842571 ], [ -71.148406347209772, 42.355977362445643 ], [ -71.14839034643839, 42.355972362868549 ], [ -71.147992347848501, 42.355859362614602 ], [ -71.147535348389312, 42.355749363651469 ], [ -71.146586349720238, 42.35551836467446 ], [ -71.146315350745397, 42.355442365118058 ], [ -71.146115351056906, 42.355387365559814 ], [ -71.145897350830609, 42.355337365362544 ], [ -71.145620352015172, 42.355268366132819 ], [ -71.145160351985893, 42.355153366260318 ], [ -71.144175353427272, 42.354889367676542 ], [ -71.143801354568083, 42.354797368656435 ], [ -71.143348355663576, 42.354686368751821 ], [ -71.142578356365007, 42.354496370045013 ], [ -71.142369356981831, 42.354445370169451 ], [ -71.141662357699985, 42.354263371119288 ], [ -71.140680359523643, 42.354004371810824 ], [ -71.140519359674812, 42.353974372726618 ], [ -71.139930360807938, 42.353902373165397 ], [ -71.139620361615385, 42.353867373434873 ], [ -71.139065362544855, 42.353791374224365 ], [ -71.138084364859864, 42.353676375743852 ], [ -71.137624366174464, 42.353612375728119 ], [ -71.137444366612215, 42.353595376557003 ], [ -71.137340365903427, 42.353590376263568 ], [ -71.137491365631348, 42.353514376318316 ], [ -71.137741365366978, 42.353473376045883 ], [ -71.138352363327144, 42.353250374964595 ], [ -71.138996361105981, 42.352992373772899 ], [ -71.139276360877332, 42.352905374065685 ], [ -71.139575359566066, 42.352797373667357 ], [ -71.140265357980667, 42.352543372617092 ], [ -71.141019354563753, 42.352280371607385 ], [ -71.141602353655969, 42.352066370509661 ], [ -71.141924352500155, 42.35194737022011 ], [ -71.142150351483977, 42.351875369780885 ], [ -71.142427351094128, 42.35177636934251 ], [ -71.142788349998995, 42.351673368928772 ], [ -71.142996349232945, 42.351634368610846 ], [ -71.143150348977798, 42.351598368540948 ], [ -71.14398034672918, 42.351433367736441 ], [ -71.144154346399219, 42.351383367518274 ], [ -71.144290345936923, 42.351346366742 ], [ -71.144548345373948, 42.351248366589843 ], [ -71.144961343449253, 42.351073366435088 ], [ -71.145611340852, 42.350786364666 ], [ -71.146510338117622, 42.350417363827304 ], [ -71.147078336919506, 42.350165363357078 ], [ -71.147392335898928, 42.350054362796484 ], [ -71.148026333879528, 42.349804361396572 ], [ -71.148159333781848, 42.349758361995264 ], [ -71.148619332440532, 42.349579361021469 ], [ -71.148983330377362, 42.34940836057622 ], [ -71.14934032976295, 42.349240359912748 ], [ -71.149524329359835, 42.349178359608445 ], [ -71.149942327930518, 42.349036358664556 ], [ -71.15015332771921, 42.348986358427837 ], [ -71.150363326188469, 42.348970358646127 ], [ -71.150270327029531, 42.348773358478034 ], [ -71.149957326666566, 42.348409358935314 ], [ -71.149754325848463, 42.348185358803136 ], [ -71.150072324441211, 42.347675358869957 ], [ -71.150691321175699, 42.346710357267135 ], [ -71.150897319176877, 42.346387357651622 ], [ -71.151009318899142, 42.346197357557934 ], [ -71.151234317766438, 42.345813356471432 ], [ -71.151645316459707, 42.345909356332697 ], [ -71.152445315129953, 42.346096355186404 ], [ -71.152811314901143, 42.346155354379214 ], [ -71.15306631488798, 42.346154354661053 ], [ -71.153345314461461, 42.346639353860276 ], [ -71.153447315119564, 42.346782354221439 ], [ -71.153785315709229, 42.347256353819716 ], [ -71.153948316046439, 42.347547353823309 ], [ -71.153999315413401, 42.347787353934166 ], [ -71.15399131603813, 42.34793235370816 ] ] ] ] } },
{ "type": "Feature", "properties": { "geoid": "25025000502", "neighborhood": "Brighton", "sales": 1203, "median_price": 295000.0, "investor_share": 0.18453865336658354, "large_inst_share": 0.04488778054862843, "small_med_share": 0.1396508728179551, "flip_rate": 0.068994181213632585, "buy_flip_rate": 0.068994181213632585, "condo_share": 0.93599334995843719, "r23_share": 0.028262676641729011, "hold_score": -1.3942318759355898, "flip_score": -2.6741929570746246, "dominant": "holding", "policy_fit": "Transfer fee on high-value sales", "r_mhi": 70417.0, "pct_nonwhite": 0.2616661895219009, "pct_black": 0.049098196392785572, "pct_latino": 0.076009161179501863, "percent_owners": 73.5 }, "geometry": { "type": "MultiPolygon", "coordinates": [ [ [ [ -71.169216259512538, 42.338068331075526 ], [ -71.169086260173898, 42.338245331290473 ], [ -71.168935261511294, 42.338449331815553 ], [ -71.168632261884042, 42.338629331960071 ], [ -71.168314263287499, 42.33874233262528 ], [ -71.167728265084264, 42.33895533333849 ], [ -71.167700265767863, 42.338965333893199 ], [ -71.16680726742733, 42.339290334377239 ], [ -71.166739269234327, 42.339854335226441 ], [ -71.166698270097712, 42.340009335377765 ], [ -71.166566270439844, 42.340031334903131 ], [ -71.166552270423537, 42.340039335702748 ], [ -71.166125271344313, 42.340088335911311 ], [ -71.165557272987542, 42.340162337120717 ], [ -71.164896273942901, 42.34021133727633 ], [ -71.164578275000281, 42.340218338348535 ], [ -71.164287275618861, 42.340225338120753 ], [ -71.164125276317392, 42.340223338300447 ], [ -71.163521277363998, 42.3402163396334 ], [ -71.162883278703049, 42.340200340590137 ], [ -71.161612281798611, 42.340161341438105 ], [ -71.161585281468831, 42.340160341906959 ], [ -71.161532282426577, 42.340162342157882 ], [ -71.161472282129949, 42.340160342499694 ], [ -71.161169283098985, 42.340148342568177 ], [ -71.161086282276912, 42.340145342252463 ], [ -71.161051282441605, 42.340144342432772 ], [ -71.160615283344896, 42.340129343604495 ], [ -71.159757285617047, 42.340058344501834 ], [ -71.158963286933187, 42.339953345664966 ], [ -71.157877289623087, 42.339730346397829 ], [ -71.157527289954487, 42.339782347193832 ], [ -71.157182291115035, 42.339872347753612 ], [ -71.156617292597204, 42.340020348188432 ], [ -71.156068293832377, 42.340158349159822 ], [ -71.15567829570486, 42.340240349319835 ], [ -71.155535295934527, 42.340262350077403 ], [ -71.155287296239237, 42.340337350285708 ], [ -71.155256296392579, 42.340432350475247 ], [ -71.154908298221073, 42.340967351089631 ], [ -71.154733298895806, 42.341206351567976 ], [ -71.154622299531056, 42.341233351120295 ], [ -71.154536299496698, 42.341225351270872 ], [ -71.154461299574095, 42.341198351381045 ], [ -71.154060299977502, 42.340979351604183 ], [ -71.1537773007433, 42.34085535220494 ], [ -71.153529301319637, 42.340793352448564 ], [ -71.153110302506732, 42.340696353682866 ], [ -71.152622302348789, 42.340628354016609 ], [ -71.152194303490191, 42.340621354597836 ], [ -71.151962304839429, 42.340598354471275 ], [ -71.151647305109435, 42.340535354738549 ], [ -71.151381304995866, 42.340423355840286 ], [ -71.151623304390256, 42.340209355522653 ], [ -71.151823303565649, 42.34002535486254 ], [ -71.151941303312384, 42.339903354492904 ], [ -71.15211430206034, 42.339693354065687 ], [ -71.152267301375986, 42.33947335370987 ], [ -71.152412300790559, 42.339254353497992 ], [ -71.152586298907281, 42.338896353976111 ], [ -71.152687298562938, 42.338715353176703 ], [ -71.152740297738433, 42.33864635291372 ], [ -71.152819297245657, 42.338542353104721 ], [ -71.152960297044459, 42.338417352897267 ], [ -71.153081296663899, 42.338333352626826 ], [ -71.153364295772462, 42.338185352779078 ], [ -71.153285295509889, 42.338117352524364 ], [ -71.153191295797768, 42.338037352934336 ], [ -71.152261295377329, 42.337185353332437 ], [ -71.151619297187693, 42.337304354659501 ], [ -71.150657299680461, 42.337495355755777 ], [ -71.14983830257809, 42.337665357341947 ], [ -71.150104300397288, 42.337193356796483 ], [ -71.150308299106058, 42.336842356131278 ], [ -71.150083299917469, 42.336842356050219 ], [ -71.149475302187668, 42.33692935709243 ], [ -71.149354301635142, 42.336990357474136 ], [ -71.149196302310301, 42.337090358010947 ], [ -71.148955303488606, 42.337196358453149 ], [ -71.148700304167349, 42.337267358246656 ], [ -71.147740306272539, 42.337455359305785 ], [ -71.147345308002386, 42.337512359861108 ], [ -71.147280307083378, 42.337262360511382 ], [ -71.147265307547002, 42.337201360334412 ], [ -71.148741302935377, 42.336866358087121 ], [ -71.148710303380653, 42.336790358105226 ], [ -71.148579302385556, 42.336487358513061 ], [ -71.148554302624333, 42.336423358782916 ], [ -71.148515302986681, 42.336330358411708 ], [ -71.14849130250073, 42.336274358101662 ], [ -71.148481302596906, 42.336253358867239 ], [ -71.148473301950304, 42.336231358316915 ], [ -71.1482943019587, 42.335807358400146 ], [ -71.14852530113312, 42.335752358152995 ], [ -71.149599298720887, 42.335501357057758 ], [ -71.149651298240684, 42.335488356816697 ], [ -71.150058297256962, 42.335393356585342 ], [ -71.150103296751567, 42.335282356185125 ], [ -71.150133296196159, 42.335210355752807 ], [ -71.150460295115906, 42.334968355191009 ], [ -71.149955294964059, 42.334691356382962 ], [ -71.149852295678173, 42.334635356252974 ], [ -71.154961277332504, 42.3316163493758 ], [ -71.156261273310079, 42.330847347422342 ], [ -71.157035270274122, 42.330390345674928 ], [ -71.157112270543294, 42.330466345612621 ], [ -71.157345270575888, 42.330714345635457 ], [ -71.157507269767621, 42.330886345414307 ], [ -71.157666269894406, 42.331059345255504 ], [ -71.158545270438367, 42.331984344577535 ], [ -71.15871527021136, 42.332162344274423 ], [ -71.158955270375827, 42.332424344100545 ], [ -71.159324270695578, 42.332768343275546 ], [ -71.159722269618541, 42.33303634254402 ], [ -71.16016926920436, 42.333272342120686 ], [ -71.160259268793965, 42.333319342111203 ], [ -71.160346269529384, 42.333365341953922 ], [ -71.160916268578333, 42.333639341129526 ], [ -71.161294267934196, 42.333783340986436 ], [ -71.161720266925457, 42.333886340196671 ], [ -71.162098266254134, 42.333944339829877 ], [ -71.162297266019635, 42.333965339300271 ], [ -71.162524266190886, 42.333966339606711 ], [ -71.1627312650823, 42.333961338895854 ], [ -71.162971264172597, 42.333947338883462 ], [ -71.163666262611443, 42.333870337766548 ], [ -71.164031261950882, 42.333829337582685 ], [ -71.164309261789825, 42.333798336655853 ], [ -71.164775260580512, 42.33374733673525 ], [ -71.16518925950065, 42.333691335498635 ], [ -71.165436258015745, 42.333672335200653 ], [ -71.166460255544536, 42.333561334394588 ], [ -71.166765255428771, 42.333528333362395 ], [ -71.167564253091427, 42.333441332260477 ], [ -71.168020254449573, 42.334426331911985 ], [ -71.168190254992865, 42.33479133200666 ], [ -71.168409254786425, 42.335022331655416 ], [ -71.168470254828947, 42.335085331552186 ], [ -71.168569255251896, 42.335143331777282 ], [ -71.168885255246792, 42.335826331406025 ], [ -71.168858257052833, 42.33630433106039 ], [ -71.169121257941583, 42.337376331088251 ], [ -71.169191258948331, 42.337883331591989 ], [ -71.169216259512538, 42.338068331075526 ] ] ] ] } },
{ "type": "Feature", "properties": { "geoid": "25025000701", "neighborhood": "Brighton", "sales": 1009, "median_price": 290000.0, "investor_share": 0.20614469772051536, "large_inst_share": 0.057482656095143705, "small_med_share": 0.14866204162537167, "flip_rate": 0.070366699702675922, "buy_flip_rate": 0.070366699702675922, "condo_share": 0.91278493557978191, "r23_share": 0.044598612487611496, "hold_score": 1.5514970097245619, "flip_score": -2.4860103741989032, "dominant": "holding", "policy_fit": "Transfer fee on high-value sales", "r_mhi": 70897.0, "pct_nonwhite": 0.41465574496347135, "pct_black": 0.032100951959264996, "pct_latino": 0.092760681868496786, "percent_owners": 77.7 }, "geometry": { "type": "MultiPolygon", "coordinates": [ [ [ [ -71.141521340128946, 42.346291369495361 ], [ -71.141299342500915, 42.346687370030786 ], [ -71.141167342443651, 42.346963370477425 ], [ -71.141082343720129, 42.347181370457221 ], [ -71.140978343871211, 42.347483370138008 ], [ -71.140933345172726, 42.347637370846385 ], [ -71.140910345472619, 42.347718370964138 ], [ -71.140869345789156, 42.347882371027495 ], [ -71.140808346639474, 42.348079370830206 ], [ -71.140748346713806, 42.348247370911949 ], [ -71.140666347005819, 42.348377371274715 ], [ -71.140569347208228, 42.348498371338103 ], [ -71.14046134762485, 42.348607371201872 ], [ -71.14036534912627, 42.348686371250963 ], [ -71.140218348677934, 42.348774372156107 ], [ -71.140042349487615, 42.348866372148379 ], [ -71.13987934985434, 42.348933371938472 ], [ -71.139805350938104, 42.348958372651055 ], [ -71.139730350841617, 42.348977372457632 ], [ -71.139630351293192, 42.349003372872879 ], [ -71.139269351667679, 42.349044373125381 ], [ -71.139083352463118, 42.349048373088564 ], [ -71.138897352759173, 42.349034373278066 ], [ -71.138575352621004, 42.348975373563242 ], [ -71.138409353324221, 42.348926374054749 ], [ -71.138266354079903, 42.348885374574436 ], [ -71.137579354578463, 42.348649374826316 ], [ -71.137382355596259, 42.348982375822288 ], [ -71.137187356979183, 42.349264376015519 ], [ -71.136892358773522, 42.349704376023269 ], [ -71.136535360527148, 42.350194376758971 ], [ -71.136378361850532, 42.350393377347245 ], [ -71.13617536087348, 42.350213377324764 ], [ -71.135902361895432, 42.350065377637868 ], [ -71.13569336222956, 42.349992377768004 ], [ -71.13572636177922, 42.349837377841475 ], [ -71.135764361731944, 42.349721378033408 ], [ -71.13582436075589, 42.349573377771684 ], [ -71.135852360603891, 42.349449377815262 ], [ -71.135852359801135, 42.349381377204693 ], [ -71.135842360403117, 42.349274377744102 ], [ -71.135802360047876, 42.349168378053797 ], [ -71.135723359435744, 42.349040377835728 ], [ -71.135510359682328, 42.348776377662432 ], [ -71.135237359051743, 42.348490378234153 ], [ -71.135211359154027, 42.348425378653523 ], [ -71.135171358920516, 42.348358378337196 ], [ -71.135125359257145, 42.348290378561742 ], [ -71.135041359244326, 42.348165378853643 ], [ -71.135374358730843, 42.348054377677386 ], [ -71.135573357312708, 42.348003377600477 ], [ -71.135756357126056, 42.347968377775054 ], [ -71.135960357204937, 42.347957377401855 ], [ -71.135554357071115, 42.347592377764336 ], [ -71.134673356703459, 42.346850378258338 ], [ -71.134548357594028, 42.346729378453624 ], [ -71.134253357111177, 42.346577379518187 ], [ -71.135154353657754, 42.34602337755733 ], [ -71.135277353407758, 42.345941377626879 ], [ -71.135455353014777, 42.345795377446144 ], [ -71.135984350849398, 42.345366376711844 ], [ -71.136757347936054, 42.344745375189902 ], [ -71.137108346297367, 42.344461374837557 ], [ -71.137360345069609, 42.34425737438076 ], [ -71.137823343445476, 42.343876373845539 ], [ -71.138245343243454, 42.344126373507528 ], [ -71.13838634254526, 42.344218373612719 ], [ -71.139044342550619, 42.344616372343332 ], [ -71.139547341621139, 42.344945372319884 ], [ -71.139803341221594, 42.345093371550888 ], [ -71.140165341395047, 42.345322371369818 ], [ -71.140518341547804, 42.345523370815954 ], [ -71.140749341065998, 42.345630370730476 ], [ -71.141197340832122, 42.345835370310489 ], [ -71.141237340786816, 42.345853370312888 ], [ -71.141357339605918, 42.345895369377729 ], [ -71.141450340129623, 42.345928369503049 ], [ -71.141697339554142, 42.346020369031528 ], [ -71.141521340128946, 42.346291369495361 ] ] ] ] } },
{ "type": "Feature", "properties": { "geoid": "25025110501", "neighborhood": "Roslindale", "sales": 1026, "median_price": 417000.0, "investor_share": 0.097465886939571145, "large_inst_share": 0.022417153996101363, "small_med_share": 0.075048732943469781, "flip_rate": 0.06725146198830409, "buy_flip_rate": 0.06725146198830409, "condo_share": 0.27387914230019494, "r23_share": 0.15886939571150097, "hold_score": -1.6758516273742592, "flip_score": -2.0532196213915967, "dominant": "mixed", "policy_fit": "Layered approach", "r_mhi": 84327.0, "pct_nonwhite": 0.3225317989097517, "pct_black": 0.081465778316172022, "pct_latino": 0.15384615384615385, "percent_owners": 65.9 }, "geometry": { "type": "MultiPolygon", "coordinates": [ [ [ [ -71.147774191217621, 42.285995349730825 ], [ -71.147387192040085, 42.286007350585322 ], [ -71.147053193016717, 42.286017350397202 ], [ -71.146501193953924, 42.286019351349637 ], [ -71.1462561946759, 42.28602435130847 ], [ -71.145792196019315, 42.286033352136457 ], [ -71.145172197189439, 42.286038352974131 ], [ -71.144895198159304, 42.286049353463056 ], [ -71.144358198917402, 42.286055354488319 ], [ -71.143202201810013, 42.286083355687893 ], [ -71.141910204358993, 42.286109357754285 ], [ -71.140546208348439, 42.286135359600742 ], [ -71.139631209539942, 42.28615836059614 ], [ -71.139329209997555, 42.286166361299479 ], [ -71.138649212299967, 42.286193362543131 ], [ -71.138200213378056, 42.286223363180497 ], [ -71.137621215015741, 42.286247364055193 ], [ -71.137423214606613, 42.286251364390708 ], [ -71.137569214608433, 42.286143363900713 ], [ -71.137620214523253, 42.286052363883542 ], [ -71.137614213975297, 42.285847363602898 ], [ -71.137588212846339, 42.285367363694895 ], [ -71.137500210474769, 42.284329363329526 ], [ -71.137474209493874, 42.283660363939319 ], [ -71.13738020691099, 42.282674363593529 ], [ -71.137360206065495, 42.282432363409981 ], [ -71.13728220482696, 42.281662363141706 ], [ -71.137293205268008, 42.281523363404965 ], [ -71.137245204305103, 42.281067363112896 ], [ -71.137226202480377, 42.280696363558533 ], [ -71.13722620228225, 42.280627363539104 ], [ -71.137191202888047, 42.280377363507988 ], [ -71.137117200704864, 42.279599363638006 ], [ -71.137064198854247, 42.278794363245325 ], [ -71.136997198077196, 42.278323362966113 ], [ -71.137144197523043, 42.27818236278231 ], [ -71.137725195077977, 42.277689362014378 ], [ -71.138168193450582, 42.277311361475377 ], [ -71.138316192643231, 42.277176360740043 ], [ -71.138648191705812, 42.276901360894449 ], [ -71.139139188723831, 42.276477359822991 ], [ -71.139619186761934, 42.276071358798909 ], [ -71.140007186016874, 42.27571435822022 ], [ -71.140268185048598, 42.275474358229218 ], [ -71.14030718379145, 42.275429358057529 ], [ -71.140652182513335, 42.275179357559111 ], [ -71.140651182972107, 42.275317357297119 ], [ -71.140657184606965, 42.275741357284943 ], [ -71.140674183929789, 42.275879357475361 ], [ -71.140746184616816, 42.276291357480702 ], [ -71.140927186345948, 42.276916357550981 ], [ -71.141149186913978, 42.277354357509303 ], [ -71.141377186433147, 42.277728357039685 ], [ -71.14176618686696, 42.27822235609095 ], [ -71.1423511878059, 42.27881135609698 ], [ -71.142591186964708, 42.279043355222072 ], [ -71.142900187790289, 42.279383355093536 ], [ -71.143478186948869, 42.280031354767964 ], [ -71.14357218724993, 42.280132354091734 ], [ -71.143730187801651, 42.280302354611706 ], [ -71.143809186968639, 42.280370354392005 ], [ -71.143913187199246, 42.280461354164537 ], [ -71.143955187560778, 42.280502353485957 ], [ -71.144251186960886, 42.280775353887861 ], [ -71.144742186986889, 42.281189353086781 ], [ -71.144916187134385, 42.28133535253761 ], [ -71.145223186651506, 42.281575352305538 ], [ -71.145518186618418, 42.281804352154204 ], [ -71.145661186433585, 42.281929351628008 ], [ -71.146050186935355, 42.282248351282064 ], [ -71.146360186025163, 42.282528351247883 ], [ -71.146755187180474, 42.282945350261748 ], [ -71.147006186432762, 42.283255350537473 ], [ -71.147024186569467, 42.283278349991228 ], [ -71.147073187243024, 42.283350349888046 ], [ -71.14725218729609, 42.283610349930328 ], [ -71.147389187175406, 42.283872350025504 ], [ -71.147400187196979, 42.283893349977426 ], [ -71.147503187697097, 42.284177349776421 ], [ -71.147661189313595, 42.28504334988498 ], [ -71.147774191217621, 42.285995349730825 ] ] ] ] } },
{ "type": "Feature", "properties": { "geoid": "25025000302", "neighborhood": "Brighton", "sales": 970, "median_price": 365000.0, "investor_share": 0.1711340206185567, "large_inst_share": 0.040206185567010312, "small_med_share": 0.1309278350515464, "flip_rate": 0.060824742268041236, "buy_flip_rate": 0.060824742268041236, "condo_share": 0.64845360824742271, "r23_share": 0.14123711340206185, "hold_score": -0.82995628427018597, "flip_score": -2.5999508400030589, "dominant": "holding", "policy_fit": "Transfer fee on high-value sales", "r_mhi": 109688.0, "pct_nonwhite": 0.341796875, "pct_black": 0.029622395833333332, "pct_latino": 0.075846354166666671, "percent_owners": 74.1 }, "geometry": { "type": "MultiPolygon", "coordinates": [ [ [ [ -71.174797274191491, 42.350265327141663 ], [ -71.174576275772239, 42.350242327385899 ], [ -71.172868279038511, 42.350051329150105 ], [ -71.172827279089219, 42.350046329400172 ], [ -71.172439279430009, 42.350008329743538 ], [ -71.172228280295016, 42.349988330288632 ], [ -71.172174279525862, 42.349982329956667 ], [ -71.17190928059442, 42.349950330047747 ], [ -71.171728280682672, 42.349909330500367 ], [ -71.171561281586577, 42.349852331123408 ], [ -71.171103282295135, 42.349700331685959 ], [ -71.170556282151551, 42.349503332200904 ], [ -71.170302282426846, 42.349429332864275 ], [ -71.170107283121837, 42.349390332483516 ], [ -71.169926283438727, 42.349383333039142 ], [ -71.169701284295783, 42.349411333500335 ], [ -71.169370285629199, 42.34951133370263 ], [ -71.168981286933246, 42.349643334244931 ], [ -71.16884528743455, 42.349738334583286 ], [ -71.16864128797954, 42.349978334546073 ], [ -71.168346289383237, 42.350346334851864 ], [ -71.168110290412642, 42.350663335885038 ], [ -71.167883291232272, 42.350649335833573 ], [ -71.167754291395511, 42.350617336266644 ], [ -71.167604291664674, 42.350604335860638 ], [ -71.167393291982336, 42.35057533636823 ], [ -71.166643294035481, 42.350500337736086 ], [ -71.166125294820333, 42.350431338342652 ], [ -71.165548295198192, 42.350312338700384 ], [ -71.165391295436891, 42.350272338843745 ], [ -71.165128296130803, 42.350171339200728 ], [ -71.164859296047339, 42.350042339638222 ], [ -71.16473229708879, 42.349957339878017 ], [ -71.164500297155257, 42.34981234024648 ], [ -71.164267296930348, 42.349659340866594 ], [ -71.163743297836703, 42.349328341222297 ], [ -71.16338429781446, 42.349131341927965 ], [ -71.163332297332786, 42.349115341095555 ], [ -71.163092297738558, 42.349041341561183 ], [ -71.162761298953697, 42.349023341874258 ], [ -71.162424299796072, 42.348995343037167 ], [ -71.162137300361721, 42.348989342751189 ], [ -71.161621301723486, 42.34896434393908 ], [ -71.161303302626095, 42.348965343750933 ], [ -71.160436303480154, 42.348916345635587 ], [ -71.160840301904742, 42.34834634440535 ], [ -71.161310299165748, 42.347576343496328 ], [ -71.161459298718171, 42.347346343457154 ], [ -71.161679296918962, 42.347005343057056 ], [ -71.162015295237893, 42.346509342870831 ], [ -71.16211729472785, 42.346373342477207 ], [ -71.16224829428991, 42.346223342131154 ], [ -71.162460292065632, 42.34591134198044 ], [ -71.162725291544419, 42.345576341418607 ], [ -71.162891290445927, 42.345420341680125 ], [ -71.163147289493111, 42.345253340874272 ], [ -71.163358288301282, 42.345108340503025 ], [ -71.163487288411929, 42.344992340363696 ], [ -71.163615288270861, 42.344857340166399 ], [ -71.163797286501392, 42.344585339605864 ], [ -71.164032285456486, 42.344172339111836 ], [ -71.164206283992868, 42.343926339152162 ], [ -71.164425282972729, 42.343681338985519 ], [ -71.164825281451726, 42.343295338748014 ], [ -71.165324279294012, 42.342671337642102 ], [ -71.165839275540918, 42.341872336712278 ], [ -71.165998275187079, 42.341593336202749 ], [ -71.166051274040157, 42.341470335947193 ], [ -71.16609827405712, 42.341122336012774 ], [ -71.166107273214891, 42.340814336315425 ], [ -71.166122273046852, 42.340593336356569 ], [ -71.16613227251932, 42.340434335594374 ], [ -71.166125271344313, 42.340088335911311 ], [ -71.166552270423537, 42.340039335702748 ], [ -71.166566270439844, 42.340031334903131 ], [ -71.166698270097712, 42.340009335377765 ], [ -71.166686269615909, 42.340074334800406 ], [ -71.16668226966145, 42.340104335252491 ], [ -71.166988269881955, 42.340464335238671 ], [ -71.168123270607452, 42.341917333867457 ], [ -71.168322270696692, 42.342168333086221 ], [ -71.169420271184578, 42.343531332108903 ], [ -71.170002272079856, 42.344252331832749 ], [ -71.171897272658555, 42.346655330177988 ], [ -71.172319273102289, 42.347173329664194 ], [ -71.173170273629211, 42.348208328118282 ], [ -71.173417274316819, 42.348531327962448 ], [ -71.174264273867863, 42.349584327599928 ], [ -71.174707274662055, 42.350155326818047 ], [ -71.174797274191491, 42.350265327141663 ] ] ] ] } },
{ "type": "Feature", "properties": { "geoid": "25025080900", "neighborhood": "Mission Hill", "sales": 489, "median_price": 685000.0, "investor_share": 0.57055214723926384, "large_inst_share": 0.17586912065439672, "small_med_share": 0.39468302658486709, "flip_rate": 0.089979550102249492, "buy_flip_rate": 0.089979550102249492, "condo_share": 0.21881390593047034, "r23_share": 0.42944785276073622, "hold_score": 1.2796636568780071, "flip_score": 1.0633416428198721, "dominant": "mixed", "policy_fit": "Layered approach", "r_mhi": 71875.0, "pct_nonwhite": 0.49862888482632539, "pct_black": 0.072897623400365624, "pct_latino": 0.081124314442413165, "percent_owners": 78.9 }, "geometry": { "type": "MultiPolygon", "coordinates": [ [ [ [ -71.105255392743558, 42.33310941501427 ], [ -71.105158393098833, 42.333303415738122 ], [ -71.10496839468577, 42.333686416031426 ], [ -71.104897395139432, 42.333839416440703 ], [ -71.104858395115102, 42.334041416272882 ], [ -71.104881395694591, 42.334108415888132 ], [ -71.104909395382634, 42.334190416250337 ], [ -71.104452397392393, 42.334386416493217 ], [ -71.103774399811769, 42.334656417670992 ], [ -71.103569399682684, 42.334733418207023 ], [ -71.103227401101151, 42.334860418044215 ], [ -71.103072401388985, 42.3349184184449 ], [ -71.102426403430698, 42.335149419689486 ], [ -71.101950405298766, 42.335285419905084 ], [ -71.101433406957241, 42.335463420588788 ], [ -71.101231406965525, 42.335535420828343 ], [ -71.100932407849356, 42.335654421581992 ], [ -71.100682408724779, 42.335773421546598 ], [ -71.100305409886161, 42.335941421958537 ], [ -71.100218410078526, 42.335910422278296 ], [ -71.100100410309651, 42.335846422538246 ], [ -71.099932409740688, 42.335686422458529 ], [ -71.099844410374104, 42.335565423015851 ], [ -71.099789409478859, 42.335401423298812 ], [ -71.099830409726636, 42.335331423228482 ], [ -71.100051408314513, 42.334987422916264 ], [ -71.100371406477706, 42.334488422410665 ], [ -71.100476405877714, 42.334328421577986 ], [ -71.100515406174054, 42.334268421964893 ], [ -71.100819403822058, 42.333802421551404 ], [ -71.100989402917179, 42.333533421331452 ], [ -71.101320401507635, 42.332960420605524 ], [ -71.100614402026764, 42.332697421479793 ], [ -71.100037402944892, 42.332480422466524 ], [ -71.099719403178213, 42.332387423079467 ], [ -71.099588404059716, 42.332357423002357 ], [ -71.099318403432463, 42.332276423074184 ], [ -71.099019403894204, 42.332186423795925 ], [ -71.097894406000052, 42.331906425077058 ], [ -71.097690406208216, 42.331869425251867 ], [ -71.097549406819851, 42.331845425227336 ], [ -71.097184407805941, 42.33178242585695 ], [ -71.097312406141981, 42.331470426200866 ], [ -71.097500405742991, 42.330979425666449 ], [ -71.097602405022755, 42.330772425079665 ], [ -71.097680404463446, 42.330689425278791 ], [ -71.097948402599144, 42.330501425021794 ], [ -71.098037402692214, 42.330452424333515 ], [ -71.098402400708167, 42.330156424224278 ], [ -71.098494400611742, 42.33006742368147 ], [ -71.098644399912672, 42.329893423457364 ], [ -71.098737399754654, 42.329756423416782 ], [ -71.098759399678002, 42.329707423337801 ], [ -71.098817399141666, 42.329576423102807 ], [ -71.098902397928498, 42.32931142356901 ], [ -71.098908398282546, 42.329282423508872 ], [ -71.098940398156103, 42.329133422959252 ], [ -71.099501397173, 42.329396422983258 ], [ -71.100184395707629, 42.329717421883771 ], [ -71.100503395582578, 42.32986142161969 ], [ -71.100641395517172, 42.329922421419958 ], [ -71.100860395440719, 42.330002421136975 ], [ -71.101045394520071, 42.330052420819285 ], [ -71.101573394614775, 42.33016941969052 ], [ -71.102292393591611, 42.330354418825692 ], [ -71.103080391858228, 42.330528417747864 ], [ -71.10436938916979, 42.330830416538078 ], [ -71.105168388131247, 42.33101241553787 ], [ -71.105074388882301, 42.331182415736663 ], [ -71.104977389402393, 42.331396415504244 ], [ -71.104811390150417, 42.33181241554793 ], [ -71.104739391147021, 42.332014416360011 ], [ -71.105123390870233, 42.332196415436471 ], [ -71.105604390218517, 42.332406414631912 ], [ -71.105255392743558, 42.33310941501427 ] ] ] ] } },
{ "type": "Feature", "properties": { "geoid": "25025060501", "neighborhood": "South Boston", "sales": 2469, "median_price": 445000.0, "investor_share": 0.18874038072093965, "large_inst_share": 0.031996759821790198, "small_med_share": 0.15674362089914945, "flip_rate": 0.079789388416362905, "buy_flip_rate": 0.079789388416362905, "condo_share": 0.7837181044957473, "r23_share": 0.076549210206561358, "hold_score": 1.9124988805601666, "flip_score": -1.6497571058486153, "dominant": "holding", "policy_fit": "Transfer fee on high-value sales", "r_mhi": 125556.0, "pct_nonwhite": 0.11958588633002321, "pct_black": 0.0065497570251426161, "pct_latino": 0.038875977181491654, "percent_owners": 57.6 }, "geometry": { "type": "MultiPolygon", "coordinates": [ [ [ [ -71.047270532358297, 42.337231493131576 ], [ -71.04684853383327, 42.337594493094443 ], [ -71.04651953473072, 42.337877494273826 ], [ -71.046199535993495, 42.338153494212051 ], [ -71.045867538449542, 42.338446494767027 ], [ -71.045558538800805, 42.338718494915483 ], [ -71.045284538879272, 42.338555495587777 ], [ -71.044768539650065, 42.33820549639583 ], [ -71.044382540023378, 42.337980496493842 ], [ -71.043981540578542, 42.337988497107155 ], [ -71.042474544863552, 42.338010499214597 ], [ -71.041605547155797, 42.338028500058343 ], [ -71.040519549477324, 42.3380485022074 ], [ -71.039991550238568, 42.338055502479406 ], [ -71.03876855351308, 42.338077504073468 ], [ -71.037792555566384, 42.338091505164158 ], [ -71.037521555561511, 42.338095505967395 ], [ -71.036443558960485, 42.338124507458694 ], [ -71.035485560365515, 42.33814150818732 ], [ -71.034227564007736, 42.338150509804585 ], [ -71.033409565601033, 42.338170511661374 ], [ -71.032607567341643, 42.338182512376207 ], [ -71.031898568555704, 42.338202513376793 ], [ -71.031059570750799, 42.338219514090021 ], [ -71.029989572843064, 42.338231516215231 ], [ -71.029316574038404, 42.33823851669792 ], [ -71.029294573084186, 42.33741951706422 ], [ -71.029260570554243, 42.336591516503802 ], [ -71.02923356972191, 42.335729516826362 ], [ -71.031290564935347, 42.335696514303692 ], [ -71.033345559376329, 42.335661511421549 ], [ -71.035420554622149, 42.335630508518349 ], [ -71.036382552481655, 42.335610506801572 ], [ -71.037430549896897, 42.335588505817022 ], [ -71.039960544858758, 42.335551502289142 ], [ -71.040731543257749, 42.33553150123921 ], [ -71.04154954152375, 42.335518500337045 ], [ -71.04426853482714, 42.335470496474343 ], [ -71.045443532685937, 42.335452495348804 ], [ -71.045694532197444, 42.335452495053673 ], [ -71.046287531110764, 42.335864494147543 ], [ -71.046940530243077, 42.336281493571001 ], [ -71.0477595295268, 42.336812492024208 ], [ -71.047270532358297, 42.337231493131576 ] ] ] ] } },
{ "type": "Feature", "properties": { "geoid": "25025050101", "neighborhood": "East Boston", "sales": 909, "median_price": 330000.0, "investor_share": 0.29812981298129815, "large_inst_share": 0.11661166116611661, "small_med_share": 0.18151815181518152, "flip_rate": 0.11881188118811881, "buy_flip_rate": 0.11771177117711772, "condo_share": 0.31573157315731576, "r23_share": 0.49614961496149618, "hold_score": -1.3687345120075409, "flip_score": 3.4077376306229894, "dominant": "flipping", "policy_fit": "TOPA / anti-flip / stabilization", "r_mhi": 53646.0, "pct_nonwhite": 0.74740695546064673, "pct_black": 0.035794183445190156, "pct_latino": 0.62192393736017892, "percent_owners": 64.0 }, "geometry": { "type": "MultiPolygon", "coordinates": [ [ [ [ -71.043243633636834, 42.378622500954442 ], [ -71.043242633718791, 42.37866950099108 ], [ -71.043528632362694, 42.378686500648058 ], [ -71.043517633127294, 42.378907500071797 ], [ -71.041879636906131, 42.378990502107214 ], [ -71.041821637583723, 42.379284502225161 ], [ -71.043420634069633, 42.37920150021597 ], [ -71.043349635028235, 42.379324500243982 ], [ -71.041919638414072, 42.37942250218115 ], [ -71.04188263869942, 42.37990950213905 ], [ -71.043265636441589, 42.379830501030241 ], [ -71.043263636342601, 42.379920500200285 ], [ -71.042460638197099, 42.379970501219383 ], [ -71.042474638684467, 42.380056501895346 ], [ -71.042126639536519, 42.380089502511382 ], [ -71.042096638653646, 42.3800265016854 ], [ -71.04200363888846, 42.380037502233982 ], [ -71.042036640365353, 42.380419502063077 ], [ -71.043257637436568, 42.38037950037009 ], [ -71.043263636855116, 42.380465500692303 ], [ -71.042173640177609, 42.380570502241191 ], [ -71.042187639927832, 42.380721501862091 ], [ -71.042201640182569, 42.38088150164694 ], [ -71.042280642229358, 42.381761501527919 ], [ -71.042313642936904, 42.382125501680356 ], [ -71.041979643698653, 42.382140502305703 ], [ -71.040660646873405, 42.38219550425859 ], [ -71.040683648613253, 42.382776504289289 ], [ -71.040374649161407, 42.382804504750304 ], [ -71.040369650233472, 42.383506504893077 ], [ -71.04036565176267, 42.384204504443979 ], [ -71.039858653407833, 42.384209505248066 ], [ -71.039810651886569, 42.383232505121406 ], [ -71.039540652162941, 42.383215505410597 ], [ -71.039522653999668, 42.383940505313049 ], [ -71.039341653653253, 42.383948505651652 ], [ -71.039309653834678, 42.383949505622262 ], [ -71.03931365285186, 42.383198506147032 ], [ -71.039314651640268, 42.382606505891196 ], [ -71.036110658701901, 42.382592509543016 ], [ -71.03339466410651, 42.382611512971827 ], [ -71.033404663316617, 42.381949512913025 ], [ -71.033413661112661, 42.38136151321784 ], [ -71.033422659489659, 42.380522513279267 ], [ -71.033419659815223, 42.380445513025713 ], [ -71.033193659320659, 42.380103513548512 ], [ -71.03278065925042, 42.37948651427115 ], [ -71.034923652574847, 42.378685511059331 ], [ -71.035340652137123, 42.379305510499684 ], [ -71.035763653024929, 42.379936509723699 ], [ -71.036826649142768, 42.379523508765182 ], [ -71.037938645879464, 42.379092507145224 ], [ -71.039210642215991, 42.378634505735057 ], [ -71.040028640259536, 42.37865050465394 ], [ -71.04005364135449, 42.378934504858393 ], [ -71.043243633636834, 42.378622500954442 ] ] ] ] } },
{ "type": "Feature", "properties": { "geoid": "25025110607", "neighborhood": "Roslindale", "sales": 1603, "median_price": 418000.0, "investor_share": 0.10293200249532128, "large_inst_share": 0.026824703680598878, "small_med_share": 0.076107298814722391, "flip_rate": 0.066126013724267005, "buy_flip_rate": 0.06487835308796007, "condo_share": 0.49033063006862132, "r23_share": 0.13849033063006863, "hold_score": -0.80043828639114922, "flip_score": -2.2902468441161314, "dominant": "holding", "policy_fit": "Transfer fee on high-value sales", "r_mhi": 84984.0, "pct_nonwhite": 0.2278241091736164, "pct_black": 0.05098559514783927, "pct_latino": 0.08642911296436695, "percent_owners": 66.2 }, "geometry": { "type": "MultiPolygon", "coordinates": [ [ [ [ -71.147772192300707, 42.286273350007384 ], [ -71.147751192355727, 42.286563349751219 ], [ -71.147745192618615, 42.286654349903891 ], [ -71.147681193696286, 42.286826349624825 ], [ -71.147646193079893, 42.286907350355669 ], [ -71.147567194411266, 42.287010350035942 ], [ -71.147415194079656, 42.287120350628719 ], [ -71.147339194509414, 42.287223350347631 ], [ -71.147321195027175, 42.287326350656578 ], [ -71.147321195256097, 42.287412350915055 ], [ -71.14683619704536, 42.287548350883633 ], [ -71.146496198088101, 42.287662351321607 ], [ -71.145931199831736, 42.287866352216206 ], [ -71.145873199173394, 42.287892352435982 ], [ -71.145514200979321, 42.288008353113433 ], [ -71.145123201982003, 42.288114354163632 ], [ -71.144783202740669, 42.288193353976318 ], [ -71.144639202762008, 42.288232354557294 ], [ -71.144155204412755, 42.288337355286508 ], [ -71.143051207886941, 42.288604356657125 ], [ -71.142933207815403, 42.288658356522021 ], [ -71.142777208929061, 42.288743357031557 ], [ -71.142740209296022, 42.288768356790342 ], [ -71.142725208391511, 42.28877835750599 ], [ -71.142442210245861, 42.289034357291598 ], [ -71.1420252114346, 42.28940235862089 ], [ -71.141718212377896, 42.289640358680238 ], [ -71.141151215086111, 42.290123359767648 ], [ -71.141006216026909, 42.290234359555392 ], [ -71.140381218593447, 42.290766360809876 ], [ -71.139745221358453, 42.291299362206182 ], [ -71.13916022313262, 42.291791362987865 ], [ -71.138703225676451, 42.292179363581972 ], [ -71.138508226017123, 42.292332364035175 ], [ -71.137895228586004, 42.292841364250187 ], [ -71.137304231223382, 42.293356365371459 ], [ -71.136703233206532, 42.293830366400215 ], [ -71.136337235471188, 42.294121366877533 ], [ -71.136009236775308, 42.294429367135628 ], [ -71.135225239748465, 42.295112368557554 ], [ -71.134826241061091, 42.295436369751116 ], [ -71.134284243849422, 42.295898369833907 ], [ -71.133660246096127, 42.29636637119868 ], [ -71.133628246677333, 42.296395371369492 ], [ -71.133297247620561, 42.296608371819872 ], [ -71.133266247401835, 42.296629371419677 ], [ -71.132977248809411, 42.296829372284613 ], [ -71.132497249797908, 42.297037373254739 ], [ -71.132042251701066, 42.297238373207051 ], [ -71.131913252562939, 42.297288373313386 ], [ -71.131301253921364, 42.297533374628891 ], [ -71.130871255964337, 42.297730375383203 ], [ -71.130611256385308, 42.297867375875917 ], [ -71.130395256781583, 42.297989376046523 ], [ -71.130366256721672, 42.29800337606963 ], [ -71.130089258277252, 42.298176376780532 ], [ -71.130067258954952, 42.29818437625876 ], [ -71.129890258191622, 42.298108376733047 ], [ -71.129873258765997, 42.298022376769566 ], [ -71.129854258089054, 42.297863376828204 ], [ -71.129850257818134, 42.297744376847753 ], [ -71.129818257309921, 42.297564376968708 ], [ -71.129728256891369, 42.297372376526354 ], [ -71.12955425685999, 42.297061376582029 ], [ -71.12944825648016, 42.296835376751915 ], [ -71.129390256472149, 42.296724377344283 ], [ -71.129349256644531, 42.296644376906393 ], [ -71.129325256702259, 42.296497376998445 ], [ -71.129331256327461, 42.29636237668462 ], [ -71.129357255527552, 42.296216377083795 ], [ -71.129428254996, 42.29603237688773 ], [ -71.129533255008511, 42.295882377100071 ], [ -71.130204251162667, 42.29516737566896 ], [ -71.130441250105235, 42.294873375422995 ], [ -71.130575249568707, 42.294559374827635 ], [ -71.130605248230623, 42.294377374878451 ], [ -71.130599247571254, 42.294098375291043 ], [ -71.130549246859289, 42.293705375175769 ], [ -71.130537247682696, 42.293615375068676 ], [ -71.130474247097951, 42.293427375436409 ], [ -71.130461246877005, 42.293207375127913 ], [ -71.130462246479226, 42.293156374564312 ], [ -71.129667247457036, 42.292733375750849 ], [ -71.129599247221904, 42.292809376005458 ], [ -71.127734247863202, 42.29130037885394 ], [ -71.12800424665933, 42.291095377834232 ], [ -71.127846247527501, 42.291000378025778 ], [ -71.127343248573808, 42.29099937928811 ], [ -71.127026248028542, 42.290747379691524 ], [ -71.126302249238734, 42.290183379992641 ], [ -71.126179248426041, 42.290089380249015 ], [ -71.126228249204416, 42.290029380644221 ], [ -71.126706247184515, 42.289547379215051 ], [ -71.127138244967568, 42.289161378643342 ], [ -71.12686224520121, 42.28900537909248 ], [ -71.125964245772778, 42.288482380611732 ], [ -71.126311244308255, 42.288149379904098 ], [ -71.126552243883751, 42.28792137974304 ], [ -71.126836242438529, 42.287644379377966 ], [ -71.127044241383913, 42.287460378555011 ], [ -71.127658238494519, 42.287057378127656 ], [ -71.127907238504264, 42.286968377777704 ], [ -71.128173237797427, 42.286914377070453 ], [ -71.128299237568072, 42.286909376557389 ], [ -71.128636236788623, 42.286934376222845 ], [ -71.128775236609414, 42.286939376323794 ], [ -71.12895823608855, 42.286981375739799 ], [ -71.129118235990333, 42.287018375995508 ], [ -71.129279235461212, 42.287085375475492 ], [ -71.129378235145495, 42.287130375815664 ], [ -71.129554234479244, 42.2872113752411 ], [ -71.129701234526891, 42.287180375370411 ], [ -71.130055233679997, 42.287074374254438 ], [ -71.130562232274229, 42.286899373369209 ], [ -71.130948230671095, 42.28678137322364 ], [ -71.131173230084471, 42.286699373199305 ], [ -71.131663229280747, 42.286572371861482 ], [ -71.1318302284715, 42.28652837180276 ], [ -71.132255227218792, 42.286463371375945 ], [ -71.133058224662477, 42.286373370068659 ], [ -71.133381224979971, 42.286351369438123 ], [ -71.133850223502023, 42.286325369457757 ], [ -71.134231222275531, 42.286314368323168 ], [ -71.13522721954854, 42.286302367524414 ], [ -71.137002216498587, 42.286261364778738 ], [ -71.137423214606613, 42.286251364390708 ], [ -71.137621215015741, 42.286247364055193 ], [ -71.138200213378056, 42.286223363180497 ], [ -71.138649212299967, 42.286193362543131 ], [ -71.139329209997555, 42.286166361299479 ], [ -71.139631209539942, 42.28615836059614 ], [ -71.140546208348439, 42.286135359600742 ], [ -71.141910204358993, 42.286109357754285 ], [ -71.143202201810013, 42.286083355687893 ], [ -71.144358198917402, 42.286055354488319 ], [ -71.144895198159304, 42.286049353463056 ], [ -71.145172197189439, 42.286038352974131 ], [ -71.145792196019315, 42.286033352136457 ], [ -71.1462561946759, 42.28602435130847 ], [ -71.146501193953924, 42.286019351349637 ], [ -71.147053193016717, 42.286017350397202 ], [ -71.147387192040085, 42.286007350585322 ], [ -71.147774191217621, 42.285995349730825 ], [ -71.147772192300707, 42.286273350007384 ] ] ] ] } },
{ "type": "Feature", "properties": { "geoid": "25025120104", "neighborhood": "Jamaica Plain", "sales": 862, "median_price": 380000.0, "investor_share": 0.076566125290023199, "large_inst_share": 0.0081206496519721574, "small_med_share": 0.068445475638051048, "flip_rate": 0.069605568445475635, "buy_flip_rate": 0.070765661252900236, "condo_share": 0.77030162412993042, "r23_share": 0.078886310904872387, "hold_score": -1.2026420294422411, "flip_score": -2.304065794094698, "dominant": "holding", "policy_fit": "Transfer fee on high-value sales", "r_mhi": 90761.0, "pct_nonwhite": 0.33839022334597557, "pct_black": 0.06447534766118837, "pct_latino": 0.13653603034134007, "percent_owners": 62.6 }, "geometry": { "type": "MultiPolygon", "coordinates": [ [ [ [ -71.121358301137576, 42.308727390038868 ], [ -71.121296302149588, 42.308777389993772 ], [ -71.121186301920659, 42.30888839074408 ], [ -71.121128302507557, 42.308919390410338 ], [ -71.121042302761424, 42.308951390711847 ], [ -71.120887303513172, 42.308986390993972 ], [ -71.120726304049697, 42.30900939101732 ], [ -71.120503304094356, 42.309009391539831 ], [ -71.120128305292596, 42.308956391344552 ], [ -71.119539305736083, 42.308874392754973 ], [ -71.119129306981151, 42.308816392944998 ], [ -71.118872307801553, 42.308780393604344 ], [ -71.118648308320758, 42.30876039340766 ], [ -71.118472308312391, 42.308751394363071 ], [ -71.11839230892889, 42.308751394424895 ], [ -71.118253308838291, 42.308767393974165 ], [ -71.11799830926094, 42.308805394756384 ], [ -71.117313311489283, 42.308954395322182 ], [ -71.117163312165943, 42.30898539550671 ], [ -71.116721312805254, 42.30909739622173 ], [ -71.116528313661192, 42.309160396427309 ], [ -71.11641831360194, 42.309212397049649 ], [ -71.116212315011808, 42.309313397215391 ], [ -71.116062315737466, 42.309436397349764 ], [ -71.115826316227924, 42.309602398024545 ], [ -71.115655316124787, 42.309667397814508 ], [ -71.11547131697921, 42.309675398363268 ], [ -71.115508316938033, 42.309597397915695 ], [ -71.115544316444442, 42.309463398315913 ], [ -71.11558131541851, 42.309297398272733 ], [ -71.115576316257602, 42.309192397878022 ], [ -71.115578315251369, 42.308937398019708 ], [ -71.115554314015654, 42.308474398295772 ], [ -71.115530312862745, 42.308057398327662 ], [ -71.115505312507892, 42.307655397536095 ], [ -71.115476311437646, 42.307388398275137 ], [ -71.115448311514172, 42.307254397928759 ], [ -71.115407311088333, 42.307076397939419 ], [ -71.115386311717955, 42.30700439839071 ], [ -71.115338310751241, 42.306839397752796 ], [ -71.115244310742924, 42.306632398195703 ], [ -71.115094310836852, 42.306298398694345 ], [ -71.114920310215226, 42.305942398117182 ], [ -71.114865309271948, 42.305859398145408 ], [ -71.114810309993686, 42.305758398491633 ], [ -71.114770310186842, 42.305666398938357 ], [ -71.114741309360497, 42.305605398383506 ], [ -71.114669308900886, 42.305491398990895 ], [ -71.1146463092593, 42.305318398927845 ], [ -71.114647308854785, 42.305124398824724 ], [ -71.114669307974253, 42.304853398176064 ], [ -71.114696307861479, 42.30456039837587 ], [ -71.114708306719251, 42.30422639820307 ], [ -71.114700305712134, 42.303903398340466 ], [ -71.114702304656092, 42.303636398128546 ], [ -71.114697304760639, 42.303542398311023 ], [ -71.114583304182929, 42.303030398084758 ], [ -71.114540303931946, 42.302862398627994 ], [ -71.114471302972746, 42.302516398525519 ], [ -71.114449303338276, 42.302332398214439 ], [ -71.114447303164866, 42.302238398517254 ], [ -71.114446303026227, 42.302167398503641 ], [ -71.114460302230697, 42.301904398861502 ], [ -71.114482301845243, 42.301759398495399 ], [ -71.114104301999575, 42.301619398570061 ], [ -71.113948302804175, 42.301579399348398 ], [ -71.113866302345173, 42.301558399040381 ], [ -71.113627303203174, 42.301514399601544 ], [ -71.113383303221397, 42.301492399654627 ], [ -71.113426302511897, 42.301396399547116 ], [ -71.113502302873613, 42.301228400043286 ], [ -71.114158298387395, 42.300179398523355 ], [ -71.114195298777403, 42.300119398940943 ], [ -71.114688296222027, 42.299346397351684 ], [ -71.115435290920459, 42.29820639661331 ], [ -71.115533291709482, 42.298244396585233 ], [ -71.115834291041708, 42.298290396359668 ], [ -71.115433293285164, 42.298903396305946 ], [ -71.11541329267547, 42.298933396684042 ], [ -71.11528529346954, 42.299196396814864 ], [ -71.115234294595908, 42.299275396627536 ], [ -71.115004295990872, 42.29971739725385 ], [ -71.114896296059683, 42.299940397890616 ], [ -71.114914296885715, 42.300099397906848 ], [ -71.115484294547784, 42.299853397015362 ], [ -71.11611629283783, 42.299554395400996 ], [ -71.116782291120529, 42.299312394476338 ], [ -71.117421291808938, 42.300205394226424 ], [ -71.117617291281704, 42.300152393995141 ], [ -71.118021289564993, 42.300086393077386 ], [ -71.118391288322101, 42.300042392814561 ], [ -71.11924328629587, 42.299968391200188 ], [ -71.119380285953596, 42.299944391009568 ], [ -71.119665286195669, 42.299882390879169 ], [ -71.119775285325332, 42.299866390961178 ], [ -71.120019285052834, 42.299817390583996 ], [ -71.120107283966576, 42.29973539052866 ], [ -71.120063285349758, 42.299899390307353 ], [ -71.120152285275694, 42.300275389974871 ], [ -71.120174287062753, 42.300849390552536 ], [ -71.120196287277352, 42.300947390539683 ], [ -71.120041287715011, 42.300963390672102 ], [ -71.119908286933779, 42.300947391098269 ], [ -71.11966528861609, 42.300963391405134 ], [ -71.119661287840941, 42.301129391451205 ], [ -71.119505289294025, 42.301140391798825 ], [ -71.119379288893953, 42.301177391963776 ], [ -71.119289289677326, 42.301238391656625 ], [ -71.119192290324364, 42.301326391454026 ], [ -71.119077290217561, 42.301406391784099 ], [ -71.118751291880045, 42.301498392888277 ], [ -71.11852129186056, 42.301536393077626 ], [ -71.118172292900482, 42.301563392967694 ], [ -71.11792729273543, 42.301568393910358 ], [ -71.117682294477731, 42.301599394063622 ], [ -71.117555293860676, 42.301632394279196 ], [ -71.117436294652563, 42.301698394424797 ], [ -71.117324294796447, 42.301791394298931 ], [ -71.117235296154178, 42.301874394513753 ], [ -71.117131295875808, 42.301999394942712 ], [ -71.116959297314395, 42.302186394648871 ], [ -71.116780298056582, 42.302329395669126 ], [ -71.11715929743437, 42.302397394989612 ], [ -71.117660295627715, 42.302553394353758 ], [ -71.118109295013525, 42.302679393692287 ], [ -71.118444295105846, 42.302813392903595 ], [ -71.118795294589447, 42.302996392512853 ], [ -71.119146294933302, 42.303251392399382 ], [ -71.119410294477831, 42.303514392222908 ], [ -71.119647295030987, 42.303817391467042 ], [ -71.119788294526998, 42.304054391457313 ], [ -71.120001295918584, 42.304567391498999 ], [ -71.120075296199829, 42.304862390966747 ], [ -71.120080296805838, 42.305028390930673 ], [ -71.120068296885123, 42.305194391421075 ], [ -71.120024296444583, 42.305334391765655 ], [ -71.11990329789802, 42.305633391215039 ], [ -71.11975529949413, 42.305947392008981 ], [ -71.119606300366598, 42.306305392238151 ], [ -71.119565300463094, 42.306432392106885 ], [ -71.119540300524719, 42.306514392214375 ], [ -71.119520300748334, 42.306715392206868 ], [ -71.119564302158466, 42.307059392110837 ], [ -71.119630302759546, 42.307287392101074 ], [ -71.119654302326964, 42.3073703925131 ], [ -71.119796302277138, 42.307672391680768 ], [ -71.119841303346192, 42.307790392143161 ], [ -71.120007303198591, 42.308084392011374 ], [ -71.120249303606329, 42.308347391574053 ], [ -71.120352303428561, 42.308423390954637 ], [ -71.120622303296983, 42.308574390655075 ], [ -71.120795303332528, 42.308643391228017 ], [ -71.120992302752853, 42.308684390391718 ], [ -71.121173302557452, 42.308693390348147 ], [ -71.12146230168679, 42.308685389753322 ], [ -71.121358301137576, 42.308727390038868 ] ] ] ] } },
{ "type": "Feature", "properties": { "geoid": "25025120201", "neighborhood": "Jamaica Plain", "sales": 1310, "median_price": 358750.0, "investor_share": 0.13969465648854962, "large_inst_share": 0.021374045801526718, "small_med_share": 0.1183206106870229, "flip_rate": 0.053435114503816793, "buy_flip_rate": 0.053435114503816793, "condo_share": 0.80458015267175576, "r23_share": 0.083969465648854963, "hold_score": 1.4037624392753283, "flip_score": -3.4387830245655517, "dominant": "holding", "policy_fit": "Transfer fee on high-value sales", "r_mhi": 76066.0, "pct_nonwhite": 0.46032110091743117, "pct_black": 0.11100917431192661, "pct_latino": 0.18990825688073396, "percent_owners": 59.3 }, "geometry": { "type": "MultiPolygon", "coordinates": [ [ [ [ -71.115244310742924, 42.306632398195703 ], [ -71.114949310924644, 42.306678398814476 ], [ -71.1144263129477, 42.306732399482506 ], [ -71.113845314816004, 42.306798400193927 ], [ -71.112590316768333, 42.306908402057523 ], [ -71.11173131960463, 42.307001402838232 ], [ -71.111547320302563, 42.307028403274877 ], [ -71.110970321358906, 42.307078403782647 ], [ -71.110927321939343, 42.307079404338602 ], [ -71.110623322705081, 42.307088404371555 ], [ -71.11041032299724, 42.30708140493546 ], [ -71.110582321538658, 42.306836404408614 ], [ -71.110647321777876, 42.30672740401814 ], [ -71.11069032053345, 42.306628404317472 ], [ -71.110729320578656, 42.306481404268304 ], [ -71.110800319257024, 42.306144403780465 ], [ -71.110547320476812, 42.306129404151477 ], [ -71.110337320883318, 42.306082404578852 ], [ -71.110298320991177, 42.306069404412384 ], [ -71.109326326056106, 42.307517406514599 ], [ -71.108810328290488, 42.308272407133657 ], [ -71.10765733534889, 42.310098408714417 ], [ -71.10734433753629, 42.310622409834139 ], [ -71.106997337736232, 42.310463410079073 ], [ -71.106437338958713, 42.310234410482558 ], [ -71.106173338568397, 42.310120411008413 ], [ -71.106108338770483, 42.310091411205114 ], [ -71.105651339607988, 42.309886411420365 ], [ -71.10540733976832, 42.309787412013137 ], [ -71.104889340903227, 42.30955841300959 ], [ -71.104557340889954, 42.309435413459845 ], [ -71.104373341283292, 42.309381413431957 ], [ -71.102949343696011, 42.309003415159253 ], [ -71.102449345012033, 42.308878415653083 ], [ -71.102509343588366, 42.308740415663813 ], [ -71.102536344185879, 42.308609415712127 ], [ -71.102542343449187, 42.308476415604638 ], [ -71.102538342960131, 42.308282415428728 ], [ -71.102545342523555, 42.307794415870575 ], [ -71.102564341450488, 42.307650415824718 ], [ -71.10263034011605, 42.307257415275991 ], [ -71.102698338953445, 42.306842415578203 ], [ -71.102714338820036, 42.306629415244011 ], [ -71.102721338821198, 42.306417415537979 ], [ -71.102694337185866, 42.306036414902529 ], [ -71.102689337791446, 42.305966414712557 ], [ -71.102667336916525, 42.305650414875814 ], [ -71.102684336723826, 42.30541641488167 ], [ -71.102712335837381, 42.305269415445579 ], [ -71.102747336183853, 42.305200415068569 ], [ -71.102761335482711, 42.305174415102677 ], [ -71.102854335045095, 42.305066415195206 ], [ -71.102997334242943, 42.304927414156353 ], [ -71.103078334362948, 42.304789414279426 ], [ -71.103132334021112, 42.304650414526762 ], [ -71.103170333643277, 42.304499414347056 ], [ -71.103215331868086, 42.304181413956833 ], [ -71.103253331876289, 42.303971414447325 ], [ -71.103302330762986, 42.30382841441223 ], [ -71.103410330292789, 42.303682413761756 ], [ -71.1037603285166, 42.303289413129392 ], [ -71.103873328952005, 42.303162412978814 ], [ -71.104071327281432, 42.302985413004166 ], [ -71.104334327081048, 42.302763412620486 ], [ -71.104559326118576, 42.302585411772107 ], [ -71.104849324519478, 42.302320412059856 ], [ -71.104961323786014, 42.302223411656705 ], [ -71.105224323216191, 42.302009411080356 ], [ -71.105497321902291, 42.301800411167775 ], [ -71.105580321965192, 42.301745410420914 ], [ -71.105701321277323, 42.301665410814898 ], [ -71.105936320058731, 42.301551410521753 ], [ -71.106241319288131, 42.301416409701005 ], [ -71.106450318448424, 42.301306409349898 ], [ -71.106702317414218, 42.301152408677261 ], [ -71.106783316963899, 42.301063408514452 ], [ -71.106806317680437, 42.301026409267628 ], [ -71.106801316880578, 42.300996408592496 ], [ -71.106775317506347, 42.300962408977945 ], [ -71.106734317737619, 42.300934408948955 ], [ -71.106654316661903, 42.300880408947812 ], [ -71.107105316452774, 42.300953408148828 ], [ -71.10736331586763, 42.30099540819343 ], [ -71.107552315880085, 42.301057408127868 ], [ -71.107774315015462, 42.301154407852117 ], [ -71.107995314875311, 42.301256407598537 ], [ -71.10824431500393, 42.301337406537087 ], [ -71.108471313884749, 42.301394406344635 ], [ -71.108769313673449, 42.301456406362043 ], [ -71.109007312798255, 42.301485405430256 ], [ -71.109299312898557, 42.30151040567511 ], [ -71.112086306683651, 42.301458402052837 ], [ -71.112180305833121, 42.301456401864463 ], [ -71.112438305835198, 42.301452401420967 ], [ -71.112675304728128, 42.301459400611648 ], [ -71.113167303967387, 42.301473400488483 ], [ -71.113383303221397, 42.301492399654627 ], [ -71.113627303203174, 42.301514399601544 ], [ -71.113866302345173, 42.301558399040381 ], [ -71.113948302804175, 42.301579399348398 ], [ -71.114104301999575, 42.301619398570061 ], [ -71.114482301845243, 42.301759398495399 ], [ -71.114460302230697, 42.301904398861502 ], [ -71.114446303026227, 42.302167398503641 ], [ -71.114447303164866, 42.302238398517254 ], [ -71.114449303338276, 42.302332398214439 ], [ -71.114471302972746, 42.302516398525519 ], [ -71.114540303931946, 42.302862398627994 ], [ -71.114583304182929, 42.303030398084758 ], [ -71.114697304760639, 42.303542398311023 ], [ -71.114702304656092, 42.303636398128546 ], [ -71.114700305712134, 42.303903398340466 ], [ -71.114708306719251, 42.30422639820307 ], [ -71.114696307861479, 42.30456039837587 ], [ -71.114669307974253, 42.304853398176064 ], [ -71.114647308854785, 42.305124398824724 ], [ -71.1146463092593, 42.305318398927845 ], [ -71.114669308900886, 42.305491398990895 ], [ -71.114741309360497, 42.305605398383506 ], [ -71.114770310186842, 42.305666398938357 ], [ -71.114810309993686, 42.305758398491633 ], [ -71.114865309271948, 42.305859398145408 ], [ -71.114920310215226, 42.305942398117182 ], [ -71.115094310836852, 42.306298398694345 ], [ -71.115244310742924, 42.306632398195703 ] ] ] ] } },
{ "type": "Feature", "properties": { "geoid": "25025000704", "neighborhood": "Allston", "sales": 1327, "median_price": 298000.0, "investor_share": 0.27128862094951017, "large_inst_share": 0.10700828937452901, "small_med_share": 0.16428033157498115, "flip_rate": 0.085908063300678225, "buy_flip_rate": 0.085908063300678225, "condo_share": 0.9012810851544838, "r23_share": 0.027128862094951016, "hold_score": 1.7905765156666726, "flip_score": -1.505400388804125, "dominant": "holding", "policy_fit": "Transfer fee on high-value sales", "r_mhi": 63571.0, "pct_nonwhite": 0.49755271084337349, "pct_black": 0.054028614457831324, "pct_latino": 0.13158885542168675, "percent_owners": 72.3 }, "geometry": { "type": "MultiPolygon", "coordinates": [ [ [ [ -71.136378361850532, 42.350393377347245 ], [ -71.136147363104328, 42.350794377283712 ], [ -71.135887364238826, 42.35125337785226 ], [ -71.13574036528729, 42.351528378216159 ], [ -71.135708365854441, 42.351581378595014 ], [ -71.135643365566807, 42.351695377915235 ], [ -71.135546366912706, 42.351828378145278 ], [ -71.135112369008127, 42.352375378765601 ], [ -71.134523371778172, 42.353112380048415 ], [ -71.134462372473735, 42.353240380059823 ], [ -71.134559372563785, 42.353352379757681 ], [ -71.134446372113786, 42.353338380487507 ], [ -71.134001373368221, 42.353283380486403 ], [ -71.133637374418853, 42.353238381456237 ], [ -71.13317737430188, 42.353181381363278 ], [ -71.133114374959746, 42.353173382172578 ], [ -71.132105377078787, 42.353061383514202 ], [ -71.132080376485916, 42.352940383155854 ], [ -71.131926376177518, 42.352384382978677 ], [ -71.131812375473871, 42.352008383666778 ], [ -71.131600374215054, 42.351443383451205 ], [ -71.131446374525311, 42.351154383716114 ], [ -71.131070373080433, 42.35049938437156 ], [ -71.131034373680151, 42.350426384240045 ], [ -71.13102037351112, 42.350406384435878 ], [ -71.130983373619117, 42.350336384440787 ], [ -71.130936372796015, 42.350266383857949 ], [ -71.130867372662991, 42.350136384040958 ], [ -71.130669373493888, 42.349860384383341 ], [ -71.130370372270903, 42.349528385102587 ], [ -71.13007137346554, 42.349247385490713 ], [ -71.130032373364571, 42.349218385098631 ], [ -71.129896372526957, 42.349058384894427 ], [ -71.129745372804379, 42.34885038594873 ], [ -71.130136372005225, 42.348660384548594 ], [ -71.130526370155749, 42.348476384432054 ], [ -71.130754368817009, 42.34836838408426 ], [ -71.131073368580317, 42.348216383645024 ], [ -71.131274367914273, 42.348121383176426 ], [ -71.132006365318588, 42.34777338233603 ], [ -71.133380360710476, 42.347122380624739 ], [ -71.134253357111177, 42.346577379518187 ], [ -71.134548357594028, 42.346729378453624 ], [ -71.134673356703459, 42.346850378258338 ], [ -71.135554357071115, 42.347592377764336 ], [ -71.135960357204937, 42.347957377401855 ], [ -71.135756357126056, 42.347968377775054 ], [ -71.135573357312708, 42.348003377600477 ], [ -71.135374358730843, 42.348054377677386 ], [ -71.135041359244326, 42.348165378853643 ], [ -71.135125359257145, 42.348290378561742 ], [ -71.135171358920516, 42.348358378337196 ], [ -71.135211359154027, 42.348425378653523 ], [ -71.135237359051743, 42.348490378234153 ], [ -71.135510359682328, 42.348776377662432 ], [ -71.135723359435744, 42.349040377835728 ], [ -71.135802360047876, 42.349168378053797 ], [ -71.135842360403117, 42.349274377744102 ], [ -71.135852359801135, 42.349381377204693 ], [ -71.135852360603891, 42.349449377815262 ], [ -71.13582436075589, 42.349573377771684 ], [ -71.135764361731944, 42.349721378033408 ], [ -71.13572636177922, 42.349837377841475 ], [ -71.13569336222956, 42.349992377768004 ], [ -71.135902361895432, 42.350065377637868 ], [ -71.13617536087348, 42.350213377324764 ], [ -71.136378361850532, 42.350393377347245 ] ] ] ] } },
{ "type": "Feature", "properties": { "geoid": "25025010802", "neighborhood": "Back Bay", "sales": 2285, "median_price": 667000.0, "investor_share": 0.23019693654266959, "large_inst_share": 0.045076586433260395, "small_med_share": 0.18512035010940919, "flip_rate": 0.087089715536105033, "buy_flip_rate": 0.087089715536105033, "condo_share": 0.94442013129102842, "r23_share": 0.00612691466083151, "hold_score": 1.3479366852344583, "flip_score": -1.5426211403348176, "dominant": "holding", "policy_fit": "Transfer fee on high-value sales", "r_mhi": 110172.0, "pct_nonwhite": 0.19784172661870503, "pct_black": 0.014388489208633094, "pct_latino": 0.045454545454545456, "percent_owners": 64.7 }, "geometry": { "type": "MultiPolygon", "coordinates": [ [ [ [ -71.08986146785729, 42.351576437939976 ], [ -71.089272470550299, 42.351724439182043 ], [ -71.088999471194057, 42.351778439462024 ], [ -71.088534472174786, 42.351860440253141 ], [ -71.087977473839743, 42.351982440901139 ], [ -71.087408475496829, 42.352128441674139 ], [ -71.087326475708153, 42.352149441210869 ], [ -71.086557478159236, 42.352372442213003 ], [ -71.085914479491137, 42.352526443291509 ], [ -71.085778479963238, 42.352559443570101 ], [ -71.084536483273965, 42.352918445266006 ], [ -71.083949485004098, 42.353062446323122 ], [ -71.083846484974188, 42.353087445745174 ], [ -71.082936488387986, 42.353340447563184 ], [ -71.082224490289747, 42.35353144809055 ], [ -71.081709491033664, 42.353673449358773 ], [ -71.081594491231982, 42.353704449484447 ], [ -71.08152549129268, 42.353581449301963 ], [ -71.081260490736838, 42.353054449744299 ], [ -71.08105449059849, 42.352644450093756 ], [ -71.080861489964946, 42.352267449835317 ], [ -71.083172483129786, 42.351651446660064 ], [ -71.085124478225055, 42.35114444436482 ], [ -71.084929477680816, 42.350756444812461 ], [ -71.084698476757168, 42.350297444917679 ], [ -71.086242472547966, 42.349910442408017 ], [ -71.087163470708319, 42.349662441553015 ], [ -71.088709465187421, 42.349252439519994 ], [ -71.0889364665248, 42.349700438935066 ], [ -71.089118467013009, 42.350055439132944 ], [ -71.089299467043006, 42.350459438258667 ], [ -71.089496467738499, 42.350848438596039 ], [ -71.089756467558516, 42.351363438328399 ], [ -71.089819467717177, 42.351493438058064 ], [ -71.08986146785729, 42.351576437939976 ] ] ] ] } },
{ "type": "Feature", "properties": { "geoid": "25025010204", "neighborhood": "Fenway", "sales": 595, "median_price": 439000.0, "investor_share": 0.26218487394957984, "large_inst_share": 0.067226890756302518, "small_med_share": 0.19495798319327731, "flip_rate": 0.068907563025210089, "buy_flip_rate": 0.068907563025210089, "condo_share": 0.92941176470588238, "r23_share": 0.0016806722689075631, "hold_score": 2.2368401197125274, "flip_score": -2.8312414926993905, "dominant": "holding", "policy_fit": "Transfer fee on high-value sales", "r_mhi": 55714.0, "pct_nonwhite": 0.50914899796688928, "pct_black": 0.048794655823409819, "pct_latino": 0.076967760673830959, "percent_owners": 68.6 }, "geometry": { "type": "MultiPolygon", "coordinates": [ [ [ [ -71.107212419363378, 42.347049414463271 ], [ -71.107120420451864, 42.347470414608424 ], [ -71.107106420262241, 42.347544414776706 ], [ -71.107063420646043, 42.347766415453215 ], [ -71.107049421543508, 42.347840414713616 ], [ -71.107031421999196, 42.347915414932096 ], [ -71.106977422688331, 42.348143415328991 ], [ -71.106959422835288, 42.348219414852949 ], [ -71.106893423878844, 42.348588415462956 ], [ -71.106853424273964, 42.348759415825697 ], [ -71.106824424058772, 42.348753415305168 ], [ -71.105203426898683, 42.348438417369778 ], [ -71.104679428005539, 42.348336418147902 ], [ -71.103313430656513, 42.348093420393667 ], [ -71.101592434164118, 42.347817422311877 ], [ -71.101142434688398, 42.34775842250135 ], [ -71.100870435181676, 42.347724423063653 ], [ -71.100621435464376, 42.347693423381415 ], [ -71.100152436639291, 42.3476634241092 ], [ -71.099801437304578, 42.347651424297439 ], [ -71.098114441020485, 42.347637426547372 ], [ -71.098165440260246, 42.347599426983905 ], [ -71.098574438769276, 42.347173425743939 ], [ -71.098954437642846, 42.346815425332856 ], [ -71.099346435005387, 42.346439425414452 ], [ -71.09950043487855, 42.346273424983252 ], [ -71.099701433816662, 42.346067424127696 ], [ -71.100317431282278, 42.345470423376213 ], [ -71.100594430688091, 42.345223422853969 ], [ -71.100803429258747, 42.34503642326311 ], [ -71.100981428213302, 42.344881422841425 ], [ -71.101667425286408, 42.344221422030465 ], [ -71.101702425230187, 42.344190421961933 ], [ -71.101823424644692, 42.34408242150694 ], [ -71.101896424541849, 42.344013421077875 ], [ -71.102421421852981, 42.343518420149444 ], [ -71.102518421418196, 42.343375420893459 ], [ -71.102818420865404, 42.343516420120373 ], [ -71.103101421458135, 42.343712419919171 ], [ -71.103398421065663, 42.343965419704453 ], [ -71.103609420771747, 42.344064419238194 ], [ -71.103735420881122, 42.344092418507003 ], [ -71.103893420374661, 42.344112418915287 ], [ -71.104052419795551, 42.344120418965176 ], [ -71.104205419649446, 42.344106418440781 ], [ -71.104306419766985, 42.344082418462392 ], [ -71.10439241871272, 42.344117417803048 ], [ -71.104343419844113, 42.344169418441808 ], [ -71.104618419023282, 42.3443884181779 ], [ -71.104922418492308, 42.344192417818491 ], [ -71.105061417431074, 42.3441264167624 ], [ -71.105174417520004, 42.344065417444789 ], [ -71.105235417323144, 42.344032416873901 ], [ -71.105292417042705, 42.343999416948883 ], [ -71.105367417052719, 42.343957416423031 ], [ -71.105515415856161, 42.34381241633217 ], [ -71.105557416394859, 42.343898416641835 ], [ -71.105580416553394, 42.343942416218944 ], [ -71.105668415934502, 42.344120416510634 ], [ -71.105775416735156, 42.344316416551436 ], [ -71.10579541611304, 42.344397415862417 ], [ -71.105829416833814, 42.344448415935105 ], [ -71.105909417279307, 42.344566415718404 ], [ -71.106250417579105, 42.345070415856462 ], [ -71.106331416900844, 42.345222415529356 ], [ -71.106348417466194, 42.345253415809658 ], [ -71.106381416972724, 42.345326415389252 ], [ -71.106479418191014, 42.345546415375317 ], [ -71.106512417851675, 42.34562041513523 ], [ -71.106526418048162, 42.345646415710341 ], [ -71.106570418341207, 42.345727415029991 ], [ -71.10658541725563, 42.345754415635007 ], [ -71.106615418478512, 42.345810415495663 ], [ -71.106708418200114, 42.34598341558101 ], [ -71.106739418317815, 42.346040415442943 ], [ -71.106755417676155, 42.34608241558626 ], [ -71.106776417653506, 42.346138415236688 ], [ -71.106804418060904, 42.346210415370699 ], [ -71.106820418579616, 42.346253414829725 ], [ -71.106862418223898, 42.346335415511234 ], [ -71.106989419086062, 42.346581414573919 ], [ -71.107032419072553, 42.346664415225469 ], [ -71.107041418322041, 42.346681414646 ], [ -71.107068419447174, 42.346734415160597 ], [ -71.107077418575415, 42.346752414800392 ], [ -71.107193419791287, 42.346977414571711 ], [ -71.107212419363378, 42.347049414463271 ] ] ] ] } },
{ "type": "Feature", "properties": { "geoid": "25025010404", "neighborhood": "Fenway", "sales": 946, "median_price": 399000.0, "investor_share": 0.24312896405919662, "large_inst_share": 0.079281183932346719, "small_med_share": 0.16384778012684989, "flip_rate": 0.097251585623678652, "buy_flip_rate": 0.097251585623678652, "condo_share": 0.92177589852008457, "r23_share": 0.0021141649048625794, "hold_score": 1.7562900513071229, "flip_score": -0.85933865825503508, "dominant": "holding", "policy_fit": "Transfer fee on high-value sales", "r_mhi": 23304.0, "pct_nonwhite": 0.42735340177483905, "pct_black": 0.068557508265181838, "pct_latino": 0.093092048025056551, "percent_owners": 75.8 }, "geometry": { "type": "MultiPolygon", "coordinates": [ [ [ [ -71.09180943819257, 42.339871433915896 ], [ -71.091730438460928, 42.339994434188242 ], [ -71.091207440949816, 42.340915434903891 ], [ -71.091187441895826, 42.34094943538981 ], [ -71.091101442626339, 42.341096435535121 ], [ -71.091029442861355, 42.34121143498195 ], [ -71.0908864436838, 42.341438435717869 ], [ -71.090698444163976, 42.341737435470606 ], [ -71.090619444818074, 42.341866436295206 ], [ -71.090527445579994, 42.342016436015918 ], [ -71.090488445581158, 42.342079436465355 ], [ -71.090479445884171, 42.342106436598542 ], [ -71.090457446165587, 42.342161436347695 ], [ -71.090406446396884, 42.34229343655295 ], [ -71.090330446984296, 42.342605436744527 ], [ -71.090291447614518, 42.342782436619622 ], [ -71.090203448622972, 42.343189436890135 ], [ -71.090078449452051, 42.343573436884633 ], [ -71.090012451072951, 42.343774436722427 ], [ -71.089964450625828, 42.343920437020515 ], [ -71.089484451907651, 42.34384643773938 ], [ -71.087684455311233, 42.34357044020539 ], [ -71.086804456668133, 42.343436441020863 ], [ -71.086322457594122, 42.343355441353964 ], [ -71.085975458211109, 42.343319442437554 ], [ -71.085795459124341, 42.34333244280262 ], [ -71.085045459297717, 42.342825443414903 ], [ -71.084957459468924, 42.342770443941376 ], [ -71.085306458322606, 42.342501443081979 ], [ -71.085671456947139, 42.342195442755639 ], [ -71.086421454038344, 42.34159344164798 ], [ -71.086613453020732, 42.341474441582768 ], [ -71.08698045205945, 42.341233440892196 ], [ -71.087147450695653, 42.341155440411292 ], [ -71.087723448969555, 42.340930439225595 ], [ -71.087952449170686, 42.340841439459091 ], [ -71.088276447123931, 42.340715438804274 ], [ -71.088521446721529, 42.340622438459519 ], [ -71.088964445782381, 42.340454437954769 ], [ -71.089796443097683, 42.340119436636307 ], [ -71.090659440465728, 42.339766435651981 ], [ -71.091025438571805, 42.339608435381329 ], [ -71.09175043792834, 42.339827434270553 ], [ -71.09180943819257, 42.339871433915896 ] ] ] ] } },
{ "type": "Feature", "properties": { "geoid": "25025000401", "neighborhood": "Brighton", "sales": 1689, "median_price": 275000.0, "investor_share": 0.22084073416222616, "large_inst_share": 0.050917702782711662, "small_med_share": 0.16992303137951451, "flip_rate": 0.089994079336885732, "buy_flip_rate": 0.089994079336885732, "condo_share": 0.82711663706335115, "r23_share": 0.11012433392539965, "hold_score": 0.024755879808391487, "flip_score": -0.74993763261077806, "dominant": "holding", "policy_fit": "Transfer fee on high-value sales", "r_mhi": 72333.0, "pct_nonwhite": 0.36494105586878522, "pct_black": 0.030240902101486417, "pct_latino": 0.07602938663933026, "percent_owners": 75.8 }, "geometry": { "type": "MultiPolygon", "coordinates": [ [ [ [ -71.154733298895806, 42.341206351567976 ], [ -71.15455230014615, 42.341557351373091 ], [ -71.15435530165324, 42.341845351857884 ], [ -71.15419630283796, 42.342065352143003 ], [ -71.153840303960905, 42.342586352844251 ], [ -71.153631305306718, 42.342929353312073 ], [ -71.153461306996746, 42.343183353055046 ], [ -71.153416307242949, 42.343289353471143 ], [ -71.153392307717837, 42.343484353112814 ], [ -71.153420307797816, 42.34381435382754 ], [ -71.153450308925628, 42.343953353417454 ], [ -71.153456309419582, 42.344144353408787 ], [ -71.153433309404832, 42.344316353650903 ], [ -71.153367309847084, 42.344504353892063 ], [ -71.15327331023029, 42.344650354042507 ], [ -71.153071312349113, 42.345106354417112 ], [ -71.15303831189874, 42.345158354599597 ], [ -71.152946312600392, 42.345409353980365 ], [ -71.152909313812984, 42.345645354780409 ], [ -71.15293631365067, 42.345828354206525 ], [ -71.152996314440955, 42.345996354431399 ], [ -71.15306631488798, 42.346154354661053 ], [ -71.152811314901143, 42.346155354379214 ], [ -71.152445315129953, 42.346096355186404 ], [ -71.151645316459707, 42.345909356332697 ], [ -71.151234317766438, 42.345813356471432 ], [ -71.151009318899142, 42.346197357557934 ], [ -71.150897319176877, 42.346387357651622 ], [ -71.150691321175699, 42.346710357267135 ], [ -71.150072324441211, 42.347675358869957 ], [ -71.149754325848463, 42.348185358803136 ], [ -71.149367326520462, 42.347754359668556 ], [ -71.149046326129223, 42.347457359632067 ], [ -71.148650326329275, 42.347198360380709 ], [ -71.148343326524895, 42.347019360511602 ], [ -71.14804232765519, 42.346857361217474 ], [ -71.147740327317436, 42.346747361437203 ], [ -71.147315328139982, 42.346582362395729 ], [ -71.146513329725806, 42.346247362822311 ], [ -71.146350328831019, 42.346167363604508 ], [ -71.146237329491655, 42.346106363683987 ], [ -71.146095329143861, 42.345986363122613 ], [ -71.145861329718514, 42.345755363446102 ], [ -71.145660329957266, 42.345523363879515 ], [ -71.145559329180443, 42.345413364192268 ], [ -71.145334329215331, 42.345203364267618 ], [ -71.14504832919981, 42.344963364398303 ], [ -71.144542330481812, 42.344623365166385 ], [ -71.143727330717965, 42.344190365937578 ], [ -71.143108331842967, 42.343878366667539 ], [ -71.143427329379065, 42.343451366425171 ], [ -71.143586328520058, 42.343224365921643 ], [ -71.143654328496609, 42.343137366446868 ], [ -71.143818328044063, 42.342978365575945 ], [ -71.144073327044268, 42.342744365663101 ], [ -71.144357325874182, 42.342526364765575 ], [ -71.144725323994464, 42.342318364674476 ], [ -71.145120323371088, 42.342138363797353 ], [ -71.145476321895003, 42.34201336340476 ], [ -71.145922320439894, 42.341897362799351 ], [ -71.146114319805235, 42.341860362968305 ], [ -71.146459319092088, 42.341811362367842 ], [ -71.146741318308997, 42.341791361863294 ], [ -71.147006318464591, 42.341782361358284 ], [ -71.147305318010893, 42.341784360705404 ], [ -71.147626317075975, 42.341801360677678 ], [ -71.148070315760918, 42.341832360233049 ], [ -71.148632314873709, 42.341814359308913 ], [ -71.148839313958916, 42.341781359324749 ], [ -71.149294312285136, 42.341687358205647 ], [ -71.149655312185786, 42.341583357598594 ], [ -71.149971310464892, 42.341466357385826 ], [ -71.150264309612695, 42.341322356911981 ], [ -71.150402308643791, 42.341217356998129 ], [ -71.15048630878195, 42.341055356656419 ], [ -71.150921306597795, 42.340764356246524 ], [ -71.15114930645548, 42.340601355477034 ], [ -71.151307305201826, 42.340479355532722 ], [ -71.151381304995866, 42.340423355840286 ], [ -71.151647305109435, 42.340535354738549 ], [ -71.151962304839429, 42.340598354471275 ], [ -71.152194303490191, 42.340621354597836 ], [ -71.152622302348789, 42.340628354016609 ], [ -71.153110302506732, 42.340696353682866 ], [ -71.153529301319637, 42.340793352448564 ], [ -71.1537773007433, 42.34085535220494 ], [ -71.154060299977502, 42.340979351604183 ], [ -71.154461299574095, 42.341198351381045 ], [ -71.154536299496698, 42.341225351270872 ], [ -71.154622299531056, 42.341233351120295 ], [ -71.154733298895806, 42.341206351567976 ] ] ] ] } },
{ "type": "Feature", "properties": { "geoid": "25025010405", "neighborhood": "Fenway", "sales": 386, "median_price": 403750.0, "investor_share": 0.42746113989637308, "large_inst_share": 0.27720207253886009, "small_med_share": 0.15025906735751296, "flip_rate": 0.10880829015544041, "buy_flip_rate": 0.10621761658031088, "condo_share": 0.93782383419689119, "r23_share": 0.0, "hold_score": 3.1560379405245391, "flip_score": -0.157720971640394, "dominant": "holding", "policy_fit": "Transfer fee on high-value sales", "r_mhi": 17245.0, "pct_nonwhite": 0.44651977236246898, "pct_black": 0.099664380563256966, "pct_latino": 0.07981905734714724, "percent_owners": 84.9 }, "geometry": { "type": "MultiPolygon", "coordinates": [ [ [ [ -71.095744423790578, 42.337727428638104 ], [ -71.094820427356396, 42.338088430232688 ], [ -71.094752427018619, 42.338118429686581 ], [ -71.0932704321188, 42.338721432512173 ], [ -71.092718433978774, 42.338934433009392 ], [ -71.09246043495817, 42.33903343358925 ], [ -71.092265435063226, 42.339107433445122 ], [ -71.092191435726662, 42.339139433976399 ], [ -71.092542434939162, 42.339513433403432 ], [ -71.092897435563984, 42.340014433047422 ], [ -71.09317643547935, 42.340398432600509 ], [ -71.09327643590224, 42.340596431977552 ], [ -71.093295436654643, 42.340666432083204 ], [ -71.093301435914157, 42.340742432575503 ], [ -71.093283436861284, 42.340813432609842 ], [ -71.093216436950385, 42.340889432426764 ], [ -71.092990437316288, 42.340956433018583 ], [ -71.092794437758727, 42.341018432925246 ], [ -71.09266843832323, 42.34107443329713 ], [ -71.092451439342753, 42.341184433860981 ], [ -71.092204439957044, 42.341335434100237 ], [ -71.092147440199, 42.341395433640493 ], [ -71.092028441328125, 42.341500434037833 ], [ -71.091988441329818, 42.341539434158058 ], [ -71.091720442853074, 42.341867434649799 ], [ -71.091666442522651, 42.341967434676747 ], [ -71.091594443400865, 42.342112434895782 ], [ -71.091530444101977, 42.342316434416233 ], [ -71.091517445044317, 42.342541435185517 ], [ -71.091523445255788, 42.342663435275703 ], [ -71.091518444595707, 42.342772434788642 ], [ -71.091509445448253, 42.342959434908025 ], [ -71.091499446047806, 42.343049434902703 ], [ -71.091452445666192, 42.343180435116167 ], [ -71.091353446493443, 42.343352435334303 ], [ -71.091222447175355, 42.343489435426072 ], [ -71.091018448062485, 42.34372343526222 ], [ -71.090919449110473, 42.343877435557879 ], [ -71.090876449723496, 42.344004436246983 ], [ -71.090843449780039, 42.344077436069107 ], [ -71.09079545043322, 42.344356435915749 ], [ -71.090783450483997, 42.344487436099229 ], [ -71.090798451064956, 42.344642435984468 ], [ -71.090755451595456, 42.344865436518063 ], [ -71.090644452473555, 42.345262436592435 ], [ -71.090631452642896, 42.345437436731117 ], [ -71.090635453270039, 42.345615436818846 ], [ -71.090670454047142, 42.345777436504278 ], [ -71.090791454030551, 42.346313436040042 ], [ -71.09082445434278, 42.346432436018269 ], [ -71.090850454371164, 42.346493435918703 ], [ -71.090901454672647, 42.346544436065116 ], [ -71.090699455242884, 42.346535436580623 ], [ -71.090549455860881, 42.346550436362641 ], [ -71.090398455564596, 42.34657643664687 ], [ -71.090086456863347, 42.34665743719043 ], [ -71.090004457373013, 42.346679437058519 ], [ -71.089412459386153, 42.346851438193163 ], [ -71.089263459854322, 42.346887438265888 ], [ -71.08922745884945, 42.346721438215575 ], [ -71.089221458838992, 42.346634438731606 ], [ -71.089264458010135, 42.346462438546503 ], [ -71.089304457379384, 42.346306438413336 ], [ -71.089401456757599, 42.345923437864208 ], [ -71.089547454710257, 42.345410437990033 ], [ -71.089764453681227, 42.344660437235589 ], [ -71.089849452012913, 42.344343436997434 ], [ -71.089964450625828, 42.343920437020515 ], [ -71.090012451072951, 42.343774436722427 ], [ -71.090078449452051, 42.343573436884633 ], [ -71.090203448622972, 42.343189436890135 ], [ -71.090291447614518, 42.342782436619622 ], [ -71.090330446984296, 42.342605436744527 ], [ -71.090406446396884, 42.34229343655295 ], [ -71.090457446165587, 42.342161436347695 ], [ -71.090479445884171, 42.342106436598542 ], [ -71.090488445581158, 42.342079436465355 ], [ -71.090527445579994, 42.342016436015918 ], [ -71.090619444818074, 42.341866436295206 ], [ -71.090698444163976, 42.341737435470606 ], [ -71.0908864436838, 42.341438435717869 ], [ -71.091029442861355, 42.34121143498195 ], [ -71.091101442626339, 42.341096435535121 ], [ -71.091187441895826, 42.34094943538981 ], [ -71.091207440949816, 42.340915434903891 ], [ -71.091730438460928, 42.339994434188242 ], [ -71.09180943819257, 42.339871433915896 ], [ -71.09175043792834, 42.339827434270553 ], [ -71.091025438571805, 42.339608435381329 ], [ -71.090659440465728, 42.339766435651981 ], [ -71.089796443097683, 42.340119436636307 ], [ -71.088964445782381, 42.340454437954769 ], [ -71.088521446721529, 42.340622438459519 ], [ -71.088276447123931, 42.340715438804274 ], [ -71.087952449170686, 42.340841439459091 ], [ -71.087723448969555, 42.340930439225595 ], [ -71.087147450695653, 42.341155440411292 ], [ -71.08698045205945, 42.341233440892196 ], [ -71.086613453020732, 42.341474441582768 ], [ -71.086421454038344, 42.34159344164798 ], [ -71.085671456947139, 42.342195442755639 ], [ -71.085306458322606, 42.342501443081979 ], [ -71.084957459468924, 42.342770443941376 ], [ -71.084899460232279, 42.342733443286591 ], [ -71.084859460257562, 42.342702444097313 ], [ -71.084095460202448, 42.342192444800936 ], [ -71.083919460170705, 42.342133444978707 ], [ -71.083150460633874, 42.34162244618539 ], [ -71.083225461046467, 42.341546446081104 ], [ -71.083503459484078, 42.341263444947778 ], [ -71.084308456603893, 42.340607444587249 ], [ -71.084680455153631, 42.340293443789299 ], [ -71.08502945322509, 42.34000544298371 ], [ -71.086730447201205, 42.338685440510012 ], [ -71.088122440616999, 42.33764543843273 ], [ -71.088236440145792, 42.337549438730861 ], [ -71.089344436614439, 42.33661343735838 ], [ -71.090110432917072, 42.335986436276968 ], [ -71.090381431600477, 42.33577243512768 ], [ -71.090517430792403, 42.335665435191615 ], [ -71.090580431882131, 42.335709435364059 ], [ -71.090653431758739, 42.335744434844692 ], [ -71.090808431211684, 42.335837434874378 ], [ -71.09105043100277, 42.3359344343896 ], [ -71.091234430666717, 42.33601743476207 ], [ -71.092024429649712, 42.336325433065348 ], [ -71.092514428220085, 42.336519432366359 ], [ -71.092990428646573, 42.336707431785136 ], [ -71.093058427870574, 42.336732432275106 ], [ -71.093665427499147, 42.33695743162329 ], [ -71.09425742663052, 42.337197430422236 ], [ -71.095006425817886, 42.337462429265273 ], [ -71.095235424662079, 42.337530429693345 ], [ -71.095492424798806, 42.337621428901514 ], [ -71.095597424511666, 42.337666429272922 ], [ -71.095662424290055, 42.337689428916654 ], [ -71.095744423790578, 42.337727428638104 ] ] ] ] } },
{ "type": "Feature", "properties": { "geoid": "25025081001", "neighborhood": "Longwood", "sales": 630, "median_price": 400050.0, "investor_share": 0.34761904761904761, "large_inst_share": 0.13174603174603175, "small_med_share": 0.21587301587301588, "flip_rate": 0.10793650793650794, "buy_flip_rate": 0.10793650793650794, "condo_share": 0.58888888888888891, "r23_share": 0.27619047619047621, "hold_score": 0.69073208718456902, "flip_score": 1.4402957840443347, "dominant": "mixed", "policy_fit": "Layered approach", "r_mhi": 35526.0, "pct_nonwhite": 0.65671641791044777, "pct_black": 0.11220368744512731, "pct_latino": 0.1868305531167691, "percent_owners": 73.6 }, "geometry": { "type": "MultiPolygon", "coordinates": [ [ [ [ -71.11296837323286, 42.332166404986324 ], [ -71.112904373716134, 42.332378404878 ], [ -71.112834373853701, 42.332535405428189 ], [ -71.112738374358727, 42.332696405714039 ], [ -71.112414376599091, 42.33306840556498 ], [ -71.112233376669948, 42.333260405899786 ], [ -71.112089378269602, 42.33342940673321 ], [ -71.111791379250803, 42.333734407160279 ], [ -71.111563379743615, 42.333918407114957 ], [ -71.11136738144917, 42.33406640761396 ], [ -71.111068381674869, 42.334282407919893 ], [ -71.110751383861697, 42.334511407978255 ], [ -71.110439384242568, 42.334726408331463 ], [ -71.110258385476001, 42.334866409120295 ], [ -71.110093386366515, 42.335043409179356 ], [ -71.109965386371442, 42.335231409117206 ], [ -71.109893386876379, 42.33537940981018 ], [ -71.109866387448989, 42.335525409613545 ], [ -71.109865388058154, 42.335698410054064 ], [ -71.109885388709486, 42.335843409700416 ], [ -71.109932389006303, 42.336009409308211 ], [ -71.110062389247588, 42.336307409422773 ], [ -71.110287388483584, 42.336591409459182 ], [ -71.110413389266753, 42.336725409124924 ], [ -71.110560388616648, 42.336927408609753 ], [ -71.110638388784082, 42.337057408424073 ], [ -71.110696389249952, 42.337183408908871 ], [ -71.110742389532817, 42.33734440902051 ], [ -71.110762389550672, 42.337513408441794 ], [ -71.110729389855464, 42.33765340922951 ], [ -71.110665390962069, 42.337861408571001 ], [ -71.110595391138887, 42.338038409400284 ], [ -71.11053139257362, 42.338218409570125 ], [ -71.110493392725431, 42.33838340885444 ], [ -71.110449392679186, 42.338610408915216 ], [ -71.110448393418281, 42.338729409727762 ], [ -71.110437393913401, 42.338902409488306 ], [ -71.110435394926171, 42.339201409470846 ], [ -71.110415395231371, 42.339438409284455 ], [ -71.110385395480961, 42.339570409285642 ], [ -71.110350396306728, 42.339670409472518 ], [ -71.110159397571891, 42.340073409866761 ], [ -71.110000397438782, 42.340317409873329 ], [ -71.109893397981054, 42.340296410523031 ], [ -71.10962339902548, 42.340239410768227 ], [ -71.109468398390931, 42.340187410397952 ], [ -71.109361399333196, 42.34011941082079 ], [ -71.109247398756906, 42.340060410980264 ], [ -71.109039399370317, 42.339954411414773 ], [ -71.108992399629528, 42.339922411023892 ], [ -71.108490400290762, 42.339617412108808 ], [ -71.108280399492841, 42.339496412676887 ], [ -71.107290401381334, 42.338929413342264 ], [ -71.106073401801254, 42.338227415211882 ], [ -71.105593402921897, 42.33795641531578 ], [ -71.105389402359336, 42.337860416013548 ], [ -71.105143403453951, 42.337767415985944 ], [ -71.104465403923825, 42.337508417403548 ], [ -71.104416404745777, 42.337490416786423 ], [ -71.104267404952878, 42.337437417147321 ], [ -71.103912404571815, 42.337312417482963 ], [ -71.103402405925493, 42.337113418450578 ], [ -71.103097405741394, 42.33698441850175 ], [ -71.102031407883587, 42.336569419819448 ], [ -71.101985408119404, 42.336553419984369 ], [ -71.101629408015256, 42.336426421007943 ], [ -71.100934408566815, 42.336168421994898 ], [ -71.100305409886161, 42.335941421958537 ], [ -71.100682408724779, 42.335773421546598 ], [ -71.100932407849356, 42.335654421581992 ], [ -71.101231406965525, 42.335535420828343 ], [ -71.101433406957241, 42.335463420588788 ], [ -71.101950405298766, 42.335285419905084 ], [ -71.102426403430698, 42.335149419689486 ], [ -71.103072401388985, 42.3349184184449 ], [ -71.103227401101151, 42.334860418044215 ], [ -71.103569399682684, 42.334733418207023 ], [ -71.103774399811769, 42.334656417670992 ], [ -71.104452397392393, 42.334386416493217 ], [ -71.104909395382634, 42.334190416250337 ], [ -71.104881395694591, 42.334108415888132 ], [ -71.104858395115102, 42.334041416272882 ], [ -71.104897395139432, 42.333839416440703 ], [ -71.10496839468577, 42.333686416031426 ], [ -71.105158393098833, 42.333303415738122 ], [ -71.105255392743558, 42.33310941501427 ], [ -71.105604390218517, 42.332406414631912 ], [ -71.105123390870233, 42.332196415436471 ], [ -71.104739391147021, 42.332014416360011 ], [ -71.104811390150417, 42.33181241554793 ], [ -71.104977389402393, 42.331396415504244 ], [ -71.105074388882301, 42.331182415736663 ], [ -71.105168388131247, 42.33101241553787 ], [ -71.10436938916979, 42.330830416538078 ], [ -71.103080391858228, 42.330528417747864 ], [ -71.102292393591611, 42.330354418825692 ], [ -71.101573394614775, 42.33016941969052 ], [ -71.101045394520071, 42.330052420819285 ], [ -71.100860395440719, 42.330002421136975 ], [ -71.100641395517172, 42.329922421419958 ], [ -71.100503395582578, 42.32986142161969 ], [ -71.100184395707629, 42.329717421883771 ], [ -71.099501397173, 42.329396422983258 ], [ -71.098940398156103, 42.329133422959252 ], [ -71.098962397061896, 42.328964423490419 ], [ -71.09905039681135, 42.328537422688697 ], [ -71.09910139556689, 42.328427423352061 ], [ -71.099209395200361, 42.328242422868293 ], [ -71.09936739437984, 42.32799542214083 ], [ -71.099615394341939, 42.328062422434911 ], [ -71.100100393618106, 42.328206421438558 ], [ -71.100389392877872, 42.328489421728207 ], [ -71.100781392662441, 42.328892420808337 ], [ -71.101163392599986, 42.329263420671296 ], [ -71.101275392989464, 42.329350420071471 ], [ -71.101392392678349, 42.329410419759625 ], [ -71.101525393298928, 42.329467420074984 ], [ -71.102004392186458, 42.329588419153332 ], [ -71.102610390654377, 42.329730418780848 ], [ -71.102852390093489, 42.329773418265212 ], [ -71.103513389114696, 42.32991941759348 ], [ -71.106263384557579, 42.330616413288695 ], [ -71.106523382735915, 42.330084412983702 ], [ -71.106773381871534, 42.330153413147741 ], [ -71.106953382224717, 42.33020341231903 ], [ -71.108026380053957, 42.330470411468369 ], [ -71.108114380460322, 42.330494411615419 ], [ -71.108500379715522, 42.330597410917207 ], [ -71.108900379308622, 42.330715410407727 ], [ -71.109352378150206, 42.330834409817626 ], [ -71.109507377628717, 42.330898409634088 ], [ -71.109538378223817, 42.330938409603071 ], [ -71.109560378142803, 42.330967408928451 ], [ -71.109581378662924, 42.331065409653881 ], [ -71.109601379031432, 42.331216409056132 ], [ -71.109593379209599, 42.331437409345078 ], [ -71.109576380242117, 42.332006409079135 ], [ -71.109564381001832, 42.332166409883584 ], [ -71.109567381962663, 42.332563409787689 ], [ -71.109585382366021, 42.333074409780643 ], [ -71.109590382398693, 42.333199409945863 ], [ -71.109868382270918, 42.33315940891962 ], [ -71.110098382169042, 42.333097408787388 ], [ -71.110238381510499, 42.33304440863774 ], [ -71.110415380730629, 42.332959408505012 ], [ -71.110805379004276, 42.332756408374507 ], [ -71.110973378625587, 42.332666407307592 ], [ -71.111210377880454, 42.33250840696433 ], [ -71.11151637701613, 42.332365406744835 ], [ -71.11182837541692, 42.332176406574057 ], [ -71.111874375479204, 42.332157406292133 ], [ -71.111983375308682, 42.332111406307355 ], [ -71.112115374964958, 42.332055405914289 ], [ -71.112297374562218, 42.332003405591472 ], [ -71.112310373580939, 42.331999406197056 ], [ -71.112722373202686, 42.331954404963973 ], [ -71.112896372769669, 42.331943404914654 ], [ -71.113015372860673, 42.331932405001353 ], [ -71.11296837323286, 42.332166404986324 ] ] ] ] } },
{ "type": "Feature", "properties": { "geoid": "25025020101", "neighborhood": "Beacon Hill", "sales": 2683, "median_price": 787500.0, "investor_share": 0.2515840477077898, "large_inst_share": 0.039880730525531122, "small_med_share": 0.21170331718225865, "flip_rate": 0.079761461051062243, "buy_flip_rate": 0.076034289973909805, "condo_share": 0.77338799850913154, "r23_share": 0.024972046216921357, "hold_score": 1.5816137658918514, "flip_score": -2.0733169464226573, "dominant": "holding", "policy_fit": "Transfer fee on high-value sales", "r_mhi": 110865.0, "pct_nonwhite": 0.13978748524203066, "pct_black": 0.01038961038961039, "pct_latino": 0.039433293978748521, "percent_owners": 66.3 }, "geometry": { "type": "MultiPolygon", "coordinates": [ [ [ [ -71.073443514898031, 42.356139459850667 ], [ -71.073272515832556, 42.356291460011036 ], [ -71.073168517083488, 42.356456460232948 ], [ -71.073129517493086, 42.356555460899386 ], [ -71.072926518347685, 42.356993460338714 ], [ -71.072794519598077, 42.357278461268841 ], [ -71.072716519788614, 42.357470460968415 ], [ -71.072669519900003, 42.357588461179425 ], [ -71.072527522071624, 42.357941461352425 ], [ -71.072402522861552, 42.358453461700769 ], [ -71.072306524105358, 42.358799461694183 ], [ -71.072122526444758, 42.359465461947195 ], [ -71.070785528997703, 42.359467463433546 ], [ -71.070131530657449, 42.359490464747161 ], [ -71.069688531370559, 42.359533464824729 ], [ -71.06937453243674, 42.359543465242133 ], [ -71.069328532738083, 42.359545465453913 ], [ -71.069053533320869, 42.359554465812131 ], [ -71.068628533545322, 42.359568466972988 ], [ -71.068634533261047, 42.359291466648976 ], [ -71.067688535204368, 42.359309467794773 ], [ -71.067325536654081, 42.359340468605453 ], [ -71.066822537031484, 42.359352469067993 ], [ -71.066305538347123, 42.359355469277055 ], [ -71.065933539761943, 42.359362469647763 ], [ -71.065047541266139, 42.359368471103828 ], [ -71.065068540379059, 42.358856470826147 ], [ -71.065074539733956, 42.358632470675609 ], [ -71.065080538887059, 42.358381470805455 ], [ -71.065094538478348, 42.358041471447208 ], [ -71.065107538565698, 42.357839471109173 ], [ -71.065108537010815, 42.357684470972451 ], [ -71.065103537693105, 42.35764747084113 ], [ -71.065085537827073, 42.357524470826803 ], [ -71.065037537577624, 42.357327471436562 ], [ -71.064989536299521, 42.357195471193343 ], [ -71.065171535797106, 42.357146470406704 ], [ -71.065791534516038, 42.357001469704102 ], [ -71.066719532201688, 42.356807469099472 ], [ -71.067003531444769, 42.356748468282838 ], [ -71.067641529332093, 42.356603467749395 ], [ -71.068729526694625, 42.356364465951955 ], [ -71.068915525972088, 42.356319466133392 ], [ -71.069405525248143, 42.356216465089744 ], [ -71.069832523581638, 42.356120464738495 ], [ -71.070192522074663, 42.356029463898714 ], [ -71.071295519682636, 42.355771462666254 ], [ -71.071382518774442, 42.355746462567311 ], [ -71.072039517111747, 42.355578461929156 ], [ -71.072155517452387, 42.355546461336289 ], [ -71.072563515860566, 42.355439461474454 ], [ -71.072806514838305, 42.355377460791431 ], [ -71.073020515009233, 42.355310460689559 ], [ -71.073154515268996, 42.355542460469515 ], [ -71.073301515264205, 42.35581246003953 ], [ -71.073404514839567, 42.355965460161535 ], [ -71.073437515276282, 42.356077459815076 ], [ -71.07346351514704, 42.356121459777562 ], [ -71.073443514898031, 42.356139459850667 ] ] ] ] } },
{ "type": "Feature", "properties": { "geoid": "25025020301", "neighborhood": "West End", "sales": 564, "median_price": 375000.0, "investor_share": 0.19148936170212766, "large_inst_share": 0.054964539007092202, "small_med_share": 0.13652482269503546, "flip_rate": 0.085106382978723402, "buy_flip_rate": 0.085106382978723402, "condo_share": 0.93262411347517726, "r23_share": 0.0, "hold_score": 0.50500733774114603, "flip_score": -1.715240954865253, "dominant": "holding", "policy_fit": "Transfer fee on high-value sales", "r_mhi": 121029.0, "pct_nonwhite": 0.40535549399815329, "pct_black": 0.027700831024930747, "pct_latino": 0.06602031394275161, "percent_owners": 76.0 }, "geometry": { "type": "MultiPolygon", "coordinates": [ [ [ [ -71.07016072569715, 42.367836545637552 ], [ -71.069142550436354, 42.367325466486328 ], [ -71.069164549443087, 42.367303466589433 ], [ -71.069065550617808, 42.367253466559639 ], [ -71.068961550350892, 42.367201467072931 ], [ -71.068940550199315, 42.367225466613029 ], [ -71.068849550104929, 42.367186467275381 ], [ -71.068727550236602, 42.367120467263369 ], [ -71.068572550365602, 42.367038467703033 ], [ -71.068453920778452, 42.367049076573302 ], [ -71.068430550741567, 42.367037467928256 ], [ -71.068157551413279, 42.366899467449706 ], [ -71.068084551756002, 42.366863468197934 ], [ -71.067735551186871, 42.36667346881265 ], [ -71.067629552515513, 42.366627468225012 ], [ -71.067387552424876, 42.366506469091071 ], [ -71.067338552797949, 42.366484469053546 ], [ -71.067605551584847, 42.366426468733572 ], [ -71.068085550797392, 42.366322467860655 ], [ -71.068223549618978, 42.366254467540436 ], [ -71.068281549792943, 42.366212467946895 ], [ -71.068388549726393, 42.366145467469849 ], [ -71.068768548052986, 42.36578846669115 ], [ -71.06888054666797, 42.365681466657577 ], [ -71.068946547258633, 42.365618466860496 ], [ -71.068695547561802, 42.365486466711417 ], [ -71.068466547383139, 42.365426467187412 ], [ -71.068229547771026, 42.365367468016863 ], [ -71.068114547621391, 42.365347467727084 ], [ -71.067980548284794, 42.365311468075603 ], [ -71.067883548731487, 42.365249468246375 ], [ -71.067776548599113, 42.365158468474093 ], [ -71.067727547858112, 42.365102468279268 ], [ -71.067669547874829, 42.365065468155173 ], [ -71.067596549047835, 42.365039468081704 ], [ -71.067455548303499, 42.365022468205275 ], [ -71.067341549243352, 42.365048468461389 ], [ -71.067219548881098, 42.365061468946784 ], [ -71.066032552116496, 42.364939470670642 ], [ -71.065694552951271, 42.364958470725007 ], [ -71.065502553405352, 42.364902470777068 ], [ -71.065367552542568, 42.364831470952332 ], [ -71.065309553093741, 42.364765471321675 ], [ -71.065235552776585, 42.364686471343838 ], [ -71.065219552113845, 42.364562471683563 ], [ -71.065354551203711, 42.364092470838386 ], [ -71.065364550293921, 42.363886471125021 ], [ -71.065232549966865, 42.363432471480557 ], [ -71.065138549544187, 42.363237470973019 ], [ -71.065101550403938, 42.363205471682861 ], [ -71.065090549908689, 42.363150471035013 ], [ -71.065090549385147, 42.363063471567031 ], [ -71.065110549044959, 42.362867471330922 ], [ -71.065130549070162, 42.362684471264707 ], [ -71.065133547708683, 42.362404470954331 ], [ -71.064998548817414, 42.362395471783771 ], [ -71.064734548483301, 42.362357471416104 ], [ -71.064401550008171, 42.362295472191356 ], [ -71.064108549731074, 42.362240472949445 ], [ -71.063715551132233, 42.362198473004369 ], [ -71.063720548183824, 42.361241473145263 ], [ -71.063754549166546, 42.361241473333841 ], [ -71.064122548265104, 42.361234472922504 ], [ -71.064452546787493, 42.361231472414431 ], [ -71.064502546566487, 42.361229472184633 ], [ -71.065160544782373, 42.361201470908881 ], [ -71.065986543629691, 42.36118947040557 ], [ -71.066376542483709, 42.361163469534958 ], [ -71.066910541381176, 42.361141469315413 ], [ -71.067837539255791, 42.361108467300497 ], [ -71.068239538064716, 42.361096466883332 ], [ -71.068751537284101, 42.361080466916846 ], [ -71.06942153581717, 42.361071465260565 ], [ -71.069964534762306, 42.361043465214216 ], [ -71.07003453378239, 42.361009464516776 ], [ -71.070053534365684, 42.361002464650198 ], [ -71.070069533868093, 42.360992464604386 ], [ -71.070257533762927, 42.360919464784118 ], [ -71.070453533223642, 42.360871464055464 ], [ -71.070632532158911, 42.360883464167074 ], [ -71.070811532243297, 42.36090246375533 ], [ -71.070956531455849, 42.360952463783967 ], [ -71.0711145312317, 42.360998463490986 ], [ -71.071265531142629, 42.361050463432669 ], [ -71.071409530721112, 42.361088462803579 ], [ -71.071584530404635, 42.361121462888981 ], [ -71.071978529535215, 42.361169462619635 ], [ -71.07209152966206, 42.361179462037867 ], [ -71.072354528709596, 42.361207462100232 ], [ -71.072349530102414, 42.361344462163466 ], [ -71.072347529687136, 42.361372461829873 ], [ -71.072306529900246, 42.361628462448756 ], [ -71.072256530204783, 42.361760462446171 ], [ -71.072188531137115, 42.361878462613852 ], [ -71.072095531123807, 42.361969461912125 ], [ -71.07199653151855, 42.36204646272509 ], [ -71.071849532374259, 42.362128462402048 ], [ -71.071778532500517, 42.362152462759411 ], [ -71.071799532697995, 42.362265462397296 ], [ -71.071804532638382, 42.362356462432764 ], [ -71.071797532769963, 42.362466462523173 ], [ -71.071747534200327, 42.362580462803898 ], [ -71.071661534085351, 42.362703463367303 ], [ -71.07156253499636, 42.362789463092163 ], [ -71.071333535378272, 42.362945462982466 ], [ -71.070803537751132, 42.363268464450528 ], [ -71.070630538066965, 42.363413464126801 ], [ -71.070475538451234, 42.363563464324663 ], [ -71.070376539699296, 42.363695465091538 ], [ -71.070162540563004, 42.364169464698854 ], [ -71.070111541709295, 42.364277465479709 ], [ -71.070048541987092, 42.364409465405693 ], [ -71.069851542937414, 42.364824465355682 ], [ -71.06976954295888, 42.364996465934595 ], [ -71.069573544672309, 42.365422466135527 ], [ -71.069458545077168, 42.365632465743886 ], [ -71.069341546722214, 42.365774466151045 ], [ -71.06863154934031, 42.366401467422683 ], [ -71.068496549491144, 42.366506466930893 ], [ -71.068445549698723, 42.36659646746174 ], [ -71.068448550090466, 42.366639467491702 ], [ -71.068464550047082, 42.366697467368148 ], [ -71.068511550673222, 42.366779467254837 ], [ -71.069069549569832, 42.367081467039569 ], [ -71.069165252659403, 42.36712976578729 ], [ -71.069176549366006, 42.367135466398629 ], [ -71.069183792710149, 42.367139157693408 ], [ -71.069280548956399, 42.36718846680958 ], [ -71.069291915731299, 42.367177100005172 ], [ -71.069331549668348, 42.367137466418477 ], [ -71.069643708155425, 42.366790296614155 ], [ -71.070187544714287, 42.366185464788806 ], [ -71.070217544502995, 42.366148465158446 ], [ -71.070533518175893, 42.366313085158495 ], [ -71.070860544598332, 42.366483464134475 ], [ -71.070618545924376, 42.366749464394985 ], [ -71.071386545228592, 42.367173463804299 ], [ -71.071386553751069, 42.367173460234888 ], [ -71.071439219931023, 42.367202535855547 ], [ -71.071417544669259, 42.367223463347024 ], [ -71.071386544959466, 42.367251463875903 ], [ -71.071337544533861, 42.367298463639841 ], [ -71.070825547931179, 42.367779464238545 ], [ -71.070643548600003, 42.367949464575524 ], [ -71.070574548821028, 42.368015464686181 ], [ -71.07016072569715, 42.367836545637552 ] ] ] ] } },
{ "type": "Feature", "properties": { "geoid": "25025020302", "neighborhood": "Beacon Hill", "sales": 866, "median_price": 648000.0, "investor_share": 0.19861431870669746, "large_inst_share": 0.03348729792147806, "small_med_share": 0.1651270207852194, "flip_rate": 0.073903002309468821, "buy_flip_rate": 0.068129330254041567, "condo_share": 0.91685912240184753, "r23_share": 0.010392609699769052, "hold_score": 1.452079668657223, "flip_score": -2.6338158154226643, "dominant": "holding", "policy_fit": "Transfer fee on high-value sales", "r_mhi": 109408.0, "pct_nonwhite": 0.22119102861562256, "pct_black": 0.03248259860788863, "pct_latino": 0.077339520494972933, "percent_owners": 59.0 }, "geometry": { "type": "MultiPolygon", "coordinates": [ [ [ [ -71.065160544782373, 42.361201470908881 ], [ -71.064502546566487, 42.361229472184633 ], [ -71.064452546787493, 42.361231472414431 ], [ -71.064122548265104, 42.361234472922504 ], [ -71.063754549166546, 42.361241473333841 ], [ -71.063720548183824, 42.361241473145263 ], [ -71.063217550072622, 42.361235473709677 ], [ -71.062910550833777, 42.361229474129317 ], [ -71.062863548364618, 42.360090473703274 ], [ -71.062864548336577, 42.359989473952623 ], [ -71.062874546607986, 42.359483474128297 ], [ -71.062861546648691, 42.359204474293421 ], [ -71.062845545929022, 42.358889473929629 ], [ -71.062822545193981, 42.358714473610554 ], [ -71.062816544820365, 42.358665474110133 ], [ -71.062726544201723, 42.358311474564843 ], [ -71.06264154345817, 42.357977474073891 ], [ -71.063168542193964, 42.357748473491661 ], [ -71.06365254101253, 42.357566472734113 ], [ -71.064049539992425, 42.357455472117088 ], [ -71.064508538573619, 42.357319471502223 ], [ -71.064611537882001, 42.357292471817246 ], [ -71.064989536299521, 42.357195471193343 ], [ -71.065037537577624, 42.357327471436562 ], [ -71.065085537827073, 42.357524470826803 ], [ -71.065103537693105, 42.35764747084113 ], [ -71.065108537010815, 42.357684470972451 ], [ -71.065107538565698, 42.357839471109173 ], [ -71.065094538478348, 42.358041471447208 ], [ -71.065080538887059, 42.358381470805455 ], [ -71.065074539733956, 42.358632470675609 ], [ -71.065068540379059, 42.358856470826147 ], [ -71.065047541266139, 42.359368471103828 ], [ -71.065069542305778, 42.359943471432494 ], [ -71.065078542932611, 42.36006947133783 ], [ -71.065131544582073, 42.360801471464285 ], [ -71.065160544782373, 42.361201470908881 ] ] ] ] } },
{ "type": "Feature", "properties": { "geoid": "25025040100", "neighborhood": "Charlestown", "sales": 1683, "median_price": 560000.0, "investor_share": 0.12002376708259062, "large_inst_share": 0.014854426619132501, "small_med_share": 0.10516934046345811, "flip_rate": 0.073677956030897204, "buy_flip_rate": 0.070112893642305413, "condo_share": 0.84491978609625673, "r23_share": 0.032679738562091505, "hold_score": -0.55787206836129188, "flip_score": -2.446634997556993, "dominant": "holding", "policy_fit": "Transfer fee on high-value sales", "r_mhi": 79125.0, "pct_nonwhite": 0.13093220338983047, "pct_black": 0.0072033898305084746, "pct_latino": 0.041949152542372879, "percent_owners": 59.2 }, "geometry": { "type": "MultiPolygon", "coordinates": [ [ [ [ -71.057659586829786, 42.372228481337388 ], [ -71.057550829982006, 42.372173630900129 ], [ -71.057544587036503, 42.372170481995809 ], [ -71.056209588171853, 42.371492483673578 ], [ -71.056032589160736, 42.371402484199493 ], [ -71.056775585907488, 42.371063482993044 ], [ -71.057492583976511, 42.370736482287626 ], [ -71.057881583000622, 42.370894480997251 ], [ -71.059173581979522, 42.371417479935552 ], [ -71.059335580881495, 42.371464479680064 ], [ -71.05942058082465, 42.371453479542367 ], [ -71.059578580839528, 42.371433479504539 ], [ -71.059810579427392, 42.371302478654655 ], [ -71.060057578515611, 42.37108647817707 ], [ -71.060058578614715, 42.371019478962943 ], [ -71.05993557823048, 42.370859478475758 ], [ -71.059797578852567, 42.370731478829249 ], [ -71.059782578918202, 42.370632478876956 ], [ -71.059874577926323, 42.370572479091166 ], [ -71.06004457794802, 42.370573478523895 ], [ -71.060075577482607, 42.370550478547102 ], [ -71.060075577139997, 42.370505478542562 ], [ -71.059553577218125, 42.369889478739147 ], [ -71.059538576722588, 42.369794479613184 ], [ -71.059909575678574, 42.369626478419491 ], [ -71.060001575927856, 42.36961547852323 ], [ -71.060078575514623, 42.369672478499893 ], [ -71.060416575483586, 42.370116478017771 ], [ -71.060508575670113, 42.370164478102737 ], [ -71.060547575962119, 42.370138478186441 ], [ -71.060663574675573, 42.370059477912456 ], [ -71.060901574969861, 42.370384477526279 ], [ -71.061078575268596, 42.370578477102441 ], [ -71.061291575046596, 42.370751476689946 ], [ -71.061836574979921, 42.371093475926436 ], [ -71.061884575390565, 42.371107476316105 ], [ -71.061919575157816, 42.371118476046902 ], [ -71.061960574624052, 42.371131476539432 ], [ -71.062019574416439, 42.371150475729792 ], [ -71.062051574857719, 42.371163476147267 ], [ -71.062236574125848, 42.371236475928633 ], [ -71.06237557412058, 42.371292475894926 ], [ -71.062633573463501, 42.371388475007763 ], [ -71.062664573336164, 42.371400475731633 ], [ -71.062706573489464, 42.371416475017064 ], [ -71.063038572753882, 42.371548475132229 ], [ -71.063186573196418, 42.371607474735633 ], [ -71.063605572257586, 42.371787474564499 ], [ -71.06383957277896, 42.371916473604728 ], [ -71.063955572190608, 42.372212474063893 ], [ -71.064003572324012, 42.372296473621191 ], [ -71.064062573336088, 42.372400473308332 ], [ -71.064151572951673, 42.372677473304861 ], [ -71.064206573942514, 42.372830473007234 ], [ -71.064226574450302, 42.373123473473676 ], [ -71.064203574744326, 42.373261473352336 ], [ -71.064181574866296, 42.373367473594236 ], [ -71.064151574549797, 42.373408473390747 ], [ -71.06399857618166, 42.373580473469943 ], [ -71.063753576822123, 42.373699473994499 ], [ -71.063386578005407, 42.373844474210287 ], [ -71.063197577971977, 42.373941475025404 ], [ -71.062785580809816, 42.374493475420138 ], [ -71.062495581544766, 42.374806476216833 ], [ -71.062220583561597, 42.375193476621327 ], [ -71.062044583934167, 42.375594476301913 ], [ -71.061872585283766, 42.375951476789297 ], [ -71.061524587340401, 42.376617477295852 ], [ -71.061234589700049, 42.37715447787722 ], [ -71.060491590839405, 42.37692347841471 ], [ -71.059717592634058, 42.376649479357944 ], [ -71.060007590078897, 42.376072479145101 ], [ -71.059517590729968, 42.37590247958353 ], [ -71.059325591029818, 42.375830479567462 ], [ -71.058743592448735, 42.375934480549411 ], [ -71.058697592207096, 42.375770480702535 ], [ -71.058551592223466, 42.375435481125784 ], [ -71.058032590986372, 42.37440548143401 ], [ -71.05792959134628, 42.374326481690375 ], [ -71.05789159068091, 42.374296481264615 ], [ -71.057836590389371, 42.37425448129531 ], [ -71.057799590814966, 42.37419748146101 ], [ -71.058012590115524, 42.374008481352988 ], [ -71.058063589331312, 42.373964481211196 ], [ -71.058352588999909, 42.373706480791384 ], [ -71.058126588859722, 42.373583481057047 ], [ -71.058012588965525, 42.373358481788451 ], [ -71.057995587855515, 42.373316481085183 ], [ -71.057935588752926, 42.373169481199128 ], [ -71.057932587684107, 42.372962481811939 ], [ -71.058001587251965, 42.372780481804831 ], [ -71.058123586194924, 42.372686481353377 ], [ -71.058250586157513, 42.372589481305724 ], [ -71.05866558534764, 42.372383480859554 ], [ -71.058608584573705, 42.372315480452855 ], [ -71.058442584332681, 42.372116480442273 ], [ -71.05791258706563, 42.3723624810685 ], [ -71.057728586114308, 42.37220648153837 ], [ -71.057659586829786, 42.372228481337388 ] ] ] ] } },
{ "type": "Feature", "properties": { "geoid": "25025070802", "neighborhood": "South End", "sales": 1402, "median_price": 628500.0, "investor_share": 0.1797432239657632, "large_inst_share": 0.052781740370898715, "small_med_share": 0.12696148359486448, "flip_rate": 0.094151212553495012, "buy_flip_rate": 0.094151212553495012, "condo_share": 0.92796005706134099, "r23_share": 0.022111269614835949, "hold_score": 1.5032110631508164, "flip_score": -0.96114638750300885, "dominant": "holding", "policy_fit": "Transfer fee on high-value sales", "r_mhi": 65238.0, "pct_nonwhite": 0.36610800744878957, "pct_black": 0.13519553072625698, "pct_latino": 0.099068901303538182, "percent_owners": 54.5 }, "geometry": { "type": "MultiPolygon", "coordinates": [ [ [ [ -71.083150460633874, 42.34162244618539 ], [ -71.083033461890551, 42.341725445920609 ], [ -71.082661463632647, 42.342053446304583 ], [ -71.082647463226962, 42.342066446146077 ], [ -71.082049466320001, 42.342676447585198 ], [ -71.081419468150344, 42.343194448265116 ], [ -71.08077947099369, 42.343744449535663 ], [ -71.080453472973772, 42.343965449459802 ], [ -71.080364472826574, 42.344025449783054 ], [ -71.080081474233367, 42.344219449998839 ], [ -71.079971473608396, 42.344150450574837 ], [ -71.07962447426253, 42.343905450313784 ], [ -71.079093475209945, 42.343541451243226 ], [ -71.078980475002908, 42.343471451354723 ], [ -71.078560475551271, 42.343211451795085 ], [ -71.079206472988602, 42.342697451409627 ], [ -71.079120472186844, 42.342638451160042 ], [ -71.079013472447386, 42.34255145140623 ], [ -71.078834472476132, 42.3423744512395 ], [ -71.078752472952502, 42.342283451846427 ], [ -71.078355472060565, 42.341845452325977 ], [ -71.077589473018406, 42.34113445312915 ], [ -71.077371473027739, 42.340931453641431 ], [ -71.077971470098802, 42.340573452208488 ], [ -71.078089470449598, 42.340510452276085 ], [ -71.078705468087719, 42.340175451477933 ], [ -71.078826467461028, 42.340115451648309 ], [ -71.079060467451782, 42.340030450942976 ], [ -71.079636465060602, 42.33975044981873 ], [ -71.080348462549381, 42.33936344889986 ], [ -71.080359462902322, 42.339374449208066 ], [ -71.080606462765658, 42.33961444915623 ], [ -71.080936462736261, 42.339936448111935 ], [ -71.08129946260371, 42.340301448085796 ], [ -71.081477462422214, 42.340449447814031 ], [ -71.081652462000164, 42.340597448049877 ], [ -71.081669462771757, 42.340612447548274 ], [ -71.081739462732585, 42.340671447150484 ], [ -71.082884460902335, 42.341438445999586 ], [ -71.083136461416828, 42.341612445412181 ], [ -71.083150460633874, 42.34162244618539 ] ] ] ] } },
{ "type": "Feature", "properties": { "geoid": "25025050901", "neighborhood": "East Boston", "sales": 862, "median_price": 373500.0, "investor_share": 0.34222737819025523, "large_inst_share": 0.10904872389791183, "small_med_share": 0.23317865429234338, "flip_rate": 0.10904872389791183, "buy_flip_rate": 0.10556844547563805, "condo_share": 0.15081206496519722, "r23_share": 0.56960556844547561, "hold_score": -0.82209769346662342, "flip_score": 3.0646039507918861, "dominant": "flipping", "policy_fit": "TOPA / anti-flip / stabilization", "r_mhi": 81360.0, "pct_nonwhite": 0.74280999528524283, "pct_black": 0.018151815181518153, "pct_latino": 0.64804337576614801, "percent_owners": 64.3 }, "geometry": { "type": "MultiPolygon", "coordinates": [ [ [ [ -71.022148695747887, 42.385190527468367 ], [ -71.022177694042199, 42.384946527771156 ], [ -71.022278693168488, 42.384610527685744 ], [ -71.022412692200461, 42.384328526832014 ], [ -71.022573692290464, 42.384034527155833 ], [ -71.022663690913149, 42.383916527072557 ], [ -71.021982691904981, 42.383639527868333 ], [ -71.021868691923657, 42.383578527972773 ], [ -71.021817692194688, 42.383543528067676 ], [ -71.021697692471264, 42.383539528188948 ], [ -71.021599693359747, 42.383535527811809 ], [ -71.02144069323144, 42.383557528796828 ], [ -71.021481692613321, 42.383474528003738 ], [ -71.021555692999627, 42.383344528033135 ], [ -71.021721691765805, 42.383129527996196 ], [ -71.021790690990912, 42.383024527879712 ], [ -71.021955689867184, 42.382845527648612 ], [ -71.022467688467486, 42.382365526664081 ], [ -71.022872686376701, 42.381987526270521 ], [ -71.022795686725374, 42.381912526330204 ], [ -71.02263568668117, 42.381739526950263 ], [ -71.022621686642879, 42.381702526462135 ], [ -71.02232168553131, 42.381201527254653 ], [ -71.022182686376354, 42.381169527463719 ], [ -71.022081685683716, 42.381029527400962 ], [ -71.021764685778152, 42.380541528222821 ], [ -71.021766685862318, 42.380514527887478 ], [ -71.02161868542666, 42.38025952820378 ], [ -71.021561685648507, 42.380143528573051 ], [ -71.022126684070258, 42.379955527273289 ], [ -71.022275683592795, 42.379906527412182 ], [ -71.022657681867045, 42.379756526500195 ], [ -71.024186677700257, 42.379193525191134 ], [ -71.024203677985525, 42.379248524774432 ], [ -71.024325676721503, 42.379258524458365 ], [ -71.024469676579443, 42.379228524188157 ], [ -71.024459676861454, 42.379260524128789 ], [ -71.024507677290472, 42.379339524708456 ], [ -71.024878676822965, 42.379586524234931 ], [ -71.02501067655281, 42.379675523357541 ], [ -71.025127676534495, 42.379753523729406 ], [ -71.025223676100865, 42.37963052362592 ], [ -71.025483674789811, 42.379301523316407 ], [ -71.025644673738483, 42.379096523410865 ], [ -71.025903673141613, 42.378798523041105 ], [ -71.025998672326423, 42.378695522562118 ], [ -71.026067671954436, 42.378636522759237 ], [ -71.026165671062827, 42.378539522313417 ], [ -71.026330671109235, 42.378397522080931 ], [ -71.026897667868298, 42.37793052153696 ], [ -71.02742566648908, 42.37747852069721 ], [ -71.027726665229068, 42.377211519925119 ], [ -71.027850664865383, 42.377271519825513 ], [ -71.027991664938213, 42.377354519671741 ], [ -71.028582664582871, 42.377756519096224 ], [ -71.029190663900437, 42.378128518040356 ], [ -71.02935866353458, 42.378373518273854 ], [ -71.029397664313436, 42.378429518149332 ], [ -71.029819664108402, 42.37905151733505 ], [ -71.030234664726066, 42.37966351739172 ], [ -71.030851662428333, 42.379428516811664 ], [ -71.032358658726864, 42.378856514471124 ], [ -71.034510652143766, 42.378069511738673 ], [ -71.034923652574847, 42.378685511059331 ], [ -71.03278065925042, 42.37948651427115 ], [ -71.033193659320659, 42.380103513548512 ], [ -71.033419659815223, 42.380445513025713 ], [ -71.033422659489659, 42.380522513279267 ], [ -71.033413661112661, 42.38136151321784 ], [ -71.033404663316617, 42.381949512913025 ], [ -71.03339466410651, 42.382611512971827 ], [ -71.036110658701901, 42.382592509543016 ], [ -71.039314651640268, 42.382606505891196 ], [ -71.03931365285186, 42.383198506147032 ], [ -71.039309653834678, 42.383949505622262 ], [ -71.039151654790089, 42.38395650568475 ], [ -71.038966655067625, 42.384115506181615 ], [ -71.038982655597295, 42.384130506030111 ], [ -71.038817655222559, 42.384133506425918 ], [ -71.038669655473086, 42.384216506671109 ], [ -71.038468656983397, 42.384238506856988 ], [ -71.038466658913009, 42.385458506634365 ], [ -71.038304659744099, 42.385439507243532 ], [ -71.038276656181068, 42.384129506985815 ], [ -71.037473658271324, 42.384148508017681 ], [ -71.03748565970875, 42.384391508480782 ], [ -71.037480661721602, 42.385314507967372 ], [ -71.03733366185898, 42.385307507981331 ], [ -71.037337659031522, 42.384380508095894 ], [ -71.037319658344785, 42.384123508347542 ], [ -71.03687865998441, 42.384203508529872 ], [ -71.036656661084933, 42.384590508858572 ], [ -71.036686663116697, 42.385202509343848 ], [ -71.036547663161528, 42.385186509783438 ], [ -71.036480661296551, 42.384521509822243 ], [ -71.036171662208673, 42.38449950971345 ], [ -71.036146661149985, 42.384099509734128 ], [ -71.036083661933375, 42.384100509903696 ], [ -71.035397663386362, 42.384121511098705 ], [ -71.035379663504941, 42.384252511173358 ], [ -71.035263664260384, 42.384268510862555 ], [ -71.035240665244402, 42.384822511098278 ], [ -71.033432667684195, 42.384413513045281 ], [ -71.033406667182376, 42.383923512967492 ], [ -71.03340466672563, 42.383887513188839 ], [ -71.033377665133415, 42.38305951333286 ], [ -71.033338665256082, 42.383043513748774 ], [ -71.032896665385465, 42.382860513557418 ], [ -71.031191669704938, 42.382850516219698 ], [ -71.03116266939422, 42.382873516556927 ], [ -71.031152670120662, 42.383107516278173 ], [ -71.031123670892214, 42.383130516609143 ], [ -71.03032767256633, 42.383117517144164 ], [ -71.030025673076821, 42.383114517909704 ], [ -71.029996673435249, 42.383137517956548 ], [ -71.029995673694302, 42.383375517397432 ], [ -71.030015674009633, 42.383393517490809 ], [ -71.030013674108233, 42.383645517699534 ], [ -71.028835676794088, 42.383648519123184 ], [ -71.028833676153923, 42.383450518871371 ], [ -71.028830675430498, 42.383189518715049 ], [ -71.028831674831906, 42.382883518752429 ], [ -71.028764675220643, 42.382848519448842 ], [ -71.027387678573731, 42.382782521218324 ], [ -71.02735867886858, 42.382801520627865 ], [ -71.027375678888731, 42.383296520733609 ], [ -71.027342679907022, 42.3833685207344 ], [ -71.027317679363705, 42.383423521040584 ], [ -71.027124680838597, 42.383566521185443 ], [ -71.026469682789653, 42.383780521779293 ], [ -71.026440681955137, 42.383807521804464 ], [ -71.026459682174604, 42.383915521921374 ], [ -71.025197687205662, 42.384383523272653 ], [ -71.025303686523159, 42.38453952385823 ], [ -71.024145690980546, 42.385050525278828 ], [ -71.024053690763708, 42.385016525429116 ], [ -71.02402969049372, 42.385007525035213 ], [ -71.022816694896733, 42.38562352649177 ], [ -71.022628695484613, 42.385829526603047 ], [ -71.022457695685588, 42.38593752686949 ], [ -71.022412696073516, 42.385867527383553 ], [ -71.022178695180628, 42.385393527245846 ], [ -71.022156695316056, 42.385243527281354 ], [ -71.022148695747887, 42.385190527468367 ] ] ] ] } },
{ "type": "Feature", "properties": { "geoid": "25025051000", "neighborhood": "East Boston", "sales": 737, "median_price": 365000.0, "investor_share": 0.32021709633649931, "large_inst_share": 0.097693351424694708, "small_med_share": 0.2225237449118046, "flip_rate": 0.081411126187245594, "buy_flip_rate": 0.081411126187245594, "condo_share": 0.21709633649932158, "r23_share": 0.45454545454545453, "hold_score": -0.95311397879479776, "flip_score": 0.61057430083461706, "dominant": "flipping", "policy_fit": "TOPA / anti-flip / stabilization", "r_mhi": 59446.0, "pct_nonwhite": 0.55848969191568221, "pct_black": 0.029650220060227009, "pct_latino": 0.44174195042853831, "percent_owners": 66.8 }, "geometry": { "type": "MultiPolygon", "coordinates": [ [ [ [ -71.008908728259655, 42.386817544655926 ], [ -71.010841722900025, 42.386132541470985 ], [ -71.010398721680517, 42.385478542397301 ], [ -71.010358722340669, 42.385418542697231 ], [ -71.010148722366466, 42.38510054245004 ], [ -71.010408721618191, 42.385006542374065 ], [ -71.010692720368326, 42.384860542284571 ], [ -71.010983719245871, 42.384661541574708 ], [ -71.011236717880649, 42.384474541641794 ], [ -71.011622716651388, 42.38419954068366 ], [ -71.012308714064886, 42.383714540388155 ], [ -71.01323871027698, 42.383012539168838 ], [ -71.013394709467846, 42.382899538388877 ], [ -71.01307870872121, 42.382215539301285 ], [ -71.012542709232363, 42.381662539447611 ], [ -71.012440709127816, 42.381680539864774 ], [ -71.012380709957355, 42.381707540090538 ], [ -71.012283709636179, 42.381761539784272 ], [ -71.012211709574274, 42.381824540215653 ], [ -71.012170710196557, 42.38189854029914 ], [ -71.012157710081851, 42.381968540241211 ], [ -71.011644710288508, 42.381250540492211 ], [ -71.011452709757577, 42.380994541429963 ], [ -71.01126770985465, 42.380653541278939 ], [ -71.011383709640626, 42.380574541055765 ], [ -71.011457723010466, 42.380547312747687 ], [ -71.011576708331106, 42.380503540702243 ], [ -71.011648237831523, 42.380499492269813 ], [ -71.011788707998377, 42.380491540939147 ], [ -71.011905174687044, 42.380530839222821 ], [ -71.011951708355753, 42.380546540452507 ], [ -71.01206770820697, 42.380612540056177 ], [ -71.012279707637944, 42.380770540011831 ], [ -71.012480708019183, 42.38095653966527 ], [ -71.012586706733003, 42.380976539329744 ], [ -71.01272786945627, 42.380976539331535 ], [ -71.012875706043488, 42.380976539501056 ], [ -71.01305291877317, 42.380971402498034 ], [ -71.013289705609012, 42.380964538359109 ], [ -71.013376705131435, 42.380940538159606 ], [ -71.013453704767599, 42.380871538803063 ], [ -71.01352170418113, 42.380672538376785 ], [ -71.013550703771017, 42.380469538725684 ], [ -71.01355128184133, 42.380393894408456 ], [ -71.013552704008632, 42.380207537945893 ], [ -71.013503703441785, 42.380114538041859 ], [ -71.013359464439873, 42.3799963099504 ], [ -71.013320703308409, 42.37996453869237 ], [ -71.013306705688777, 42.379915356133679 ], [ -71.013283703447811, 42.37983453895059 ], [ -71.013296061791408, 42.379751775445001 ], [ -71.013316702128861, 42.379613538749602 ], [ -71.013371040972643, 42.379590401544647 ], [ -71.013471702301032, 42.379547538572297 ], [ -71.013721936218005, 42.379558602949906 ], [ -71.01376571214395, 42.379560538083751 ], [ -71.014081403526433, 42.379563534356635 ], [ -71.014081701003064, 42.379563537413311 ], [ -71.01418777567865, 42.379532613797956 ], [ -71.014376700547587, 42.379477537475161 ], [ -71.01448537134543, 42.37939927384749 ], [ -71.014594698790987, 42.379320536633841 ], [ -71.014693583397019, 42.379310459924369 ], [ -71.014751698190324, 42.379304537111757 ], [ -71.015624698708194, 42.380313535894977 ], [ -71.015723698826463, 42.380482535190851 ], [ -71.015910699487165, 42.380769535402699 ], [ -71.016007699547544, 42.380919535331799 ], [ -71.016310699010475, 42.380769534672744 ], [ -71.016665697467815, 42.380615534670696 ], [ -71.017080695852982, 42.38047053347578 ], [ -71.017294695021121, 42.380410533980196 ], [ -71.017581694898354, 42.380340533628022 ], [ -71.017957693629967, 42.380285532377663 ], [ -71.018503692929784, 42.380269532380204 ], [ -71.019150691607052, 42.380275530865021 ], [ -71.01976268939822, 42.380281530903488 ], [ -71.019888689980405, 42.380281529974482 ], [ -71.020549687841068, 42.38028152905612 ], [ -71.020836687575695, 42.380264528675902 ], [ -71.021128686110131, 42.380231528650853 ], [ -71.021416685179574, 42.380178528453598 ], [ -71.021499685827862, 42.380157528662217 ], [ -71.021561685648507, 42.380143528573051 ], [ -71.02161868542666, 42.38025952820378 ], [ -71.021766685862318, 42.380514527887478 ], [ -71.021764685778152, 42.380541528222821 ], [ -71.022081685683716, 42.381029527400962 ], [ -71.022182686376354, 42.381169527463719 ], [ -71.02232168553131, 42.381201527254653 ], [ -71.022621686642879, 42.381702526462135 ], [ -71.02263568668117, 42.381739526950263 ], [ -71.022795686725374, 42.381912526330204 ], [ -71.022872686376701, 42.381987526270521 ], [ -71.022467688467486, 42.382365526664081 ], [ -71.021955689867184, 42.382845527648612 ], [ -71.021790690990912, 42.383024527879712 ], [ -71.021721691765805, 42.383129527996196 ], [ -71.021555692999627, 42.383344528033135 ], [ -71.021481692613321, 42.383474528003738 ], [ -71.02144069323144, 42.383557528796828 ], [ -71.021599693359747, 42.383535527811809 ], [ -71.021697692471264, 42.383539528188948 ], [ -71.021817692194688, 42.383543528067676 ], [ -71.021868691923657, 42.383578527972773 ], [ -71.021982691904981, 42.383639527868333 ], [ -71.022663690913149, 42.383916527072557 ], [ -71.022573692290464, 42.384034527155833 ], [ -71.022412692200461, 42.384328526832014 ], [ -71.022278693168488, 42.384610527685744 ], [ -71.022177694042199, 42.384946527771156 ], [ -71.022148695747887, 42.385190527468367 ], [ -71.022156695316056, 42.385243527281354 ], [ -71.022178695180628, 42.385393527245846 ], [ -71.022412696073516, 42.385867527383553 ], [ -71.022457695685588, 42.38593752686949 ], [ -71.022535416681393, 42.386056883482176 ], [ -71.022541696463705, 42.386066527300656 ], [ -71.02230869707715, 42.385989527616026 ], [ -71.022263697305604, 42.385993527167749 ], [ -71.022226697005038, 42.386060527787969 ], [ -71.02216769696949, 42.386170527498365 ], [ -71.02125970067307, 42.386551528701254 ], [ -71.021132700506442, 42.3864995291461 ], [ -71.021036700705309, 42.386465529162017 ], [ -71.020774700786092, 42.386411529557932 ], [ -71.020335701694449, 42.38636052980587 ], [ -71.02010370271752, 42.386382529897567 ], [ -71.01969370408878, 42.386471530725657 ], [ -71.019135706838341, 42.387124531377076 ], [ -71.018397709425201, 42.387961532190054 ], [ -71.018252710759356, 42.388170532852527 ], [ -71.018192710827819, 42.388258532314588 ], [ -71.018259710788399, 42.38845053244664 ], [ -71.01795671187422, 42.388564532937799 ], [ -71.017508714363188, 42.389067533866573 ], [ -71.017312715146502, 42.389327534111978 ], [ -71.017275714884079, 42.389366534202999 ], [ -71.017163716567964, 42.389487533793677 ], [ -71.016652718973745, 42.390090534644905 ], [ -71.016164720926625, 42.390698535527541 ], [ -71.015592723287781, 42.391311535707771 ], [ -71.01559072383013, 42.391312535613579 ], [ -71.015128726197759, 42.391878536844459 ], [ -71.015060726743513, 42.391963536288387 ], [ -71.014852727240608, 42.392229537012042 ], [ -71.014859727658447, 42.392261536581266 ], [ -71.014811727055616, 42.392343536684621 ], [ -71.014839728138099, 42.392482537358596 ], [ -71.01497372794816, 42.392669536946634 ], [ -71.015329728458738, 42.392982536407857 ], [ -71.015444727534558, 42.393115536379355 ], [ -71.015531727736985, 42.393262535770212 ], [ -71.015569728305906, 42.393442535922574 ], [ -71.015559728471203, 42.393743535926689 ], [ -71.015500729172686, 42.393934536217884 ], [ -71.015423730290678, 42.394052536649511 ], [ -71.015403730207183, 42.394084535934297 ], [ -71.015171731318929, 42.394318536260684 ], [ -71.015065731406352, 42.394518536551715 ], [ -71.014824732564435, 42.39469753670982 ], [ -71.014553733633946, 42.394963537688092 ], [ -71.014370734775696, 42.395097537628132 ], [ -71.014023735449172, 42.395274537651169 ], [ -71.013589736961123, 42.395381538238532 ], [ -71.01319373783447, 42.395429539235863 ], [ -71.013077738650722, 42.395440538944001 ], [ -71.01284873866129, 42.395454539057653 ], [ -71.012327740577945, 42.395489539939817 ], [ -71.012230740993019, 42.395500540063573 ], [ -71.012104740748399, 42.395556540404399 ], [ -71.012056741179038, 42.395593540347321 ], [ -71.01192974162538, 42.395752540641425 ], [ -71.011681741679254, 42.395718541070643 ], [ -71.010000745191931, 42.395490543032111 ], [ -71.010376744058476, 42.395036542563965 ], [ -71.010637742471104, 42.394704542186815 ], [ -71.010693742111911, 42.394633542426071 ], [ -71.011196738949465, 42.394004541255171 ], [ -71.011494738027736, 42.393632541451503 ], [ -71.011608737281719, 42.393493541185137 ], [ -71.011873736246187, 42.393171540887117 ], [ -71.012215734858628, 42.392731539882526 ], [ -71.012475733265177, 42.392415539890557 ], [ -71.012658732435838, 42.392193539908739 ], [ -71.013010730958172, 42.391778539265772 ], [ -71.013050729564242, 42.391726539596348 ], [ -71.013122729733269, 42.391632539179199 ], [ -71.013047729212275, 42.391468539021162 ], [ -71.012661729050066, 42.390976539955922 ], [ -71.012445729038376, 42.390703539666482 ], [ -71.012268728838166, 42.390506539867722 ], [ -71.012051729633555, 42.390308540152873 ], [ -71.011828729560676, 42.390088540361511 ], [ -71.011443729650097, 42.38978554115657 ], [ -71.010837729782992, 42.389320542033914 ], [ -71.010680730110693, 42.389198542083548 ], [ -71.009809730292361, 42.388499543098128 ], [ -71.008045730927492, 42.387120545638624 ], [ -71.008219730719532, 42.387076544964366 ], [ -71.008400729749852, 42.387008545246225 ], [ -71.008908728259655, 42.386817544655926 ] ] ] ] } },
{ "type": "Feature", "properties": { "geoid": "25025070801", "neighborhood": "Roxbury", "sales": 355, "median_price": 475000.0, "investor_share": 0.20281690140845071, "large_inst_share": 0.073239436619718309, "small_med_share": 0.12957746478873239, "flip_rate": 0.10704225352112676, "buy_flip_rate": 0.10704225352112676, "condo_share": 0.93521126760563378, "r23_share": 0.0, "hold_score": 2.0318608145589039, "flip_score": -0.19106145665276653, "dominant": "holding", "policy_fit": "Transfer fee on high-value sales", "r_mhi": 0.0, "pct_nonwhite": 0.45928030303030298, "pct_black": 0.16477272727272727, "pct_latino": 0.090909090909090912, "percent_owners": 67.6 }, "geometry": { "type": "MultiPolygon", "coordinates": [ [ [ [ -71.084680455153631, 42.340293443789299 ], [ -71.084308456603893, 42.340607444587249 ], [ -71.083503459484078, 42.341263444947778 ], [ -71.083225461046467, 42.341546446081104 ], [ -71.083150460633874, 42.34162244618539 ], [ -71.083136461416828, 42.341612445412181 ], [ -71.082884460902335, 42.341438445999586 ], [ -71.081739462732585, 42.340671447150484 ], [ -71.081669462771757, 42.340612447548274 ], [ -71.081652462000164, 42.340597448049877 ], [ -71.081477462422214, 42.340449447814031 ], [ -71.08129946260371, 42.340301448085796 ], [ -71.080936462736261, 42.339936448111935 ], [ -71.080606462765658, 42.33961444915623 ], [ -71.080359462902322, 42.339374449208066 ], [ -71.080348462549381, 42.33936344889986 ], [ -71.080469462531326, 42.339292449360435 ], [ -71.081156460259436, 42.338918447907886 ], [ -71.081809457180697, 42.338558447027715 ], [ -71.081968456173996, 42.338416447386848 ], [ -71.082612456452466, 42.338849446180433 ], [ -71.083308455982475, 42.339310445159711 ], [ -71.08365545522372, 42.339536444703221 ], [ -71.083676455215269, 42.339550444654627 ], [ -71.084199454546592, 42.339912443945764 ], [ -71.084458454343419, 42.340067443540633 ], [ -71.084680455153631, 42.340293443789299 ] ] ] ] } },
{ "type": "Feature", "properties": { "geoid": "25025060601", "neighborhood": "South Boston", "sales": 1051, "median_price": 425000.0, "investor_share": 0.16841103710751665, "large_inst_share": 0.033301617507136061, "small_med_share": 0.13510941960038059, "flip_rate": 0.085632730732635581, "buy_flip_rate": 0.085632730732635581, "condo_share": 0.81731684110371072, "r23_share": 0.030447193149381543, "hold_score": 1.6684566004112176, "flip_score": -1.5056777988875296, "dominant": "holding", "policy_fit": "Transfer fee on high-value sales", "r_mhi": 122241.0, "pct_nonwhite": 0.17198404785643073, "pct_black": 0.021934197407776669, "pct_latino": 0.042871385842472583, "percent_owners": 59.3 }, "geometry": { "type": "MultiPolygon", "coordinates": [ [ [ [ -71.052376526684583, 42.339803485878583 ], [ -71.05190052834196, 42.340188487118439 ], [ -71.051446530748322, 42.340587487137853 ], [ -71.051138531977173, 42.340856488220822 ], [ -71.050991532379655, 42.340967487930463 ], [ -71.050815532666874, 42.341120488171988 ], [ -71.050158535329857, 42.341693489453462 ], [ -71.049419535504541, 42.341211490538171 ], [ -71.04920153668084, 42.3410694907924 ], [ -71.04860253634638, 42.340684490942209 ], [ -71.047071537602108, 42.33970149341426 ], [ -71.046663537741708, 42.339434494226616 ], [ -71.046093538480889, 42.33905149498387 ], [ -71.045558538800805, 42.338718494915483 ], [ -71.045867538449542, 42.338446494767027 ], [ -71.046199535993495, 42.338153494212051 ], [ -71.04651953473072, 42.337877494273826 ], [ -71.04684853383327, 42.337594493094443 ], [ -71.047270532358297, 42.337231493131576 ], [ -71.0477595295268, 42.336812492024208 ], [ -71.049294528165305, 42.33780349063165 ], [ -71.049751528304412, 42.338101489524796 ], [ -71.050024528392285, 42.338280489624161 ], [ -71.050134527615725, 42.338349489131481 ], [ -71.050614527653565, 42.338653488531243 ], [ -71.050839528064529, 42.338795487828591 ], [ -71.05100652769157, 42.338905487946803 ], [ -71.051307526967392, 42.339123487887306 ], [ -71.051650526953466, 42.339336487573327 ], [ -71.052167525949187, 42.339657486217817 ], [ -71.052376526684583, 42.339803485878583 ] ] ] ] } },
{ "type": "Feature", "properties": { "geoid": "25025060301", "neighborhood": "South Boston", "sales": 1649, "median_price": 459000.0, "investor_share": 0.17101273499090358, "large_inst_share": 0.027289266221952699, "small_med_share": 0.14372346876895087, "flip_rate": 0.073377804730139481, "buy_flip_rate": 0.073377804730139481, "condo_share": 0.77440873256519105, "r23_share": 0.083687083080654937, "hold_score": 1.1034622146615338, "flip_score": -2.0547009316211065, "dominant": "holding", "policy_fit": "Transfer fee on high-value sales", "r_mhi": 174375.0, "pct_nonwhite": 0.06677750069271271, "pct_black": 0.0088667220836796904, "pct_latino": 0.024660570795234135, "percent_owners": 58.4 }, "geometry": { "type": "MultiPolygon", "coordinates": [ [ [ [ -71.04154954152375, 42.335518500337045 ], [ -71.040731543257749, 42.33553150123921 ], [ -71.039960544858758, 42.335551502289142 ], [ -71.037430549896897, 42.335588505817022 ], [ -71.036382552481655, 42.335610506801572 ], [ -71.035420554622149, 42.335630508518349 ], [ -71.033345559376329, 42.335661511421549 ], [ -71.033322558579101, 42.334799510977525 ], [ -71.033311557357464, 42.334617510956015 ], [ -71.033299555846, 42.333978511679916 ], [ -71.033290555195805, 42.333459511577239 ], [ -71.033279554242668, 42.333146511076421 ], [ -71.033261552633249, 42.332329511085568 ], [ -71.034319549621856, 42.332310509709437 ], [ -71.034530550267547, 42.332306509577677 ], [ -71.035295548154153, 42.332293508937404 ], [ -71.03527154623616, 42.331475508142901 ], [ -71.035246544833157, 42.330642508703882 ], [ -71.035212541884206, 42.329522508256922 ], [ -71.035206541689618, 42.329350508242172 ], [ -71.035590540565991, 42.329333508210581 ], [ -71.03604353921304, 42.329348507303678 ], [ -71.036459538954887, 42.329394506666233 ], [ -71.037075538288008, 42.329486505688301 ], [ -71.037247537889428, 42.329525505653486 ], [ -71.037242537254755, 42.329707505882254 ], [ -71.037256539335985, 42.330194506116861 ], [ -71.037267539546178, 42.330607505983721 ], [ -71.037290541447362, 42.331432505801232 ], [ -71.037313543720487, 42.3322655055063 ], [ -71.037335544835983, 42.333080505893854 ], [ -71.03863254244348, 42.333078504504357 ], [ -71.039090541022105, 42.333060503949667 ], [ -71.039925538711245, 42.33302950219381 ], [ -71.040745537454427, 42.333023501436848 ], [ -71.040953537016023, 42.333025501408514 ], [ -71.041478535832198, 42.333016500658069 ], [ -71.041494536286336, 42.333421500755676 ], [ -71.041510536988014, 42.333827500145013 ], [ -71.041529539273455, 42.334662499972296 ], [ -71.04154954152375, 42.335518500337045 ] ] ] ] } },
{ "type": "Feature", "properties": { "geoid": "25025080100", "neighborhood": "Roxbury", "sales": 568, "median_price": 450000.0, "investor_share": 0.54049295774647887, "large_inst_share": 0.17077464788732394, "small_med_share": 0.36971830985915494, "flip_rate": 0.11619718309859155, "buy_flip_rate": 0.11619718309859155, "condo_share": 0.20246478873239437, "r23_share": 0.23943661971830985, "hold_score": -0.23229672169978743, "flip_score": 1.8054527694036735, "dominant": "flipping", "policy_fit": "TOPA / anti-flip / stabilization", "r_mhi": 31917.0, "pct_nonwhite": 0.8027586206896552, "pct_black": 0.34896551724137931, "pct_latino": 0.27448275862068966, "percent_owners": 71.9 }, "geometry": { "type": "MultiPolygon", "coordinates": [ [ [ [ -71.079444430616462, 42.324259449133514 ], [ -71.078653434120824, 42.324867450285964 ], [ -71.078076436633253, 42.325326450933041 ], [ -71.0777344376678, 42.325573451279787 ], [ -71.078179437615674, 42.325885450861094 ], [ -71.077929438686695, 42.326073450712833 ], [ -71.077699438788585, 42.326247451841525 ], [ -71.077362441049729, 42.326521452193859 ], [ -71.076908442804836, 42.326883452686857 ], [ -71.076623444039697, 42.327118453193073 ], [ -71.076266444098351, 42.326827453586169 ], [ -71.076119443332672, 42.326707453320822 ], [ -71.075556444226379, 42.326272453897936 ], [ -71.07533044367753, 42.326063454787615 ], [ -71.075247443542324, 42.325965454383862 ], [ -71.075288444680623, 42.326125454316092 ], [ -71.075265445216047, 42.326495454989839 ], [ -71.075209446498604, 42.327028454760821 ], [ -71.075194446446019, 42.327270454719539 ], [ -71.075138447654268, 42.327722454754884 ], [ -71.075068449906453, 42.328325455514289 ], [ -71.075018450514406, 42.328679455173798 ], [ -71.075003450683155, 42.328887455362484 ], [ -71.074989451319013, 42.32907545557012 ], [ -71.075150451334807, 42.329057454904238 ], [ -71.075297451159145, 42.329082455342359 ], [ -71.075434450761719, 42.329132454990031 ], [ -71.075613450646912, 42.329224454321164 ], [ -71.076250449756387, 42.329780453620295 ], [ -71.076799450275885, 42.33026045294946 ], [ -71.07686845033011, 42.33031145290343 ], [ -71.07721545020253, 42.330660452907857 ], [ -71.077471449694301, 42.330898452325336 ], [ -71.076990451966026, 42.331196452563134 ], [ -71.076877452396687, 42.331253453163953 ], [ -71.076168454327302, 42.331703453916809 ], [ -71.075653456979325, 42.331989454651513 ], [ -71.075143458169194, 42.332295455392789 ], [ -71.074772459884258, 42.33253145593018 ], [ -71.074542461118796, 42.332706456251067 ], [ -71.074356461359187, 42.33284745637981 ], [ -71.073907462709599, 42.333220456760763 ], [ -71.073516464969785, 42.333512457595944 ], [ -71.073504465166593, 42.333520458128156 ], [ -71.073369465090764, 42.333610457718329 ], [ -71.072655465296151, 42.333033459066598 ], [ -71.072151466407206, 42.332727459118942 ], [ -71.071269469917979, 42.333445460967063 ], [ -71.070830471786948, 42.33379246092079 ], [ -71.07024647327313, 42.334168462399688 ], [ -71.069424476367786, 42.334635463163181 ], [ -71.069225477713218, 42.334734463390348 ], [ -71.068764478464914, 42.33491646422393 ], [ -71.068384479679551, 42.335068465119761 ], [ -71.068099480507314, 42.33515046534071 ], [ -71.067915481009834, 42.335185465459062 ], [ -71.067613481838521, 42.335243465367213 ], [ -71.067130483248334, 42.335291466196885 ], [ -71.066625484448736, 42.335342467407052 ], [ -71.066251485214266, 42.335360467788092 ], [ -71.065812485816579, 42.335407468546002 ], [ -71.065622486804699, 42.335423468634815 ], [ -71.065413487335206, 42.335441469089339 ], [ -71.065398487427771, 42.335346469108067 ], [ -71.065343486446878, 42.335177468553361 ], [ -71.065275486744014, 42.33501246925595 ], [ -71.065213486174315, 42.334899469322593 ], [ -71.065149486267572, 42.334751469125777 ], [ -71.065069485804827, 42.334622469422023 ], [ -71.064838485970128, 42.334291469055898 ], [ -71.064612485683512, 42.334009469481714 ], [ -71.064439486418877, 42.333821470151776 ], [ -71.06437048614896, 42.333748470340431 ], [ -71.064203485664777, 42.333571469763456 ], [ -71.063890485330177, 42.333242470370315 ], [ -71.063533485321031, 42.332839470770587 ], [ -71.063188486159277, 42.332451471305411 ], [ -71.062797485337455, 42.331973471574543 ], [ -71.062904484196338, 42.331806471938492 ], [ -71.063552481104111, 42.330791471055704 ], [ -71.06431947654373, 42.32957346929571 ], [ -71.06548546961595, 42.327728468350159 ], [ -71.066387464851033, 42.326322466337004 ], [ -71.066430464654445, 42.326256466584617 ], [ -71.066654463400027, 42.325845465788689 ], [ -71.066933460987684, 42.325151465337619 ], [ -71.067076459401761, 42.324775465488841 ], [ -71.067173458860736, 42.324464465688834 ], [ -71.067340457737259, 42.323911464694021 ], [ -71.067506455760125, 42.323297464509757 ], [ -71.06754445528243, 42.323342464738033 ], [ -71.067667456060605, 42.323466464251482 ], [ -71.068026455963945, 42.323870464162887 ], [ -71.068200455525655, 42.324069463940653 ], [ -71.068496455783645, 42.324371463355533 ], [ -71.068707455588054, 42.324609463391141 ], [ -71.069135455416131, 42.325051462519291 ], [ -71.069367455190942, 42.325231462744448 ], [ -71.069617455166266, 42.325432461759959 ], [ -71.070019455024706, 42.325718461216169 ], [ -71.070859453996022, 42.326272460908456 ], [ -71.071478454015732, 42.326687459806365 ], [ -71.071696453039465, 42.326584459748844 ], [ -71.072151451857806, 42.326347458970005 ], [ -71.072659449560859, 42.326023457871663 ], [ -71.072560449892592, 42.32592145815326 ], [ -71.072264449715135, 42.325517458614833 ], [ -71.072042449544455, 42.325215459108378 ], [ -71.071945448997454, 42.325073458898046 ], [ -71.071637448990302, 42.324647459237639 ], [ -71.072414447057753, 42.324353458622618 ], [ -71.07392144260352, 42.323759456089228 ], [ -71.074277440992233, 42.323549455280407 ], [ -71.0744564399116, 42.323412455314909 ], [ -71.074640438728906, 42.323238455164784 ], [ -71.074944439723765, 42.323475454403848 ], [ -71.075151438770803, 42.323668454370925 ], [ -71.075452438872802, 42.323878453852444 ], [ -71.075629439144763, 42.323989453893198 ], [ -71.075751438686552, 42.324083453904883 ], [ -71.075810438781801, 42.324146453755851 ], [ -71.075935437450141, 42.323968453546087 ], [ -71.076154436750429, 42.323625453067109 ], [ -71.076439434999216, 42.32320345298335 ], [ -71.076663433560213, 42.322889452265521 ], [ -71.077515433194392, 42.323261451005521 ], [ -71.07784543253284, 42.32339445117141 ], [ -71.078332432257284, 42.323604450610404 ], [ -71.078807431354676, 42.323798449853825 ], [ -71.079199430805403, 42.32397644943056 ], [ -71.079406430952773, 42.324064449108128 ], [ -71.079599429612784, 42.324161448797575 ], [ -71.079444430616462, 42.324259449133514 ] ] ] ] } },
{ "type": "Feature", "properties": { "geoid": "25025100700", "neighborhood": "Dorchester", "sales": 1343, "median_price": 351000.0, "investor_share": 0.19583023082650783, "large_inst_share": 0.068503350707371555, "small_med_share": 0.12732688011913626, "flip_rate": 0.065524944154877141, "buy_flip_rate": 0.065524944154877141, "condo_share": 0.36783320923306029, "r23_share": 0.23082650781831721, "hold_score": -0.89356073872362229, "flip_score": -1.764347895013167, "dominant": "holding", "policy_fit": "Transfer fee on high-value sales", "r_mhi": 97614.0, "pct_nonwhite": 0.13919667590027696, "pct_black": 0.032317636195752536, "pct_latino": 0.027931671283471838, "percent_owners": 66.5 }, "geometry": { "type": "MultiPolygon", "coordinates": [ [ [ [ -71.040221430465849, 42.284668499672769 ], [ -71.040280430319555, 42.28460849897246 ], [ -71.040512429935745, 42.284424498697796 ], [ -71.040559429184938, 42.284400499009465 ], [ -71.040604429102927, 42.284378498990684 ], [ -71.040759429337299, 42.284357498620267 ], [ -71.040882428889176, 42.284287498888496 ], [ -71.041470425275278, 42.283556497217539 ], [ -71.041502424804477, 42.283479497500082 ], [ -71.041487423944375, 42.283110497676489 ], [ -71.041535423545312, 42.282744497840604 ], [ -71.04152242256724, 42.28210549784086 ], [ -71.041616421415284, 42.281775497414095 ], [ -71.041696419334286, 42.281170497417129 ], [ -71.041712419257991, 42.280873497059332 ], [ -71.04175941795458, 42.280678497183068 ], [ -71.041774418495564, 42.280670497462808 ], [ -71.041989417277691, 42.280562496822235 ], [ -71.042271416730713, 42.280507496352122 ], [ -71.042629415985772, 42.280510495669617 ], [ -71.042808415192809, 42.280556495250472 ], [ -71.043038415218106, 42.280646495492142 ], [ -71.043395414522081, 42.28085649496434 ], [ -71.043958414718148, 42.281008494090415 ], [ -71.044085413787272, 42.281033493600262 ], [ -71.044316412939594, 42.280993493714504 ], [ -71.044444412792984, 42.281009493734295 ], [ -71.044648413314107, 42.281113492742179 ], [ -71.045056412514725, 42.281448492226005 ], [ -71.045081412160556, 42.281447492831852 ], [ -71.045132412977026, 42.281433492410599 ], [ -71.045159411815263, 42.281406491971815 ], [ -71.04515941211109, 42.281333492455914 ], [ -71.04503241171642, 42.281201492754036 ], [ -71.045031411659039, 42.281138492574904 ], [ -71.044946412591102, 42.281121492217565 ], [ -71.044655412824085, 42.280937492620069 ], [ -71.044424412909763, 42.280833493709181 ], [ -71.043362413900638, 42.280451495178326 ], [ -71.042993414519984, 42.280282495518328 ], [ -71.042778414370048, 42.280111495775252 ], [ -71.042656414411454, 42.279901495425946 ], [ -71.042657414610574, 42.27966349618319 ], [ -71.042735413267536, 42.279319495184346 ], [ -71.042721413073735, 42.279067495869157 ], [ -71.042644413079714, 42.279010495288993 ], [ -71.042521412848032, 42.278976496209339 ], [ -71.042151413862953, 42.279023496752131 ], [ -71.04198241374155, 42.279022496388755 ], [ -71.04192141369019, 42.278960496674827 ], [ -71.041952413388941, 42.278874496922036 ], [ -71.042570411545967, 42.278291495767604 ], [ -71.043250408216423, 42.277788495024907 ], [ -71.043698406132833, 42.277366494343688 ], [ -71.043915405193076, 42.277209493423683 ], [ -71.044239405243928, 42.277072493759121 ], [ -71.044655403166004, 42.276979492990328 ], [ -71.0450424032596, 42.276959492519723 ], [ -71.045656401448795, 42.27701549130456 ], [ -71.046210400580492, 42.277168490182106 ], [ -71.046425400705758, 42.277272489979481 ], [ -71.046686400639899, 42.277456490256988 ], [ -71.04704040022547, 42.277720489620116 ], [ -71.047439399835, 42.277938489298997 ], [ -71.04807639842393, 42.278075487932846 ], [ -71.048193398685285, 42.278100487718433 ], [ -71.048279397976202, 42.278131487592979 ], [ -71.048347398083564, 42.278156487232891 ], [ -71.048670397168607, 42.278375487459009 ], [ -71.048793397218887, 42.278418487514472 ], [ -71.049270396055192, 42.27851348648143 ], [ -71.049686396356051, 42.278546486098193 ], [ -71.050102394987888, 42.278539485391406 ], [ -71.050209394924295, 42.278515485300623 ], [ -71.050349393763639, 42.278444485019627 ], [ -71.050672393605453, 42.27838948486297 ], [ -71.05125739178068, 42.278401483587011 ], [ -71.051381391296701, 42.278381483135924 ], [ -71.051720390564881, 42.278199483180799 ], [ -71.051982389708087, 42.27814148279694 ], [ -71.052090388910841, 42.278143482097519 ], [ -71.052768387474998, 42.278027481679388 ], [ -71.053170386977925, 42.277894480545932 ], [ -71.053507384934747, 42.277726480812596 ], [ -71.053623384924137, 42.277850480554832 ], [ -71.053705385025467, 42.277946480037691 ], [ -71.053747385803391, 42.277996480522006 ], [ -71.053766385898072, 42.278029480312924 ], [ -71.053864384966971, 42.278200479695656 ], [ -71.0539923857894, 42.278487480151618 ], [ -71.054155386800446, 42.278941479879862 ], [ -71.05427138712659, 42.279224479262616 ], [ -71.05469338825408, 42.280340478982495 ], [ -71.055182386683299, 42.280289478293632 ], [ -71.055841386134063, 42.280255476941591 ], [ -71.056556383665267, 42.280200476736141 ], [ -71.057099382710817, 42.280163475270399 ], [ -71.05751938205286, 42.280135475162282 ], [ -71.058457379820965, 42.280064473351707 ], [ -71.05852737902346, 42.280061473309971 ], [ -71.058761379783746, 42.280640473610895 ], [ -71.058777380191785, 42.280876473597836 ], [ -71.058804381151646, 42.28108247351971 ], [ -71.058830381651916, 42.281275472776983 ], [ -71.058883382482676, 42.281666473582973 ], [ -71.058857382588343, 42.28182247319544 ], [ -71.058873383090145, 42.281928473539807 ], [ -71.058931382728204, 42.281991472668665 ], [ -71.05890338304313, 42.281998473098007 ], [ -71.058600383752335, 42.282087473327984 ], [ -71.058461384527803, 42.282128473975952 ], [ -71.057962385111324, 42.282259474706436 ], [ -71.057789385484995, 42.282309474636378 ], [ -71.057274387922917, 42.282449475088193 ], [ -71.056971388097168, 42.282509475797816 ], [ -71.056630389580491, 42.282575476382021 ], [ -71.056535388705356, 42.282583476318337 ], [ -71.056153390187291, 42.282812476864564 ], [ -71.056000391440634, 42.282921477236108 ], [ -71.055868391986806, 42.283096477114782 ], [ -71.055786392285142, 42.28320547790301 ], [ -71.055663393408764, 42.283605477876272 ], [ -71.055426395157752, 42.284355478619091 ], [ -71.055210397310816, 42.284914478464572 ], [ -71.05514739765816, 42.285068478425366 ], [ -71.055008398891701, 42.285426478538575 ], [ -71.054962399604236, 42.285575479102832 ], [ -71.054775401252968, 42.286007479011076 ], [ -71.054684401188581, 42.286267479212135 ], [ -71.054546402319957, 42.286615479290226 ], [ -71.054527402968347, 42.286672479549942 ], [ -71.054509402975313, 42.286800479899334 ], [ -71.054509403987851, 42.286859479563013 ], [ -71.054536404098357, 42.287113480016572 ], [ -71.054653404015639, 42.287335479532103 ], [ -71.054724404722336, 42.287446479512582 ], [ -71.054876403871276, 42.287667479106638 ], [ -71.055099403946855, 42.287933478707636 ], [ -71.055346404422622, 42.28824247832415 ], [ -71.054887406572377, 42.288403479105789 ], [ -71.054330407362698, 42.288552479607198 ], [ -71.053582409156377, 42.28875748088376 ], [ -71.052737412057638, 42.288990481913181 ], [ -71.052157413413951, 42.289137482741779 ], [ -71.051904414769098, 42.289202483419515 ], [ -71.051471415380362, 42.289314483761224 ], [ -71.051359415736286, 42.289077484409987 ], [ -71.051152414652805, 42.28867748472932 ], [ -71.050895414063874, 42.288181485137521 ], [ -71.050696413503829, 42.287797485410238 ], [ -71.049369417299388, 42.288012486813294 ], [ -71.049085416609316, 42.287389487307422 ], [ -71.048514415316944, 42.286135488398507 ], [ -71.047460418385683, 42.286389489643845 ], [ -71.045290423957994, 42.286933492055532 ], [ -71.044461425057705, 42.286588493435289 ], [ -71.044149425785406, 42.286455493819176 ], [ -71.043858426646921, 42.286333494709915 ], [ -71.043314426850401, 42.286078494996659 ], [ -71.043026427420443, 42.28592249574352 ], [ -71.042942427669558, 42.285886496071164 ], [ -71.04282042779262, 42.285835495521361 ], [ -71.042718427301139, 42.285792496215649 ], [ -71.042532427986814, 42.285719496482322 ], [ -71.041994428417993, 42.285544496572591 ], [ -71.04165842886151, 42.285415497153551 ], [ -71.041278429084201, 42.285227497837234 ], [ -71.041001429893015, 42.285082498579314 ], [ -71.040898430032428, 42.285028498216747 ], [ -71.040666430284887, 42.284906498865226 ], [ -71.040388431160352, 42.284760499273901 ], [ -71.040221430465849, 42.284668499672769 ] ] ] ] } },
{ "type": "Feature", "properties": { "geoid": "25025120103", "neighborhood": "Jamaica Plain", "sales": 591, "median_price": 629000.0, "investor_share": 0.086294416243654817, "large_inst_share": 0.013536379018612521, "small_med_share": 0.072758037225042302, "flip_rate": 0.052453468697123522, "buy_flip_rate": 0.052453468697123522, "condo_share": 0.67005076142131981, "r23_share": 0.10152284263959391, "hold_score": -0.80980678900019676, "flip_score": -3.4072587577828748, "dominant": "holding", "policy_fit": "Transfer fee on high-value sales", "r_mhi": 108472.0, "pct_nonwhite": 0.21071863580998784, "pct_black": 0.035322777101096221, "pct_latino": 0.053593179049939099, "percent_owners": 73.1 }, "geometry": { "type": "MultiPolygon", "coordinates": [ [ [ [ -71.122253307217576, 42.312207389742383 ], [ -71.122224308577287, 42.312440389325566 ], [ -71.122098308652369, 42.312720389669636 ], [ -71.12190431005132, 42.31290738981388 ], [ -71.121740310370441, 42.313029390599368 ], [ -71.121322311547985, 42.313092391179126 ], [ -71.121104311751282, 42.313136391563354 ], [ -71.121006312644496, 42.313160390961251 ], [ -71.120816313084049, 42.313231391157238 ], [ -71.120584314009562, 42.313336391681993 ], [ -71.12031131452818, 42.313460392141302 ], [ -71.119615316592487, 42.313785393344425 ], [ -71.119458317492999, 42.313858393798881 ], [ -71.119103319111488, 42.314096393663675 ], [ -71.118825320164916, 42.314289394344968 ], [ -71.118499320570692, 42.314498394502465 ], [ -71.11797632303545, 42.314924395841267 ], [ -71.117710324193993, 42.31509239645051 ], [ -71.117405324726249, 42.315268396341438 ], [ -71.117177325934236, 42.315407396679902 ], [ -71.117084326594039, 42.315483396986579 ], [ -71.117002327325991, 42.315579397027726 ], [ -71.11622032751805, 42.31531139826761 ], [ -71.115672328420672, 42.315131399107386 ], [ -71.116210326477798, 42.314424398372829 ], [ -71.116339324772582, 42.314234397321336 ], [ -71.116355325335419, 42.31417039732537 ], [ -71.116356324497346, 42.31411939796655 ], [ -71.116334324916096, 42.314091397358929 ], [ -71.116292325061025, 42.314067397538125 ], [ -71.115909325318029, 42.313925398718929 ], [ -71.11581832583424, 42.313891398375901 ], [ -71.11540332659402, 42.313726399084359 ], [ -71.114820327038288, 42.313501399774267 ], [ -71.114099327874513, 42.313229400724616 ], [ -71.114100327073118, 42.313027400901404 ], [ -71.114148326236275, 42.312522400074513 ], [ -71.114180325982701, 42.312307400439913 ], [ -71.114231325206504, 42.312157400256417 ], [ -71.114396323453448, 42.311621400215735 ], [ -71.11449432239182, 42.311230399462126 ], [ -71.1145713219708, 42.310982399813625 ], [ -71.114653321661478, 42.310750399837815 ], [ -71.114761321108134, 42.310548399294952 ], [ -71.114852319552753, 42.310394399554283 ], [ -71.11513231844917, 42.310111398819394 ], [ -71.115359317517076, 42.309860398505421 ], [ -71.11547131697921, 42.309675398363268 ], [ -71.115655316124787, 42.309667397814508 ], [ -71.115826316227924, 42.309602398024545 ], [ -71.116062315737466, 42.309436397349764 ], [ -71.116212315011808, 42.309313397215391 ], [ -71.11641831360194, 42.309212397049649 ], [ -71.116528313661192, 42.309160396427309 ], [ -71.116721312805254, 42.30909739622173 ], [ -71.117163312165943, 42.30898539550671 ], [ -71.117313311489283, 42.308954395322182 ], [ -71.11799830926094, 42.308805394756384 ], [ -71.118253308838291, 42.308767393974165 ], [ -71.11839230892889, 42.308751394424895 ], [ -71.118472308312391, 42.308751394363071 ], [ -71.118648308320758, 42.30876039340766 ], [ -71.118872307801553, 42.308780393604344 ], [ -71.119129306981151, 42.308816392944998 ], [ -71.119539305736083, 42.308874392754973 ], [ -71.120128305292596, 42.308956391344552 ], [ -71.120503304094356, 42.309009391539831 ], [ -71.120726304049697, 42.30900939101732 ], [ -71.12086130385741, 42.309102390469903 ], [ -71.1209293040978, 42.309162390840882 ], [ -71.121238303906523, 42.309410390514174 ], [ -71.121491303497919, 42.309657390203931 ], [ -71.121611303646333, 42.309798390020468 ], [ -71.121748303441706, 42.310041389865098 ], [ -71.121868304526856, 42.310294389937589 ], [ -71.122018304138351, 42.310710389109964 ], [ -71.122156305283426, 42.311194389436125 ], [ -71.12221330579878, 42.311518389167006 ], [ -71.122254307059592, 42.311884389132061 ], [ -71.122253307217576, 42.312207389742383 ] ] ] ] } },
{ "type": "Feature", "properties": { "geoid": "25025130406", "neighborhood": "West Roxbury", "sales": 829, "median_price": 330000.0, "investor_share": 0.158021712907117, "large_inst_share": 0.061519903498190594, "small_med_share": 0.096501809408926414, "flip_rate": 0.08805790108564536, "buy_flip_rate": 0.08805790108564536, "condo_share": 0.38600723763570566, "r23_share": 0.053075995174909532, "hold_score": -1.263009050920197, "flip_score": -1.2085994064391412, "dominant": "mixed", "policy_fit": "Layered approach", "r_mhi": 41418.0, "pct_nonwhite": 0.71395637524383759, "pct_black": 0.35999290654371341, "pct_latino": 0.24454690547969499, "percent_owners": 64.5 }, "geometry": { "type": "MultiPolygon", "coordinates": [ [ [ [ -71.161561096473591, 42.257557324166939 ], [ -71.160715099800541, 42.258229326097364 ], [ -71.160260101111533, 42.258574326755614 ], [ -71.16019110213179, 42.258628326413834 ], [ -71.15992210218414, 42.258836327228295 ], [ -71.15927610573597, 42.259362328206912 ], [ -71.158539108923165, 42.259960328818281 ], [ -71.158406108992665, 42.26002832954682 ], [ -71.157520112435805, 42.260740330732034 ], [ -71.157051114368528, 42.261202331733223 ], [ -71.156957114591478, 42.261301332133968 ], [ -71.156512117296018, 42.261733332412497 ], [ -71.155785120364769, 42.262454333868803 ], [ -71.155355122582435, 42.262866334686876 ], [ -71.154824124132901, 42.263353335488397 ], [ -71.154279127319498, 42.263859335817003 ], [ -71.15357312985364, 42.264483337157522 ], [ -71.152879132173794, 42.265100338106706 ], [ -71.152310134975494, 42.265607339557299 ], [ -71.152201135738679, 42.26569933938238 ], [ -71.151771137388621, 42.266096340197393 ], [ -71.151123139829139, 42.266666340769873 ], [ -71.150804141502789, 42.266940341459609 ], [ -71.150669142150079, 42.26706234173345 ], [ -71.150468143417925, 42.267244342570045 ], [ -71.15008514409746, 42.267577342373556 ], [ -71.149801144677795, 42.267385343551894 ], [ -71.149562144490929, 42.267211343301398 ], [ -71.149412144550141, 42.267026343260795 ], [ -71.149283144713451, 42.266796343326277 ], [ -71.14888914461217, 42.266180344152815 ], [ -71.14872514427114, 42.26601134469054 ], [ -71.148492144329865, 42.265796344447558 ], [ -71.148390143855551, 42.265687344948574 ], [ -71.148138144024074, 42.265531344850466 ], [ -71.147822144350087, 42.265367345089125 ], [ -71.147293145074556, 42.265173346224593 ], [ -71.14701814642757, 42.265065346562089 ], [ -71.146891145810443, 42.264991346536213 ], [ -71.146834145643879, 42.264957346908155 ], [ -71.146691145730969, 42.264850347247048 ], [ -71.146433146178452, 42.264583347123796 ], [ -71.146280146389003, 42.264313347608642 ], [ -71.14621814528131, 42.264072347836759 ], [ -71.146213145448414, 42.263854347180747 ], [ -71.146285143596302, 42.263408347466481 ], [ -71.146403142668106, 42.262791346800952 ], [ -71.146480140998307, 42.262482347197974 ], [ -71.146570141145332, 42.262263346854454 ], [ -71.146672140170224, 42.262015346715138 ], [ -71.146800139184109, 42.261788345892285 ], [ -71.146998138302536, 42.261420346355017 ], [ -71.147034136897673, 42.261219346012467 ], [ -71.146990136960966, 42.260991345500017 ], [ -71.14694313663405, 42.260897346098723 ], [ -71.1468351367959, 42.260764346128177 ], [ -71.146686136996919, 42.260639346113017 ], [ -71.146255137301395, 42.2604623468754 ], [ -71.145382138617833, 42.260180348352442 ], [ -71.145232138747062, 42.260124348108867 ], [ -71.145181139074552, 42.260068348285429 ], [ -71.145176138522103, 42.260042348238947 ], [ -71.145211138785513, 42.259920347977733 ], [ -71.145404136824311, 42.259450348146075 ], [ -71.14552813608357, 42.259229347621186 ], [ -71.144115139779942, 42.259320349994766 ], [ -71.144054138169906, 42.25846534912224 ], [ -71.143703137294565, 42.257835349994131 ], [ -71.143515136524101, 42.257153349833395 ], [ -71.14333513477554, 42.25669235051479 ], [ -71.14328613451211, 42.25622734984892 ], [ -71.142833135019856, 42.255943350667472 ], [ -71.143077132853847, 42.255552350015094 ], [ -71.143155132821008, 42.255368350164417 ], [ -71.143393131075399, 42.254918350231698 ], [ -71.143559130020336, 42.25468634974348 ], [ -71.14380312972385, 42.254436348910623 ], [ -71.144170127799114, 42.254107348656206 ], [ -71.144487125931192, 42.253860348108475 ], [ -71.144907124566288, 42.253580347512084 ], [ -71.145161123831201, 42.253449347431307 ], [ -71.145410122563732, 42.253348346657006 ], [ -71.145664122891844, 42.253257346067059 ], [ -71.145900122139182, 42.253139345963781 ], [ -71.146060121065588, 42.25303034565728 ], [ -71.146126120982217, 42.25296434589611 ], [ -71.146305121925067, 42.253933345621739 ], [ -71.146391123766918, 42.254397345375331 ], [ -71.146614125874791, 42.255606345512348 ], [ -71.146641125407967, 42.255755345425669 ], [ -71.147735124089394, 42.256253344187996 ], [ -71.148733123094729, 42.256707342590587 ], [ -71.149427122459912, 42.2570243417494 ], [ -71.150385121325485, 42.257460340618984 ], [ -71.151581119560092, 42.25800433837523 ], [ -71.15211711841539, 42.25824733818866 ], [ -71.152311118184258, 42.258336338169499 ], [ -71.153157116507387, 42.25791033603354 ], [ -71.15421211177609, 42.257372335105252 ], [ -71.15522310869612, 42.256858333214318 ], [ -71.155957106660438, 42.256485331715226 ], [ -71.156280104887145, 42.256322331465881 ], [ -71.156698103710411, 42.256109331317703 ], [ -71.1573931013926, 42.25575732973531 ], [ -71.158128098472133, 42.25538532837566 ], [ -71.158296098255661, 42.255299328716497 ], [ -71.158583097939228, 42.255155328377079 ], [ -71.160423097161186, 42.256625325723668 ], [ -71.160823096921277, 42.25694932526909 ], [ -71.16098909580127, 42.257082324837178 ], [ -71.161558095812296, 42.257542324353047 ], [ -71.161573096423098, 42.257546324484956 ], [ -71.161561096473591, 42.257557324166939 ] ] ] ] } },
{ "type": "Feature", "properties": { "geoid": "25025130404", "neighborhood": "West Roxbury", "sales": 1054, "median_price": 330000.0, "investor_share": 0.1603415559772296, "large_inst_share": 0.061669829222011384, "small_med_share": 0.098671726755218223, "flip_rate": 0.09962049335863378, "buy_flip_rate": 0.09962049335863378, "condo_share": 0.33301707779886147, "r23_share": 0.073055028462998106, "hold_score": -1.1160733066800161, "flip_score": -0.29167670353384767, "dominant": "flipping", "policy_fit": "TOPA / anti-flip / stabilization", "r_mhi": 53902.0, "pct_nonwhite": 0.40481614057923854, "pct_black": 0.12398307842499186, "pct_latino": 0.14480963228115848, "percent_owners": 64.2 }, "geometry": { "type": "MultiPolygon", "coordinates": [ [ [ [ -71.163509102552837, 42.262591322980533 ], [ -71.163448103807909, 42.262800322671922 ], [ -71.163407103565774, 42.262922322451196 ], [ -71.163244105954519, 42.263454323076168 ], [ -71.162979108412159, 42.26427032389163 ], [ -71.162938108188129, 42.264499323637757 ], [ -71.162909109527064, 42.264803324135862 ], [ -71.162905110844108, 42.265574324058029 ], [ -71.162903111708772, 42.265910323956966 ], [ -71.162928112500722, 42.266284323817636 ], [ -71.162932113364704, 42.266713324572244 ], [ -71.162925114590024, 42.266904324033661 ], [ -71.162883115216246, 42.267274324365815 ], [ -71.162781116447547, 42.267615324475152 ], [ -71.162709116001508, 42.267748324643996 ], [ -71.162531116803308, 42.268005325490272 ], [ -71.162343118851453, 42.268213325597209 ], [ -71.162054120160732, 42.2685113260262 ], [ -71.161933120364907, 42.268650326125389 ], [ -71.161858121190519, 42.268814326045451 ], [ -71.161851120879973, 42.268879326205429 ], [ -71.161953120715026, 42.269060326106114 ], [ -71.161999121454826, 42.269239326368321 ], [ -71.161997121484177, 42.269484326137992 ], [ -71.16195812421671, 42.27029532636552 ], [ -71.161896125682475, 42.270939326515837 ], [ -71.161835126178119, 42.271147326610667 ], [ -71.16170612744709, 42.271440327486097 ], [ -71.161422128628473, 42.272042327942891 ], [ -71.161240129991356, 42.272404327875961 ], [ -71.161096130800971, 42.272619328427616 ], [ -71.160774132576876, 42.273128329133201 ], [ -71.160653134129532, 42.273342329251605 ], [ -71.16057113467221, 42.27355732944271 ], [ -71.160520135218505, 42.273720329691777 ], [ -71.16038613561156, 42.274184329229854 ], [ -71.160255137923059, 42.274634329655626 ], [ -71.160231137869673, 42.274709329452818 ], [ -71.160224138182102, 42.27479932992545 ], [ -71.160189138011816, 42.274999330184357 ], [ -71.160188139250096, 42.275183329986831 ], [ -71.160247139988584, 42.275511330384091 ], [ -71.16034514067583, 42.275979330362745 ], [ -71.160469141132083, 42.276403330079212 ], [ -71.160468141915601, 42.276568329868681 ], [ -71.16042714199466, 42.276851330091368 ], [ -71.1603041433914, 42.277269330271878 ], [ -71.16018814467877, 42.27758033038382 ], [ -71.160101145536643, 42.277812330987153 ], [ -71.160039145247254, 42.278051330592433 ], [ -71.160039145581251, 42.278175330870376 ], [ -71.160092146086313, 42.278265330505967 ], [ -71.159924146029738, 42.278351330774477 ], [ -71.159774146820027, 42.27845033132413 ], [ -71.159433148566549, 42.278834332268687 ], [ -71.15937114855204, 42.278833331930947 ], [ -71.159306148615983, 42.27881733175294 ], [ -71.15925714876478, 42.278795331660568 ], [ -71.159165149490519, 42.278741332460385 ], [ -71.158912148911256, 42.278521332352874 ], [ -71.158660149292842, 42.278287333162901 ], [ -71.158339149332818, 42.278015333624673 ], [ -71.158018149436174, 42.277790333395579 ], [ -71.157737150206287, 42.277615334397531 ], [ -71.157122150664549, 42.277245334428287 ], [ -71.156771150529067, 42.277048335042181 ], [ -71.156545151215525, 42.276955335657739 ], [ -71.156456151496542, 42.276924336019029 ], [ -71.156073151762683, 42.276842336052823 ], [ -71.155571152341494, 42.276693336954722 ], [ -71.155259153619241, 42.276609336819327 ], [ -71.154920153951153, 42.276507337846965 ], [ -71.154598153571868, 42.276394337764899 ], [ -71.154056154947952, 42.276196338891943 ], [ -71.153715154931803, 42.276089339047218 ], [ -71.153503156008171, 42.275976339610594 ], [ -71.153297156101274, 42.275795340075369 ], [ -71.153217155688097, 42.275638339909136 ], [ -71.153101154832171, 42.275434339678462 ], [ -71.152977155455005, 42.27526233980501 ], [ -71.152355155583592, 42.274782340760538 ], [ -71.15211515516981, 42.27460134150332 ], [ -71.151780156062642, 42.274405342041121 ], [ -71.151499156570864, 42.274237341823437 ], [ -71.151178156396128, 42.274036342245331 ], [ -71.150994156270187, 42.273908343029952 ], [ -71.150871156502546, 42.273693342702472 ], [ -71.150777155822666, 42.273551343158069 ], [ -71.150722156727966, 42.273468342768901 ], [ -71.150470156466113, 42.273043343172645 ], [ -71.150048155225107, 42.272417344161937 ], [ -71.149892155883236, 42.272228343766542 ], [ -71.149625156033139, 42.272048344458881 ], [ -71.149392156017356, 42.271915344139579 ], [ -71.149174156219004, 42.271760345230625 ], [ -71.149092156430285, 42.271684345157389 ], [ -71.148813155613283, 42.271264345068566 ], [ -71.148697155698486, 42.271115345054938 ], [ -71.148561155176083, 42.270992345711853 ], [ -71.148464156170945, 42.270923345965201 ], [ -71.148079155641156, 42.270605346281727 ], [ -71.147537156731332, 42.270177347300738 ], [ -71.147393156090217, 42.27006334663546 ], [ -71.147288155768692, 42.269994347427996 ], [ -71.148093153290432, 42.269318345570937 ], [ -71.148474151255797, 42.269017344916428 ], [ -71.148529151225588, 42.268969345154908 ], [ -71.148808150108621, 42.268713344478442 ], [ -71.148846150187779, 42.26868134500706 ], [ -71.149225147667707, 42.268361343832808 ], [ -71.149366147122493, 42.268217343963336 ], [ -71.149635145849487, 42.267969343247358 ], [ -71.15008514409746, 42.267577342373556 ], [ -71.150468143417925, 42.267244342570045 ], [ -71.150669142150079, 42.26706234173345 ], [ -71.150804141502789, 42.266940341459609 ], [ -71.151123139829139, 42.266666340769873 ], [ -71.151771137388621, 42.266096340197393 ], [ -71.152201135738679, 42.26569933938238 ], [ -71.152310134975494, 42.265607339557299 ], [ -71.152879132173794, 42.265100338106706 ], [ -71.15357312985364, 42.264483337157522 ], [ -71.154279127319498, 42.263859335817003 ], [ -71.154824124132901, 42.263353335488397 ], [ -71.155355122582435, 42.262866334686876 ], [ -71.155785120364769, 42.262454333868803 ], [ -71.156512117296018, 42.261733332412497 ], [ -71.156957114591478, 42.261301332133968 ], [ -71.157051114368528, 42.261202331733223 ], [ -71.157520112435805, 42.260740330732034 ], [ -71.158406108992665, 42.26002832954682 ], [ -71.158539108923165, 42.259960328818281 ], [ -71.15927610573597, 42.259362328206912 ], [ -71.15992210218414, 42.258836327228295 ], [ -71.16019110213179, 42.258628326413834 ], [ -71.160260101111533, 42.258574326755614 ], [ -71.160715099800541, 42.258229326097364 ], [ -71.161561096473591, 42.257557324166939 ], [ -71.161573096423098, 42.257546324484956 ], [ -71.161665096392881, 42.25762932447946 ], [ -71.163015095146548, 42.25871832249252 ], [ -71.16313009585393, 42.258811322711274 ], [ -71.163392095481228, 42.259023321916125 ], [ -71.16338309570402, 42.25910132222355 ], [ -71.163373096171682, 42.259273322175765 ], [ -71.163294097635628, 42.259837322157956 ], [ -71.163280097469979, 42.259974322731054 ], [ -71.163201098693747, 42.260251322723747 ], [ -71.163225098976483, 42.260667322785665 ], [ -71.163296100882292, 42.261175322191612 ], [ -71.163381101230144, 42.261529322317926 ], [ -71.163444101672027, 42.261705322747765 ], [ -71.163473100909471, 42.261788322085572 ], [ -71.163535101917645, 42.262238322495861 ], [ -71.163509102552837, 42.262591322980533 ] ] ] ] } },
{ "type": "Feature", "properties": { "geoid": "25025010408", "neighborhood": "Fenway", "sales": 399, "median_price": 270000.0, "investor_share": 0.17293233082706766, "large_inst_share": 0.070175438596491224, "small_med_share": 0.10275689223057644, "flip_rate": 0.11027568922305764, "buy_flip_rate": 0.11027568922305764, "condo_share": 0.98245614035087714, "r23_share": 0.0, "hold_score": 0.078764287501790098, "flip_score": 0.033608742605775621, "dominant": "mixed", "policy_fit": "Layered approach", "r_mhi": 66736.0, "pct_nonwhite": 0.4290681502086231, "pct_black": 0.027121001390820583, "pct_latino": 0.13490959666203059, "percent_owners": 76.0 }, "geometry": { "type": "MultiPolygon", "coordinates": [ [ [ [ -71.097411433432242, 42.34369442677248 ], [ -71.096506436060409, 42.343944428430781 ], [ -71.095743438149256, 42.344146429727601 ], [ -71.094931440896332, 42.344381430967786 ], [ -71.094838441398124, 42.344413431090146 ], [ -71.094767441516908, 42.344443430772664 ], [ -71.094643442092277, 42.344549430822646 ], [ -71.094700441227673, 42.344246430567289 ], [ -71.094702440214306, 42.344039430844887 ], [ -71.094678440708932, 42.343802430908546 ], [ -71.094611439566918, 42.343513430699062 ], [ -71.094592438608771, 42.343271431006414 ], [ -71.094581439209691, 42.343129430613807 ], [ -71.09457843882501, 42.343087431324861 ], [ -71.094610438222077, 42.342940431012771 ], [ -71.094691438241654, 42.342756430313095 ], [ -71.094841437226947, 42.342559430227489 ], [ -71.095071436527249, 42.342353430502932 ], [ -71.095307435668062, 42.342217430224167 ], [ -71.095487434809982, 42.342135429205939 ], [ -71.095624434057129, 42.342085429767124 ], [ -71.095896433134129, 42.342012429436011 ], [ -71.096492431285895, 42.341843428565575 ], [ -71.096604432493038, 42.342047427876018 ], [ -71.096799432449231, 42.342432428246504 ], [ -71.097014432880471, 42.342859427612538 ], [ -71.097132432752218, 42.343079427547231 ], [ -71.097223433165226, 42.343280427578755 ], [ -71.097411433432242, 42.34369442677248 ] ] ] ] } },
{ "type": "Feature", "properties": { "geoid": "25025010701", "neighborhood": "Back Bay", "sales": 1623, "median_price": 850000.0, "investor_share": 0.30314232902033272, "large_inst_share": 0.080098582871226121, "small_med_share": 0.2230437461491066, "flip_rate": 0.091805298829328405, "buy_flip_rate": 0.091805298829328405, "condo_share": 0.89402341343191616, "r23_share": 0.0036968576709796672, "hold_score": 2.9069358012332898, "flip_score": -1.2287730108658437, "dominant": "holding", "policy_fit": "Transfer fee on high-value sales", "r_mhi": 128407.0, "pct_nonwhite": 0.22807707432166735, "pct_black": 0.020841525756979944, "pct_latino": 0.063311049941014552, "percent_owners": 61.0 }, "geometry": { "type": "MultiPolygon", "coordinates": [ [ [ [ -71.088709465187421, 42.349252439519994 ], [ -71.087163470708319, 42.349662441553015 ], [ -71.086242472547966, 42.349910442408017 ], [ -71.084698476757168, 42.350297444917679 ], [ -71.084929477680816, 42.350756444812461 ], [ -71.085124478225055, 42.35114444436482 ], [ -71.083172483129786, 42.351651446660064 ], [ -71.080861489964946, 42.352267449835317 ], [ -71.080650490182094, 42.35184745053018 ], [ -71.080456488934431, 42.351460450830643 ], [ -71.080295488758864, 42.351121450450407 ], [ -71.080077488247539, 42.350710450736294 ], [ -71.079859487718537, 42.350304450778765 ], [ -71.079681487190456, 42.349914451557126 ], [ -71.079507487513013, 42.349508451360514 ], [ -71.08077748372834, 42.349195449631502 ], [ -71.081423481306075, 42.34901844879596 ], [ -71.081810480937946, 42.348906448482339 ], [ -71.082100479826636, 42.348819447611866 ], [ -71.083748475348088, 42.348380445857948 ], [ -71.085312470630441, 42.347960443379222 ], [ -71.085601469533501, 42.34788444335301 ], [ -71.086375467140456, 42.347682442572143 ], [ -71.086733466350822, 42.347588441595754 ], [ -71.086854466362624, 42.347554441912116 ], [ -71.087075466100771, 42.347491441721118 ], [ -71.08723246468908, 42.347448441007352 ], [ -71.087347464402768, 42.347410440886236 ], [ -71.08775746342296, 42.347300440523362 ], [ -71.087915463116502, 42.347461440389871 ], [ -71.087969463450307, 42.347561440131656 ], [ -71.088029464020877, 42.347692440359161 ], [ -71.088150465033294, 42.348136439959035 ], [ -71.088321464660339, 42.348479440015467 ], [ -71.088530465890017, 42.348883439902487 ], [ -71.088622465468674, 42.349076439335619 ], [ -71.088650466006683, 42.349131439214219 ], [ -71.088709465187421, 42.349252439519994 ] ] ] ] } },
{ "type": "Feature", "properties": { "geoid": "25025110403", "neighborhood": "Roslindale", "sales": 1409, "median_price": 349900.0, "investor_share": 0.16465578424414479, "large_inst_share": 0.07877927608232789, "small_med_share": 0.085876508161816897, "flip_rate": 0.1078779276082328, "buy_flip_rate": 0.10858765081618169, "condo_share": 0.35486160397444999, "r23_share": 0.13555713271823988, "hold_score": -1.6614319791759193, "flip_score": 0.66167720993245127, "dominant": "flipping", "policy_fit": "TOPA / anti-flip / stabilization", "r_mhi": 60428.0, "pct_nonwhite": 0.52174892945684026, "pct_black": 0.20599504169483884, "pct_latino": 0.23123732251521298, "percent_owners": 63.1 }, "geometry": { "type": "MultiPolygon", "coordinates": [ [ [ [ -71.134784200460246, 42.276898366468686 ], [ -71.134204202405115, 42.277355366980139 ], [ -71.133358205634451, 42.278055368402804 ], [ -71.133047207296769, 42.278301369097143 ], [ -71.132757208698351, 42.278600369329908 ], [ -71.132691209419662, 42.278735369367851 ], [ -71.132683209004924, 42.278922368967557 ], [ -71.132668209925185, 42.279046369152944 ], [ -71.132632209644328, 42.279135369571897 ], [ -71.132595209704888, 42.279185369295647 ], [ -71.132558210217795, 42.279260369497855 ], [ -71.132500210958369, 42.279324370160637 ], [ -71.132168211966203, 42.279602370037551 ], [ -71.13154521459748, 42.280142371256346 ], [ -71.131320216068332, 42.280369371980832 ], [ -71.130576218364496, 42.281002372450693 ], [ -71.130126220843451, 42.281379373105786 ], [ -71.129953220922403, 42.281534373890466 ], [ -71.129750221453932, 42.281455373944937 ], [ -71.12944922234901, 42.28122437390887 ], [ -71.129081222437463, 42.280968375107555 ], [ -71.128611223992181, 42.281376375615345 ], [ -71.128191225540846, 42.281724376002884 ], [ -71.127764228093938, 42.28209837719843 ], [ -71.127576227988413, 42.282215377194234 ], [ -71.127809228518544, 42.282514376846549 ], [ -71.127941228865325, 42.282665377057349 ], [ -71.127257230040954, 42.282903378063281 ], [ -71.126786231483749, 42.283069378402438 ], [ -71.126699232679712, 42.283127378653226 ], [ -71.126598232648419, 42.283207379031062 ], [ -71.125935235333372, 42.283780379624311 ], [ -71.125126238749999, 42.284490380735946 ], [ -71.12476023957224, 42.28418638151399 ], [ -71.124494238619747, 42.283906381326766 ], [ -71.124367239323504, 42.283702381958676 ], [ -71.124246238508988, 42.28345038175992 ], [ -71.124161237679814, 42.283213382051834 ], [ -71.124040238521772, 42.282998382215453 ], [ -71.123975238088079, 42.282933382020957 ], [ -71.123761238095454, 42.282702382558071 ], [ -71.123541237799188, 42.282538382400048 ], [ -71.122964238877486, 42.282163383965845 ], [ -71.122432239367299, 42.281826384547685 ], [ -71.122012239016726, 42.281546384591437 ], [ -71.121320240137763, 42.281091385702595 ], [ -71.121069239983228, 42.280926386358409 ], [ -71.120674240135827, 42.280696386527609 ], [ -71.119711241477276, 42.280288387998404 ], [ -71.119842239471055, 42.279542387801321 ], [ -71.119992238189667, 42.27881938720563 ], [ -71.120016237946743, 42.278821386917713 ], [ -71.12037723661588, 42.278776386488701 ], [ -71.120301236843744, 42.278651386730893 ], [ -71.120294236100889, 42.2785543865836 ], [ -71.120302235516064, 42.278420386740208 ], [ -71.120347235956203, 42.278190386517053 ], [ -71.120635232381417, 42.276895385812956 ], [ -71.120806229837726, 42.27606438525715 ], [ -71.120865229194791, 42.27587138567948 ], [ -71.120989228457972, 42.275646384937147 ], [ -71.121434225348352, 42.274639384333781 ], [ -71.121320224441618, 42.274378384328188 ], [ -71.121243223976208, 42.274220384751771 ], [ -71.121236223725589, 42.274097384715731 ], [ -71.121252224167776, 42.273952385053448 ], [ -71.121289223306377, 42.273823384570946 ], [ -71.121332223276198, 42.27379738417703 ], [ -71.121455223691186, 42.273776384760929 ], [ -71.122434221039569, 42.273795382901319 ], [ -71.12366521880115, 42.273820381406352 ], [ -71.123565217818097, 42.273540381743814 ], [ -71.124449214202258, 42.273001380016531 ], [ -71.124913212580708, 42.272699379036695 ], [ -71.125465213260924, 42.273227378348274 ], [ -71.125659212992858, 42.273401378404579 ], [ -71.125793212697474, 42.273468377932943 ], [ -71.126000212714473, 42.273549377882787 ], [ -71.126349212008734, 42.273665377662432 ], [ -71.126849210475825, 42.273816376389568 ], [ -71.12769020915718, 42.274061375265354 ], [ -71.128244208270488, 42.274245375109004 ], [ -71.128398208065889, 42.274106374885299 ], [ -71.128669206680442, 42.27389537454826 ], [ -71.129129205350822, 42.273627373368292 ], [ -71.129433204921085, 42.273460372924951 ], [ -71.129664203604307, 42.273402372906887 ], [ -71.130165201596711, 42.273202371780478 ], [ -71.130561200859546, 42.273022371464627 ], [ -71.130858199557764, 42.272867370991776 ], [ -71.131120200217339, 42.273047370993339 ], [ -71.132702198077254, 42.274037368867447 ], [ -71.13243719915252, 42.274232368872639 ], [ -71.131641202931405, 42.27490837002324 ], [ -71.132122202605942, 42.275218369194604 ], [ -71.132862201387141, 42.275681368730488 ], [ -71.133153200829412, 42.275885368631769 ], [ -71.133750200787603, 42.27623936703084 ], [ -71.134083200377333, 42.276441367384031 ], [ -71.13462520024747, 42.276784366168521 ], [ -71.134784200460246, 42.276898366468686 ] ] ] ] } },
{ "type": "Feature", "properties": { "geoid": "25025040801", "neighborhood": "Charlestown", "sales": 1711, "median_price": 506500.0, "investor_share": 0.10344827586206896, "large_inst_share": 0.021624780829924022, "small_med_share": 0.081823495032144949, "flip_rate": 0.054354178842782, "buy_flip_rate": 0.054354178842782, "condo_share": 0.99064874342489773, "r23_share": 0.00058445353594389242, "hold_score": -0.58964123194132645, "flip_score": -3.8486888718989025, "dominant": "holding", "policy_fit": "Transfer fee on high-value sales", "r_mhi": 54678.0, "pct_nonwhite": 0.49331020812685833, "pct_black": 0.097373637264618437, "pct_latino": 0.17963330029732408, "percent_owners": 55.7 }, "geometry": { "type": "MultiPolygon", "coordinates": [ [ [ [ -71.057403615653541, 42.384802483246325 ], [ -71.055333619479356, 42.384549485242559 ], [ -71.053305623846853, 42.384365488396803 ], [ -71.051794626545984, 42.384239489690323 ], [ -71.050337629384984, 42.384125492057947 ], [ -71.050471628773565, 42.383920491957497 ], [ -71.050033629799742, 42.383752492122213 ], [ -71.04972163045764, 42.38398349253039 ], [ -71.049097631826839, 42.383904493672993 ], [ -71.048536633548835, 42.383784493770044 ], [ -71.048490633150777, 42.383774493893512 ], [ -71.048419633125405, 42.383759494751551 ], [ -71.048132633560584, 42.383671494271937 ], [ -71.047789634765678, 42.383567495536269 ], [ -71.047590633863308, 42.383440495122642 ], [ -71.047471633999123, 42.383127495617572 ], [ -71.047221633385178, 42.382799495943843 ], [ -71.047306632278435, 42.382261495975378 ], [ -71.047411631544946, 42.381904495217832 ], [ -71.04749963053635, 42.381686495662407 ], [ -71.047892629398348, 42.381772495191932 ], [ -71.048654628480264, 42.38194049424898 ], [ -71.049360627866164, 42.382086492847677 ], [ -71.04939862698545, 42.382095493249103 ], [ -71.049413627602419, 42.382065493219891 ], [ -71.049723625025322, 42.381655492601169 ], [ -71.047968629412239, 42.381331494872704 ], [ -71.047305629775579, 42.381271495544169 ], [ -71.047649626458949, 42.379869494667808 ], [ -71.048982623037872, 42.380029493042628 ], [ -71.0507696207126, 42.380313490873682 ], [ -71.0511396193303, 42.380356490912753 ], [ -71.051188619439159, 42.380398490428362 ], [ -71.051389619354268, 42.380570490631996 ], [ -71.051415619616591, 42.380593490770117 ], [ -71.051550619301125, 42.380708490140506 ], [ -71.051566619344641, 42.380753490288697 ], [ -71.051672618733392, 42.38076048977144 ], [ -71.052236617632474, 42.380800489467163 ], [ -71.053068616240878, 42.380956488661695 ], [ -71.054817612643433, 42.381168486076454 ], [ -71.056419609968813, 42.381405483687651 ], [ -71.056982608531342, 42.381480483652581 ], [ -71.057382608421221, 42.381545483004459 ], [ -71.057413608365678, 42.381598483226234 ], [ -71.057389608443643, 42.381644482870342 ], [ -71.057103608837977, 42.381653482893746 ], [ -71.05681860975389, 42.381623483867287 ], [ -71.057094609649525, 42.381739483194096 ], [ -71.057410609019442, 42.38178748313684 ], [ -71.057579608090322, 42.381825482200192 ], [ -71.057691607941635, 42.381598482455956 ], [ -71.058223606578579, 42.381620481591135 ], [ -71.058532605566796, 42.381565481373578 ], [ -71.058635605539351, 42.381392481353565 ], [ -71.058623605114676, 42.381158481601958 ], [ -71.05862560473075, 42.38102348147261 ], [ -71.058264604235504, 42.380845481865194 ], [ -71.057865605322121, 42.380712481784052 ], [ -71.057481606342463, 42.380593482520574 ], [ -71.056812607014564, 42.380411483798419 ], [ -71.055711608806931, 42.380192485167242 ], [ -71.055630609337996, 42.380183484669274 ], [ -71.054524611697289, 42.380065486384012 ], [ -71.05392261237246, 42.380022486778209 ], [ -71.053321613204687, 42.379952488306188 ], [ -71.052781615485529, 42.379934488441016 ], [ -71.052373615385989, 42.379883489066764 ], [ -71.052089616450246, 42.37983748947228 ], [ -71.052048615984816, 42.37983148972765 ], [ -71.051918616092237, 42.379810489509929 ], [ -71.051695617080526, 42.379774490041108 ], [ -71.05127361791412, 42.379646490115285 ], [ -71.051019618217595, 42.379534490478143 ], [ -71.050893619098233, 42.379689490966399 ], [ -71.050731619440811, 42.379666491023762 ], [ -71.050161619752672, 42.379585491988891 ], [ -71.049059621878371, 42.379461493204587 ], [ -71.048227624220118, 42.379327493977058 ], [ -71.047939622379289, 42.378454494375852 ], [ -71.047528620226032, 42.37697649517775 ], [ -71.047668619087162, 42.376914494480417 ], [ -71.04847661938463, 42.377571494178326 ], [ -71.04914061900584, 42.378126493103544 ], [ -71.049405617812866, 42.377937492997063 ], [ -71.04820561820425, 42.376913494418332 ], [ -71.047910618265959, 42.376662494366329 ], [ -71.047965617989121, 42.376593494517728 ], [ -71.048068617423056, 42.376466493971506 ], [ -71.04926961644918, 42.377179492876394 ], [ -71.049615614385132, 42.37673149250071 ], [ -71.047908616403461, 42.375739494496059 ], [ -71.048018615928015, 42.375562494284871 ], [ -71.049735613523126, 42.376481492212726 ], [ -71.049887612529261, 42.376046491729554 ], [ -71.048505613927006, 42.375098493618161 ], [ -71.048249614484462, 42.37492749385158 ], [ -71.048491613333184, 42.374707494072553 ], [ -71.048817612690911, 42.37492249297113 ], [ -71.04908361197306, 42.375097492819712 ], [ -71.049687611426307, 42.375492492404405 ], [ -71.050122610038429, 42.375254491335369 ], [ -71.050314610699957, 42.37534549113758 ], [ -71.050639609192856, 42.375173491337172 ], [ -71.050548609630397, 42.375098491293393 ], [ -71.048705609108055, 42.373447493624539 ], [ -71.048951607996628, 42.37305149316883 ], [ -71.050588607491207, 42.374521491012253 ], [ -71.050624607837861, 42.374406491089502 ], [ -71.050772606050245, 42.373932490280787 ], [ -71.049260606061225, 42.372617492908255 ], [ -71.049367606078079, 42.372426492687396 ], [ -71.049384605351335, 42.372441492341615 ], [ -71.05081460524319, 42.373661490193264 ], [ -71.0508876046258, 42.373484490408707 ], [ -71.050960604498897, 42.373435490830452 ], [ -71.051172604183733, 42.373290490162439 ], [ -71.049697604294565, 42.371921492081384 ], [ -71.050092603005353, 42.371697491520443 ], [ -71.050393602523798, 42.37197849116265 ], [ -71.051543602343813, 42.373054489251196 ], [ -71.052091600015757, 42.372720489365413 ], [ -71.05057960090754, 42.371347490773381 ], [ -71.050810599741212, 42.371225490778521 ], [ -71.051414599975786, 42.37178448998219 ], [ -71.052671599436309, 42.372948488292764 ], [ -71.052765599087252, 42.37287948827926 ], [ -71.054469598686836, 42.374375486052799 ], [ -71.054548598062553, 42.374364486078029 ], [ -71.054637597886924, 42.374345486085431 ], [ -71.05469959749378, 42.374285485975953 ], [ -71.054718597441749, 42.374208485870795 ], [ -71.052499598196221, 42.372069488486105 ], [ -71.052582597529565, 42.372027488690343 ], [ -71.05264659742835, 42.371994488076659 ], [ -71.053755597189465, 42.372960486469601 ], [ -71.053815596215031, 42.372491486303055 ], [ -71.053234595911945, 42.371956487356286 ], [ -71.053543595842115, 42.37193348692368 ], [ -71.054567595182917, 42.372878486022223 ], [ -71.054697595134343, 42.372786485486564 ], [ -71.055737594548731, 42.373686484486235 ], [ -71.055926593081281, 42.373552484146479 ], [ -71.054882593597398, 42.37266148504014 ], [ -71.05498759397986, 42.372591485037354 ], [ -71.054131593696468, 42.371846486134899 ], [ -71.054852592223568, 42.371774485281534 ], [ -71.055036591933813, 42.371852484887754 ], [ -71.056910590003113, 42.372647482682446 ], [ -71.057282588341906, 42.372439482333789 ], [ -71.057659586829786, 42.372228481337388 ], [ -71.057728586114308, 42.37220648153837 ], [ -71.05791258706563, 42.3723624810685 ], [ -71.058442584332681, 42.372116480442273 ], [ -71.058608584573705, 42.372315480452855 ], [ -71.05866558534764, 42.372383480859554 ], [ -71.058250586157513, 42.372589481305724 ], [ -71.058123586194924, 42.372686481353377 ], [ -71.058001587251965, 42.372780481804831 ], [ -71.057932587684107, 42.372962481811939 ], [ -71.057935588752926, 42.373169481199128 ], [ -71.057995587855515, 42.373316481085183 ], [ -71.058012588965525, 42.373358481788451 ], [ -71.058126588859722, 42.373583481057047 ], [ -71.058352588999909, 42.373706480791384 ], [ -71.058063589331312, 42.373964481211196 ], [ -71.058012590115524, 42.374008481352988 ], [ -71.057799590814966, 42.37419748146101 ], [ -71.057749590789669, 42.374242481943234 ], [ -71.057353592301666, 42.374551482014226 ], [ -71.057293593421591, 42.374598482085176 ], [ -71.056955594099634, 42.374874483288828 ], [ -71.056653595077663, 42.375075483310511 ], [ -71.056243596821218, 42.375311483420575 ], [ -71.055863598465294, 42.375611484048953 ], [ -71.055834598350529, 42.375634484294686 ], [ -71.055793599039433, 42.375674484255335 ], [ -71.055517599286105, 42.375939484936993 ], [ -71.055230601751248, 42.376225484857073 ], [ -71.054573603893232, 42.376842486231979 ], [ -71.053756607726683, 42.377609486921067 ], [ -71.053637608228101, 42.377721487466772 ], [ -71.053204610306054, 42.378148487814954 ], [ -71.053129609862907, 42.378227487574215 ], [ -71.052940610900109, 42.37842848800414 ], [ -71.053213611357833, 42.378561487972213 ], [ -71.053238610875951, 42.378573487720402 ], [ -71.053501610443021, 42.378689487666563 ], [ -71.054153610184329, 42.37903948658402 ], [ -71.054276609939834, 42.379049486276969 ], [ -71.054405609694129, 42.379060486781803 ], [ -71.054536609410803, 42.379071485880552 ], [ -71.054879608075652, 42.379092486136898 ], [ -71.055494607468972, 42.379106485041433 ], [ -71.055911606190392, 42.379115484512539 ], [ -71.056044603707491, 42.378400484016709 ], [ -71.056179602520601, 42.377832484420104 ], [ -71.056285601241967, 42.377410483958613 ], [ -71.056303600119648, 42.377080483841581 ], [ -71.056458599399576, 42.37692448363179 ], [ -71.057051598603806, 42.377073482965464 ], [ -71.057115599418864, 42.37708948251646 ], [ -71.057215598289346, 42.377129482652919 ], [ -71.057409598424599, 42.377206482346985 ], [ -71.05841359734103, 42.377542481278383 ], [ -71.058741596134908, 42.377667481144314 ], [ -71.059077595423659, 42.377795480766487 ], [ -71.059580595511662, 42.377960479425141 ], [ -71.059608595432536, 42.377969479611572 ], [ -71.05986659481384, 42.378054479594539 ], [ -71.059889595081515, 42.378061479059426 ], [ -71.059710596342867, 42.378331479929379 ], [ -71.059352598101384, 42.378974479872262 ], [ -71.058955600912029, 42.379668480748933 ], [ -71.059608599100812, 42.379944479427714 ], [ -71.059697599815763, 42.379983480066564 ], [ -71.060350598105074, 42.380269479369815 ], [ -71.061164597777179, 42.380610477943691 ], [ -71.061389597064647, 42.380696477530925 ], [ -71.061595596770545, 42.380789477845425 ], [ -71.061475597575011, 42.380960477416615 ], [ -71.061245599340552, 42.381232477455505 ], [ -71.061065599425874, 42.3814574783447 ], [ -71.060956599805465, 42.381626478361838 ], [ -71.060817601142347, 42.381870478240415 ], [ -71.060330603047575, 42.382074479023139 ], [ -71.0602066036151, 42.382160479486565 ], [ -71.059994604755914, 42.382397479638556 ], [ -71.059301607452539, 42.383350480391258 ], [ -71.059053609246547, 42.383731481129601 ], [ -71.058503612361832, 42.384500481483968 ], [ -71.058379612378261, 42.384612481996662 ], [ -71.05827361308387, 42.384665481942008 ], [ -71.058158613032575, 42.384671482050393 ], [ -71.057592614681695, 42.384618483052492 ], [ -71.057403615653541, 42.384802483246325 ] ] ] ] } },
{ "type": "Feature", "properties": { "geoid": "25025071201", "neighborhood": "South End", "sales": 871, "median_price": 654500.0, "investor_share": 0.1756601607347876, "large_inst_share": 0.028702640642939151, "small_med_share": 0.14695752009184845, "flip_rate": 0.072330654420206655, "buy_flip_rate": 0.072330654420206655, "condo_share": 0.93340987370838113, "r23_share": 0.0057405281285878304, "hold_score": 1.2969623625847877, "flip_score": -2.5703266303061989, "dominant": "holding", "policy_fit": "Transfer fee on high-value sales", "r_mhi": 41179.0, "pct_nonwhite": 0.58679567444507685, "pct_black": 0.16875355719977234, "pct_latino": 0.23022196926579397, "percent_owners": 61.8 }, "geometry": { "type": "MultiPolygon", "coordinates": [ [ [ [ -71.072750482412786, 42.340841459543363 ], [ -71.07207448554513, 42.341286460635509 ], [ -71.071971485972995, 42.341193460584279 ], [ -71.071847485115484, 42.341100460585672 ], [ -71.071803486067822, 42.341082461072837 ], [ -71.07130748530686, 42.340662461276622 ], [ -71.071088485601706, 42.34053946144261 ], [ -71.070706487572892, 42.34079046235599 ], [ -71.07006448907471, 42.341161462818313 ], [ -71.069828490972171, 42.341276463467622 ], [ -71.069670490351783, 42.341343463746362 ], [ -71.068781493052668, 42.34166146505666 ], [ -71.068505494900265, 42.341772465162329 ], [ -71.06832849515655, 42.341856465485186 ], [ -71.068291495119198, 42.341880465279964 ], [ -71.068083495431225, 42.342014465499048 ], [ -71.067927496530217, 42.342125465541507 ], [ -71.067738497089152, 42.342272466524491 ], [ -71.067577497724585, 42.342398465991586 ], [ -71.067475498049006, 42.342481466734469 ], [ -71.067198499719879, 42.342706466792713 ], [ -71.067049500662662, 42.342827467229107 ], [ -71.066814501132029, 42.343021467090928 ], [ -71.066345502935164, 42.343407467786562 ], [ -71.06606350390382, 42.34373246881708 ], [ -71.065929505148759, 42.343936468394539 ], [ -71.065357505785585, 42.343775469561123 ], [ -71.064832507332781, 42.343630470157372 ], [ -71.064405507776058, 42.343501470418872 ], [ -71.064028507868045, 42.34339847092987 ], [ -71.06252851065571, 42.343009472774867 ], [ -71.062389510318241, 42.342965473321932 ], [ -71.062214510792231, 42.342915473970464 ], [ -71.062338510555833, 42.342670473632282 ], [ -71.062967505921307, 42.341491472080385 ], [ -71.063631502198135, 42.340270471316551 ], [ -71.063664502328422, 42.340206471275977 ], [ -71.063763501313659, 42.340027471334359 ], [ -71.064716495034915, 42.338258469456711 ], [ -71.065142491861707, 42.337438469600521 ], [ -71.065289490787862, 42.337074469071212 ], [ -71.065413490176155, 42.336715468987308 ], [ -71.065508489019663, 42.336321468265268 ], [ -71.065529488480351, 42.336029468586005 ], [ -71.065514487871582, 42.335840468853071 ], [ -71.065481486969603, 42.335633469028721 ], [ -71.065413487335206, 42.335441469089339 ], [ -71.065622486804699, 42.335423468634815 ], [ -71.065812485816579, 42.335407468546002 ], [ -71.066251485214266, 42.335360467788092 ], [ -71.066625484448736, 42.335342467407052 ], [ -71.067130483248334, 42.335291466196885 ], [ -71.06747048223923, 42.335375466328294 ], [ -71.067830482148409, 42.335446465631684 ], [ -71.068058481767025, 42.335544464901382 ], [ -71.068476480696063, 42.33572246484659 ], [ -71.069413480317294, 42.336414463621864 ], [ -71.069283480954823, 42.336509463855151 ], [ -71.069155481773379, 42.33659846376937 ], [ -71.069022481764918, 42.336690464388042 ], [ -71.068350484378513, 42.337172464606496 ], [ -71.068644484007066, 42.337420464405234 ], [ -71.069184484655281, 42.337857463870954 ], [ -71.069773483977201, 42.338332462690268 ], [ -71.06997448356104, 42.338495462708501 ], [ -71.070364483751376, 42.338783462246404 ], [ -71.070843481604115, 42.33839246135819 ], [ -71.070948481829333, 42.338306461805693 ], [ -71.071144480707687, 42.338461460907126 ], [ -71.071262481124734, 42.338562460990431 ], [ -71.071575481109903, 42.338819461199876 ], [ -71.071768480685833, 42.33898346087782 ], [ -71.071940480695702, 42.339129459916869 ], [ -71.072384480299618, 42.339493460015504 ], [ -71.072503481066661, 42.339615460057217 ], [ -71.07182548267842, 42.340056460421131 ], [ -71.072432483173841, 42.340477459536253 ], [ -71.072527482262288, 42.340544459589225 ], [ -71.072750482412786, 42.340841459543363 ] ] ] ] } },
{ "type": "Feature", "properties": { "geoid": "25025120301", "neighborhood": "Jamaica Plain", "sales": 1539, "median_price": 361000.0, "investor_share": 0.21052631578947367, "large_inst_share": 0.058479532163742687, "small_med_share": 0.15204678362573099, "flip_rate": 0.07407407407407407, "buy_flip_rate": 0.072774528914879788, "condo_share": 0.6764132553606238, "r23_share": 0.16439246263807666, "hold_score": -0.29373621081320556, "flip_score": -1.5926110051158124, "dominant": "holding", "policy_fit": "Transfer fee on high-value sales", "r_mhi": 99559.0, "pct_nonwhite": 0.555859375, "pct_black": 0.1244140625, "pct_latino": 0.310546875, "percent_owners": 64.0 }, "geometry": { "type": "MultiPolygon", "coordinates": [ [ [ [ -71.10734433753629, 42.310622409834139 ], [ -71.10698933998421, 42.311149410329428 ], [ -71.106609342214369, 42.311740410912158 ], [ -71.106292343978723, 42.31232941122046 ], [ -71.106084344947703, 42.312793411440204 ], [ -71.105790347303568, 42.313443412175033 ], [ -71.105376350685205, 42.314644412309313 ], [ -71.105202352121736, 42.315116413152467 ], [ -71.105056353389841, 42.315487412863945 ], [ -71.104934354320918, 42.31578941327416 ], [ -71.104622357589889, 42.316687413852755 ], [ -71.104474357957628, 42.317022413794191 ], [ -71.104212359307297, 42.317456414775819 ], [ -71.103965360799478, 42.317857415123697 ], [ -71.103680363233352, 42.318291415744326 ], [ -71.103430363750562, 42.318657415439255 ], [ -71.102943367292383, 42.319298416504367 ], [ -71.102916366235178, 42.319283417055622 ], [ -71.102577366888099, 42.31905541709407 ], [ -71.101505367508864, 42.318378418349056 ], [ -71.101361367835068, 42.318295418717184 ], [ -71.101249368675767, 42.318250418860757 ], [ -71.101191368623034, 42.318215418539673 ], [ -71.100761368564534, 42.317809419439108 ], [ -71.100326368672711, 42.317374419849145 ], [ -71.100034368655983, 42.317109420356616 ], [ -71.099686368268252, 42.316730420423795 ], [ -71.099623368037498, 42.316675420696967 ], [ -71.099439367847694, 42.316507420930094 ], [ -71.098945368751316, 42.316083421762507 ], [ -71.098450368707518, 42.315644422468935 ], [ -71.098643367644712, 42.315454421575055 ], [ -71.098965366971754, 42.315123421127637 ], [ -71.099157365272305, 42.314939420851701 ], [ -71.099480364189617, 42.314606421068213 ], [ -71.099415363794833, 42.314550421199279 ], [ -71.099190364667848, 42.314356420640856 ], [ -71.098999364555937, 42.31423442155284 ], [ -71.098745363981067, 42.314073421974342 ], [ -71.098419364831088, 42.313863421958594 ], [ -71.098183365298752, 42.313713422604444 ], [ -71.09796636558923, 42.313587422706178 ], [ -71.097564365468429, 42.313331422919632 ], [ -71.097301365494801, 42.313162423659925 ], [ -71.096770366140518, 42.312832423818278 ], [ -71.096247366609106, 42.312492424761878 ], [ -71.096390365706299, 42.312392424846706 ], [ -71.096575364994294, 42.312313423939393 ], [ -71.096831364911452, 42.312246424233997 ], [ -71.097016363869386, 42.312177424023872 ], [ -71.097087364118082, 42.312151423797488 ], [ -71.097301362860208, 42.312015422869628 ], [ -71.097487362963179, 42.311857422874077 ], [ -71.097637361338613, 42.311685422989839 ], [ -71.097745361387965, 42.311545422896749 ], [ -71.097795361091954, 42.311419422896059 ], [ -71.097832359693584, 42.311260422888552 ], [ -71.097847359736008, 42.311067422689149 ], [ -71.097862359856322, 42.310933422604087 ], [ -71.097864358788328, 42.310584422797263 ], [ -71.097865358907711, 42.31043742203903 ], [ -71.097902357970383, 42.310214422494148 ], [ -71.097925357524545, 42.310036422180566 ], [ -71.097983357468095, 42.309880422401797 ], [ -71.098069355997993, 42.309722421888218 ], [ -71.098190356020879, 42.309585421563384 ], [ -71.098319354660148, 42.309501421700602 ], [ -71.098540354951652, 42.309396421253496 ], [ -71.098903352959042, 42.309244420671718 ], [ -71.099056352857929, 42.309191420859534 ], [ -71.099383352452762, 42.309076419702606 ], [ -71.099339351297033, 42.308834420149402 ], [ -71.099863347991459, 42.308066419062527 ], [ -71.099953348100556, 42.307898418813956 ], [ -71.100034347642804, 42.307925418814889 ], [ -71.100132348011471, 42.307925418527695 ], [ -71.100247347061796, 42.307862418571382 ], [ -71.100410346484892, 42.307477418076658 ], [ -71.100484345277394, 42.307288418134469 ], [ -71.100396345785668, 42.307260418188946 ], [ -71.100715343024021, 42.306566417837779 ], [ -71.101134342045867, 42.306618416985366 ], [ -71.101150342162072, 42.306546417105054 ], [ -71.101485341555048, 42.306574416834344 ], [ -71.101976339564004, 42.305984416490055 ], [ -71.102313338449676, 42.305974415534827 ], [ -71.102449338227345, 42.30597041506558 ], [ -71.102689337791446, 42.305966414712557 ], [ -71.102694337185866, 42.306036414902529 ], [ -71.102721338821198, 42.306417415537979 ], [ -71.102714338820036, 42.306629415244011 ], [ -71.102698338953445, 42.306842415578203 ], [ -71.10263034011605, 42.307257415275991 ], [ -71.102564341450488, 42.307650415824718 ], [ -71.102545342523555, 42.307794415870575 ], [ -71.102538342960131, 42.308282415428728 ], [ -71.102542343449187, 42.308476415604638 ], [ -71.102536344185879, 42.308609415712127 ], [ -71.102509343588366, 42.308740415663813 ], [ -71.102449345012033, 42.308878415653083 ], [ -71.102949343696011, 42.309003415159253 ], [ -71.104373341283292, 42.309381413431957 ], [ -71.104557340889954, 42.309435413459845 ], [ -71.104889340903227, 42.30955841300959 ], [ -71.10540733976832, 42.309787412013137 ], [ -71.105651339607988, 42.309886411420365 ], [ -71.106108338770483, 42.310091411205114 ], [ -71.106173338568397, 42.310120411008413 ], [ -71.106437338958713, 42.310234410482558 ], [ -71.106997337736232, 42.310463410079073 ], [ -71.10734433753629, 42.310622409834139 ] ] ] ] } },
{ "type": "Feature", "properties": { "geoid": "25025120105", "neighborhood": "Jamaica Plain", "sales": 1152, "median_price": 560750.0, "investor_share": 0.11979166666666667, "large_inst_share": 0.032986111111111112, "small_med_share": 0.086805555555555552, "flip_rate": 0.082465277777777776, "buy_flip_rate": 0.083333333333333329, "condo_share": 0.37934027777777779, "r23_share": 0.0026041666666666665, "hold_score": -2.3309430628332537, "flip_score": -1.8540129131890841, "dominant": "mixed", "policy_fit": "Layered approach", "r_mhi": 0.0, "pct_nonwhite": 0.2391653290529695, "pct_black": 0.048154093097913325, "pct_latino": 0.069422150882825037, "percent_owners": 70.9 }, "geometry": { "type": "MultiPolygon", "coordinates": [ [ [ [ -71.140095245081454, 42.30217336326097 ], [ -71.139662246772801, 42.302662363747544 ], [ -71.139308248022672, 42.303056364408057 ], [ -71.138613252164092, 42.303834365860659 ], [ -71.138240253397768, 42.304252366589942 ], [ -71.136501261307131, 42.306204369192983 ], [ -71.136111264322139, 42.306756369659148 ], [ -71.135388267789523, 42.307779371123154 ], [ -71.135328268011222, 42.307862370934181 ], [ -71.135007270299951, 42.308318371672115 ], [ -71.134884270211657, 42.308492371261508 ], [ -71.134458272750791, 42.309096372471494 ], [ -71.134358273662301, 42.309252372058417 ], [ -71.134097274932856, 42.30967637267527 ], [ -71.133162280378883, 42.311204374011041 ], [ -71.132833282383913, 42.31169337479826 ], [ -71.13186228740966, 42.313178376235015 ], [ -71.131748289000683, 42.313303376458684 ], [ -71.131333290035897, 42.313760377192125 ], [ -71.130954291942814, 42.314179377944392 ], [ -71.130641293458908, 42.314530378568598 ], [ -71.130541294084608, 42.314642378162368 ], [ -71.130262295929853, 42.314976378668646 ], [ -71.129636298598243, 42.315725379640234 ], [ -71.129421299733906, 42.315982380259079 ], [ -71.128958302279671, 42.316536381036073 ], [ -71.128600303720589, 42.316959381340538 ], [ -71.128329305508544, 42.317272381902228 ], [ -71.128184305718989, 42.317441381975677 ], [ -71.127350310222695, 42.318408383648752 ], [ -71.127176311202561, 42.318607383500854 ], [ -71.127066311733415, 42.318733384089235 ], [ -71.126886312587814, 42.318935384522895 ], [ -71.125792317029195, 42.320155385973052 ], [ -71.125424318836281, 42.320567386161763 ], [ -71.125010321435866, 42.321029386964959 ], [ -71.124608323019785, 42.32147938758488 ], [ -71.124567322884928, 42.321523387968881 ], [ -71.124458323307508, 42.321646387698557 ], [ -71.124268324189259, 42.321856388230188 ], [ -71.123971326544648, 42.322313389110292 ], [ -71.123710327818358, 42.322716389402544 ], [ -71.1233663283124, 42.322571389802761 ], [ -71.121527335121897, 42.323882392325139 ], [ -71.120390336174083, 42.323042393271592 ], [ -71.120140336554542, 42.322856394180199 ], [ -71.120111336260251, 42.322835394433447 ], [ -71.120043335705091, 42.322816394111648 ], [ -71.119962336819967, 42.322793393995013 ], [ -71.119919336531908, 42.32279339411501 ], [ -71.119863336227681, 42.322782394657004 ], [ -71.119538337683395, 42.322745394420259 ], [ -71.119606336516867, 42.322614394242585 ], [ -71.119574336685403, 42.322516394835219 ], [ -71.119524336479898, 42.322261394679387 ], [ -71.119514335405128, 42.322055394851695 ], [ -71.119548335668014, 42.321820394465497 ], [ -71.119607334396136, 42.321713394255397 ], [ -71.11969833477896, 42.32164239461639 ], [ -71.119816334467217, 42.321579394169063 ], [ -71.119923333953338, 42.321532394192623 ], [ -71.120213332519626, 42.321477393679714 ], [ -71.120517332477164, 42.321466392840996 ], [ -71.120739331444824, 42.321414393220181 ], [ -71.120973330189045, 42.321326393023959 ], [ -71.121131330783953, 42.32123439223728 ], [ -71.121256330034541, 42.321121392092785 ], [ -71.121403328788887, 42.320973392361026 ], [ -71.12155032841504, 42.320856391396369 ], [ -71.121686327967652, 42.320780391294477 ], [ -71.121838327125914, 42.320675391135275 ], [ -71.12194732748344, 42.320575390990918 ], [ -71.122040326115908, 42.320450390970421 ], [ -71.122198326199353, 42.320293391013251 ], [ -71.122362324977814, 42.320141390969958 ], [ -71.122563324183218, 42.320006389983917 ], [ -71.122868322685875, 42.319822390032463 ], [ -71.123269322320553, 42.31963438963912 ], [ -71.123834320327859, 42.31937538884452 ], [ -71.12395531981339, 42.319309387873005 ], [ -71.124185318995998, 42.319223388319109 ], [ -71.124712316562096, 42.319003387625216 ], [ -71.124789316420461, 42.318975386760002 ], [ -71.124984315841886, 42.318904386444849 ], [ -71.12531031569894, 42.318795386372209 ], [ -71.125760314102266, 42.318704385304763 ], [ -71.125846314489834, 42.318692385163025 ], [ -71.125843314147787, 42.31860538528187 ], [ -71.125843313229197, 42.318576385871701 ], [ -71.125826313699335, 42.318528385333366 ], [ -71.125779314035114, 42.318472385264563 ], [ -71.125719314094212, 42.318427385878735 ], [ -71.125411314407501, 42.318285385832802 ], [ -71.125182314592848, 42.318161386429573 ], [ -71.125018314059702, 42.31799938643168 ], [ -71.12475331407758, 42.317660387150902 ], [ -71.124430313710803, 42.317297387670195 ], [ -71.124165313616516, 42.316957387635775 ], [ -71.123880313440807, 42.316516387589495 ], [ -71.123631312631986, 42.316097388120099 ], [ -71.123499312768573, 42.315839388531955 ], [ -71.123457312013727, 42.315728388562938 ], [ -71.12344731180751, 42.315628388765205 ], [ -71.123499311507615, 42.315030388072863 ], [ -71.123484310889694, 42.314816388117642 ], [ -71.123448310592721, 42.314665387811758 ], [ -71.123374309585529, 42.314522388184642 ], [ -71.123300310225829, 42.314411388633154 ], [ -71.123260309715448, 42.314372388184367 ], [ -71.122536310059445, 42.313663389047512 ], [ -71.122243309875572, 42.313334389361323 ], [ -71.1224593084887, 42.313048389596254 ], [ -71.122475309085814, 42.312930388977087 ], [ -71.122444308549603, 42.312802389270779 ], [ -71.12240730880761, 42.312758389112219 ], [ -71.122354307786452, 42.312731389796596 ], [ -71.122274308952683, 42.312726389631642 ], [ -71.122188308301673, 42.31273438977481 ], [ -71.122114308851351, 42.312765389560198 ], [ -71.12190431005132, 42.31290738981388 ], [ -71.122098308652369, 42.312720389669636 ], [ -71.122224308577287, 42.312440389325566 ], [ -71.122253307217576, 42.312207389742383 ], [ -71.122254307059592, 42.311884389132061 ], [ -71.12221330579878, 42.311518389167006 ], [ -71.122156305283426, 42.311194389436125 ], [ -71.122018304138351, 42.310710389109964 ], [ -71.121868304526856, 42.310294389937589 ], [ -71.121748303441706, 42.310041389865098 ], [ -71.121611303646333, 42.309798390020468 ], [ -71.121491303497919, 42.309657390203931 ], [ -71.121238303906523, 42.309410390514174 ], [ -71.1209293040978, 42.309162390840882 ], [ -71.12086130385741, 42.309102390469903 ], [ -71.120726304049697, 42.30900939101732 ], [ -71.120887303513172, 42.308986390993972 ], [ -71.121042302761424, 42.308951390711847 ], [ -71.121128302507557, 42.308919390410338 ], [ -71.121186301920659, 42.30888839074408 ], [ -71.121296302149588, 42.308777389993772 ], [ -71.121358301137576, 42.308727390038868 ], [ -71.12146230168679, 42.308685389753322 ], [ -71.121563301058075, 42.308667389520835 ], [ -71.121670301312818, 42.308656389852949 ], [ -71.120782301999682, 42.308359390977294 ], [ -71.122203295540544, 42.306904388624574 ], [ -71.122418294230187, 42.306683388621252 ], [ -71.122083295394461, 42.306534388737738 ], [ -71.123083289777711, 42.305163387215863 ], [ -71.124553286239035, 42.305198385532655 ], [ -71.124671286489573, 42.305194384611973 ], [ -71.124739285144159, 42.304743384570052 ], [ -71.124779283918585, 42.304400384621871 ], [ -71.124825283037325, 42.304029384247855 ], [ -71.124875282649327, 42.303803384472609 ], [ -71.124991281903576, 42.303489384293385 ], [ -71.125160280444533, 42.303195384078961 ], [ -71.125398279102129, 42.302878383489272 ], [ -71.125660278211171, 42.302555383541097 ], [ -71.125815277759898, 42.302322383256389 ], [ -71.125982276994677, 42.30212138238695 ], [ -71.126157274954977, 42.301899382618281 ], [ -71.126249275319694, 42.301799382257201 ], [ -71.126447273616506, 42.301602381578604 ], [ -71.127122271091338, 42.300959380640478 ], [ -71.127924267135299, 42.30015737999819 ], [ -71.128229267070708, 42.300284378935352 ], [ -71.128568267137794, 42.300413378452824 ], [ -71.128759266414207, 42.300487378796731 ], [ -71.130175264275394, 42.301006376394888 ], [ -71.130562263682066, 42.301144376135355 ], [ -71.130903263706514, 42.301275375601705 ], [ -71.131070263419915, 42.301307375327752 ], [ -71.131418262077901, 42.301320374734935 ], [ -71.131911261417329, 42.301346374147414 ], [ -71.132225260956702, 42.30137637419903 ], [ -71.132577259736195, 42.301425373207685 ], [ -71.133259258472663, 42.301543372645035 ], [ -71.133823257816175, 42.301655371635185 ], [ -71.134051257050217, 42.301700371656572 ], [ -71.134356256439602, 42.301737371249054 ], [ -71.134616255945261, 42.301750370908181 ], [ -71.134865255734738, 42.301723370814969 ], [ -71.13543525413462, 42.301579369520645 ], [ -71.13576025297607, 42.301486369076294 ], [ -71.135995252756572, 42.301419368754352 ], [ -71.136585250603986, 42.301264367632541 ], [ -71.136916249262882, 42.301189367242216 ], [ -71.137102248716502, 42.301185367575108 ], [ -71.137443248756213, 42.301251366788229 ], [ -71.137795248321737, 42.301349366521926 ], [ -71.139014246209769, 42.301728365052071 ], [ -71.139116245603319, 42.301756364972384 ], [ -71.139555245452868, 42.301891363631803 ], [ -71.139825244781605, 42.301997363794804 ], [ -71.140134244621663, 42.302147363223177 ], [ -71.140095245081454, 42.30217336326097 ] ] ] ] } },
{ "type": "Feature", "properties": { "geoid": "25025140105", "neighborhood": "Hyde Park", "sales": 980, "median_price": 327560.0, "investor_share": 0.16938775510204082, "large_inst_share": 0.072448979591836729, "small_med_share": 0.096938775510204078, "flip_rate": 0.076530612244897961, "buy_flip_rate": 0.07857142857142857, "condo_share": 0.061224489795918366, "r23_share": 0.19897959183673469, "hold_score": -2.2068578701493009, "flip_score": -1.1101782913687297, "dominant": "flipping", "policy_fit": "TOPA / anti-flip / stabilization", "r_mhi": 57682.0, "pct_nonwhite": 0.68513363028953234, "pct_black": 0.30150334075723828, "pct_latino": 0.31987750556792871, "percent_owners": 68.9 }, "geometry": { "type": "MultiPolygon", "coordinates": [ [ [ [ -71.132529190094971, 42.270390368297626 ], [ -71.13241019201871, 42.270747368579734 ], [ -71.132309193268355, 42.27117736891546 ], [ -71.132137195002457, 42.271951369259789 ], [ -71.131986195763133, 42.272358369330668 ], [ -71.131765197126811, 42.272631369690195 ], [ -71.131120200217339, 42.273047370993339 ], [ -71.130858199557764, 42.272867370991776 ], [ -71.130561200859546, 42.273022371464627 ], [ -71.130165201596711, 42.273202371780478 ], [ -71.129664203604307, 42.273402372906887 ], [ -71.129433204921085, 42.273460372924951 ], [ -71.129129205350822, 42.273627373368292 ], [ -71.128669206680442, 42.27389537454826 ], [ -71.128398208065889, 42.274106374885299 ], [ -71.128244208270488, 42.274245375109004 ], [ -71.12769020915718, 42.274061375265354 ], [ -71.126849210475825, 42.273816376389568 ], [ -71.126349212008734, 42.273665377662432 ], [ -71.126000212714473, 42.273549377882787 ], [ -71.125793212697474, 42.273468377932943 ], [ -71.125659212992858, 42.273401378404579 ], [ -71.125465213260924, 42.273227378348274 ], [ -71.124913212580708, 42.272699379036695 ], [ -71.124797212843859, 42.272585379273551 ], [ -71.124666212859196, 42.272458379520764 ], [ -71.12415321348351, 42.271954379890239 ], [ -71.123713213205605, 42.271522381114067 ], [ -71.123586213138097, 42.271416381073429 ], [ -71.123489212924468, 42.271349381334971 ], [ -71.123362212867491, 42.271309381422292 ], [ -71.12297221454277, 42.27122438213695 ], [ -71.122160214869325, 42.271037382834137 ], [ -71.121775215120834, 42.270676383378841 ], [ -71.121439215184054, 42.270386383588445 ], [ -71.121412215851862, 42.270452384154396 ], [ -71.121345215938817, 42.270594384410103 ], [ -71.121184216777152, 42.270684383774629 ], [ -71.120998216943676, 42.270549384660839 ], [ -71.120777217312749, 42.2704153851993 ], [ -71.120606217788293, 42.270284384583007 ], [ -71.12025121684178, 42.269814385502769 ], [ -71.120002216075548, 42.269411385442965 ], [ -71.119518216617294, 42.268660386341807 ], [ -71.118896215042923, 42.267638386678634 ], [ -71.118390215068175, 42.266843387217122 ], [ -71.118269214572621, 42.266595387860832 ], [ -71.1182532135457, 42.266369387843518 ], [ -71.118117212560009, 42.265437387436613 ], [ -71.118025210780971, 42.26477538781473 ], [ -71.117998210115942, 42.264580387330788 ], [ -71.118026209934499, 42.264354387641148 ], [ -71.117936209436252, 42.264297388025668 ], [ -71.117882210123923, 42.264168388223901 ], [ -71.117879209392143, 42.264024387890103 ], [ -71.117918209377393, 42.263967387822596 ], [ -71.117968209179978, 42.263923387820036 ], [ -71.118037208853991, 42.263905387869784 ], [ -71.118191207344083, 42.263569387200853 ], [ -71.118373206794502, 42.263218386607754 ], [ -71.118956202760671, 42.261923385589725 ], [ -71.119483200873788, 42.262080385636878 ], [ -71.119704200745687, 42.262142385060692 ], [ -71.119968200153238, 42.262222384776869 ], [ -71.120418199668563, 42.262352383982552 ], [ -71.120809199255746, 42.262483383190151 ], [ -71.121601197507431, 42.262756382545263 ], [ -71.122035197654796, 42.262921381472047 ], [ -71.122895196257744, 42.263291380179361 ], [ -71.122971195724645, 42.263348380377224 ], [ -71.123309196066288, 42.263508380455683 ], [ -71.123365195042183, 42.263248380322693 ], [ -71.123564192852342, 42.262206379838993 ], [ -71.123896191660492, 42.262358379166244 ], [ -71.124611191856374, 42.262751378317539 ], [ -71.125046190445715, 42.262978377631484 ], [ -71.125403190697497, 42.263164376755775 ], [ -71.125590189887461, 42.263257376587291 ], [ -71.125907190134228, 42.263424376057024 ], [ -71.126129189206907, 42.263534375991945 ], [ -71.126368189790554, 42.263720376028573 ], [ -71.12679618934142, 42.264094375586005 ], [ -71.126931189067207, 42.264191375379326 ], [ -71.12733318857174, 42.264503374474415 ], [ -71.127700188693453, 42.264758373850917 ], [ -71.127769189071429, 42.264825373950941 ], [ -71.12807518909618, 42.265032373657668 ], [ -71.128653186671585, 42.26488237278744 ], [ -71.128892186520602, 42.265110372100146 ], [ -71.129198186760334, 42.265398371904247 ], [ -71.12951618701149, 42.265539371809297 ], [ -71.129784186333737, 42.265681371102602 ], [ -71.130040186436801, 42.265945371011355 ], [ -71.130146186085398, 42.26615137067607 ], [ -71.130440186925028, 42.266574370516572 ], [ -71.130048188241815, 42.266746370690356 ], [ -71.130207187583082, 42.266902370552025 ], [ -71.130381188485643, 42.267072370467226 ], [ -71.130705187559585, 42.267446370647839 ], [ -71.130939188535848, 42.267694369529771 ], [ -71.131132188557999, 42.267948370058264 ], [ -71.131432187939254, 42.268368369503769 ], [ -71.131551189083581, 42.268549369298505 ], [ -71.131616188769144, 42.268649369231007 ], [ -71.132075187357287, 42.268636368547078 ], [ -71.132244188074935, 42.268768368414783 ], [ -71.132374187938737, 42.269206368184435 ], [ -71.132546189498228, 42.26990036844051 ], [ -71.132529190094971, 42.270390368297626 ] ] ] ] } },
{ "type": "Feature", "properties": { "geoid": "25025000402", "neighborhood": "Brighton", "sales": 899, "median_price": 435000.0, "investor_share": 0.22135706340378197, "large_inst_share": 0.064516129032258063, "small_med_share": 0.15684093437152391, "flip_rate": 0.057842046718576193, "buy_flip_rate": 0.062291434927697439, "condo_share": 0.61624026696329259, "r23_share": 0.19911012235817574, "hold_score": 0.68993291332973061, "flip_score": -2.3248943915906088, "dominant": "holding", "policy_fit": "Transfer fee on high-value sales", "r_mhi": 88654.0, "pct_nonwhite": 0.30680570801317231, "pct_black": 0.025521405049396269, "pct_latino": 0.060373216245883647, "percent_owners": 73.1 }, "geometry": { "type": "MultiPolygon", "coordinates": [ [ [ [ -71.16613227251932, 42.340434335594374 ], [ -71.166122273046852, 42.340593336356569 ], [ -71.166107273214891, 42.340814336315425 ], [ -71.16609827405712, 42.341122336012774 ], [ -71.166051274040157, 42.341470335947193 ], [ -71.165998275187079, 42.341593336202749 ], [ -71.165839275540918, 42.341872336712278 ], [ -71.165324279294012, 42.342671337642102 ], [ -71.164825281451726, 42.343295338748014 ], [ -71.164425282972729, 42.343681338985519 ], [ -71.164206283992868, 42.343926339152162 ], [ -71.164032285456486, 42.344172339111836 ], [ -71.163797286501392, 42.344585339605864 ], [ -71.163615288270861, 42.344857340166399 ], [ -71.163487288411929, 42.344992340363696 ], [ -71.163358288301282, 42.345108340503025 ], [ -71.163147289493111, 42.345253340874272 ], [ -71.162891290445927, 42.345420341680125 ], [ -71.162725291544419, 42.345576341418607 ], [ -71.162460292065632, 42.34591134198044 ], [ -71.16224829428991, 42.346223342131154 ], [ -71.16211729472785, 42.346373342477207 ], [ -71.162015295237893, 42.346509342870831 ], [ -71.161679296918962, 42.347005343057056 ], [ -71.161459298718171, 42.347346343457154 ], [ -71.161310299165748, 42.347576343496328 ], [ -71.160840301904742, 42.34834634440535 ], [ -71.160436303480154, 42.348916345635587 ], [ -71.159903305434696, 42.348892345869203 ], [ -71.159611306089886, 42.348891346300256 ], [ -71.159325306961577, 42.348902346589981 ], [ -71.159155307320901, 42.34891534734755 ], [ -71.158995306659264, 42.348929347103919 ], [ -71.158829307767718, 42.348950347493059 ], [ -71.158653308383109, 42.348977347197213 ], [ -71.158235309343695, 42.349032348022824 ], [ -71.158024309677074, 42.349049348615445 ], [ -71.157807309960688, 42.349065348759638 ], [ -71.15738731104291, 42.349091349486564 ], [ -71.157078311824165, 42.349090349575299 ], [ -71.156474313306916, 42.349105350492906 ], [ -71.155745314986504, 42.349114351045195 ], [ -71.155223316520761, 42.349125352194093 ], [ -71.154714317072987, 42.349129352439689 ], [ -71.154437317899919, 42.349138353645564 ], [ -71.154019319154941, 42.349137353848619 ], [ -71.153448319765374, 42.349146354869418 ], [ -71.153475319041178, 42.348861354587207 ], [ -71.153513319422089, 42.348777354231601 ], [ -71.15371931816513, 42.348460353753644 ], [ -71.153839317831014, 42.348275353678609 ], [ -71.153945316513173, 42.348083353928466 ], [ -71.15399131603813, 42.34793235370816 ], [ -71.153999315413401, 42.347787353934166 ], [ -71.153948316046439, 42.347547353823309 ], [ -71.153785315709229, 42.347256353819716 ], [ -71.153447315119564, 42.346782354221439 ], [ -71.153345314461461, 42.346639353860276 ], [ -71.15306631488798, 42.346154354661053 ], [ -71.152996314440955, 42.345996354431399 ], [ -71.15293631365067, 42.345828354206525 ], [ -71.152909313812984, 42.345645354780409 ], [ -71.152946312600392, 42.345409353980365 ], [ -71.15303831189874, 42.345158354599597 ], [ -71.153071312349113, 42.345106354417112 ], [ -71.15327331023029, 42.344650354042507 ], [ -71.153367309847084, 42.344504353892063 ], [ -71.153433309404832, 42.344316353650903 ], [ -71.153456309419582, 42.344144353408787 ], [ -71.153450308925628, 42.343953353417454 ], [ -71.153420307797816, 42.34381435382754 ], [ -71.153392307717837, 42.343484353112814 ], [ -71.153416307242949, 42.343289353471143 ], [ -71.153461306996746, 42.343183353055046 ], [ -71.153631305306718, 42.342929353312073 ], [ -71.153840303960905, 42.342586352844251 ], [ -71.15419630283796, 42.342065352143003 ], [ -71.15435530165324, 42.341845351857884 ], [ -71.15455230014615, 42.341557351373091 ], [ -71.154733298895806, 42.341206351567976 ], [ -71.154908298221073, 42.340967351089631 ], [ -71.155256296392579, 42.340432350475247 ], [ -71.155287296239237, 42.340337350285708 ], [ -71.155535295934527, 42.340262350077403 ], [ -71.15567829570486, 42.340240349319835 ], [ -71.156068293832377, 42.340158349159822 ], [ -71.156617292597204, 42.340020348188432 ], [ -71.157182291115035, 42.339872347753612 ], [ -71.157527289954487, 42.339782347193832 ], [ -71.157877289623087, 42.339730346397829 ], [ -71.158963286933187, 42.339953345664966 ], [ -71.159757285617047, 42.340058344501834 ], [ -71.160615283344896, 42.340129343604495 ], [ -71.161051282441605, 42.340144342432772 ], [ -71.161086282276912, 42.340145342252463 ], [ -71.161169283098985, 42.340148342568177 ], [ -71.161472282129949, 42.340160342499694 ], [ -71.161532282426577, 42.340162342157882 ], [ -71.161585281468831, 42.340160341906959 ], [ -71.161612281798611, 42.340161341438105 ], [ -71.162883278703049, 42.340200340590137 ], [ -71.163521277363998, 42.3402163396334 ], [ -71.164125276317392, 42.340223338300447 ], [ -71.164287275618861, 42.340225338120753 ], [ -71.164578275000281, 42.340218338348535 ], [ -71.164896273942901, 42.34021133727633 ], [ -71.165557272987542, 42.340162337120717 ], [ -71.166125271344313, 42.340088335911311 ], [ -71.16613227251932, 42.340434335594374 ] ] ] ] } },
{ "type": "Feature", "properties": { "geoid": "25025000201", "neighborhood": "Brighton", "sales": 669, "median_price": 450000.0, "investor_share": 0.23916292974588937, "large_inst_share": 0.049327354260089683, "small_med_share": 0.18983557548579971, "flip_rate": 0.044843049327354258, "buy_flip_rate": 0.043348281016442454, "condo_share": 0.36472346786248133, "r23_share": 0.36771300448430494, "hold_score": -1.430879828234459, "flip_score": -2.4752184697602546, "dominant": "holding", "policy_fit": "Transfer fee on high-value sales", "r_mhi": 99750.0, "pct_nonwhite": 0.3139387806729067, "pct_black": 0.034910194788768022, "pct_latino": 0.10675436377434859, "percent_owners": 76.5 }, "geometry": { "type": "MultiPolygon", "coordinates": [ [ [ [ -71.167814297559715, 42.353284336654546 ], [ -71.167746297900834, 42.353507336647489 ], [ -71.167642298753535, 42.35378733687385 ], [ -71.167109299585064, 42.353706337501144 ], [ -71.166507300456431, 42.353588338247995 ], [ -71.165874301856917, 42.353463338809568 ], [ -71.165619302590869, 42.353434339753782 ], [ -71.165322302700034, 42.353356339593006 ], [ -71.165195303609977, 42.353316340358042 ], [ -71.165090302721865, 42.353249339702018 ], [ -71.165021302692622, 42.353187340435767 ], [ -71.164871304137918, 42.353523340741994 ], [ -71.164799305213194, 42.353672340903287 ], [ -71.164663305937353, 42.353856340391573 ], [ -71.164572306258691, 42.354129340909772 ], [ -71.164494307061773, 42.354453340873086 ], [ -71.164302309846846, 42.355279341900626 ], [ -71.164215310015692, 42.35551934203253 ], [ -71.163371311500427, 42.355096342900588 ], [ -71.162784311990848, 42.354822343047147 ], [ -71.162609314099072, 42.35537734365019 ], [ -71.162556313467576, 42.355534344005946 ], [ -71.162440315009192, 42.355966343734522 ], [ -71.162327316126166, 42.356326344519651 ], [ -71.162274317119767, 42.356527344408711 ], [ -71.162091319241853, 42.357328345330316 ], [ -71.162080319627705, 42.357355345013097 ], [ -71.162051319868979, 42.357427344838065 ], [ -71.162029319366525, 42.357511345321036 ], [ -71.161985319646718, 42.357671345432472 ], [ -71.161898321444738, 42.358005345276915 ], [ -71.161768322285383, 42.358180345184351 ], [ -71.161573322758088, 42.358260345562158 ], [ -71.161461323374127, 42.358318345593737 ], [ -71.161240323958651, 42.358433345840012 ], [ -71.161031323868556, 42.35854634636685 ], [ -71.160898325041828, 42.358625347068163 ], [ -71.160678324823934, 42.358582347213762 ], [ -71.16055232569903, 42.358573347211923 ], [ -71.160444326111275, 42.358566347512031 ], [ -71.160094326658566, 42.358575347744143 ], [ -71.159392328552016, 42.358590348345615 ], [ -71.158953328875441, 42.358592349261365 ], [ -71.158401330176702, 42.358499349799388 ], [ -71.158295330519167, 42.358478350069845 ], [ -71.158183330099007, 42.358456350202921 ], [ -71.158025330633407, 42.358422350446773 ], [ -71.157535331511752, 42.358286350659391 ], [ -71.1573203313812, 42.358251351090104 ], [ -71.157075332604336, 42.358230351187181 ], [ -71.156595333308005, 42.358232352329509 ], [ -71.15627933449727, 42.358228352264845 ], [ -71.155946335356077, 42.358218353206311 ], [ -71.15562933612496, 42.358200353415874 ], [ -71.154913337145928, 42.358147354570789 ], [ -71.154692337124686, 42.358139355076162 ], [ -71.154498337373056, 42.358004354540171 ], [ -71.154321337347199, 42.357903355441742 ], [ -71.154092337532418, 42.357760355336652 ], [ -71.153957338225226, 42.357665355403306 ], [ -71.153892337775915, 42.357613355610745 ], [ -71.153862338126984, 42.357588355338848 ], [ -71.153761338062637, 42.357525355496641 ], [ -71.153823337198531, 42.357317355338523 ], [ -71.153884337344721, 42.357138355760526 ], [ -71.154044336045033, 42.356730355406881 ], [ -71.154265333865084, 42.356072354779883 ], [ -71.154328332449481, 42.355676354930644 ], [ -71.154998332091154, 42.355735354154454 ], [ -71.155253330522839, 42.355730353098735 ], [ -71.155464329992455, 42.355703353563115 ], [ -71.155674329945413, 42.355631352522614 ], [ -71.155847329009205, 42.355548352356507 ], [ -71.156134328192337, 42.355353352242048 ], [ -71.156405326672868, 42.355075352105615 ], [ -71.156708325915616, 42.354735351331271 ], [ -71.15708432435153, 42.35450735056105 ], [ -71.157466322739452, 42.35433735029541 ], [ -71.158058321465234, 42.354074349576599 ], [ -71.158495319681791, 42.353868349325083 ], [ -71.158593318614464, 42.35381334906198 ], [ -71.159013317005247, 42.353529347749657 ], [ -71.159729314886548, 42.352973347364113 ], [ -71.159865314257345, 42.352862347111625 ], [ -71.160053313514055, 42.352762347020132 ], [ -71.160177313550335, 42.352687346728864 ], [ -71.160564312153795, 42.352671345928776 ], [ -71.160504312058876, 42.352538345937297 ], [ -71.16030331196221, 42.352141346300122 ], [ -71.160362309083894, 42.350929345802321 ], [ -71.160392305210664, 42.349638345534942 ], [ -71.160436303480154, 42.348916345635587 ], [ -71.161303302626095, 42.348965343750933 ], [ -71.161621301723486, 42.34896434393908 ], [ -71.162137300361721, 42.348989342751189 ], [ -71.162424299796072, 42.348995343037167 ], [ -71.162761298953697, 42.349023341874258 ], [ -71.163092297738558, 42.349041341561183 ], [ -71.163332297332786, 42.349115341095555 ], [ -71.16338429781446, 42.349131341927965 ], [ -71.163743297836703, 42.349328341222297 ], [ -71.164267296930348, 42.349659340866594 ], [ -71.164500297155257, 42.34981234024648 ], [ -71.16473229708879, 42.349957339878017 ], [ -71.164859296047339, 42.350042339638222 ], [ -71.165128296130803, 42.350171339200728 ], [ -71.165391295436891, 42.350272338843745 ], [ -71.165548295198192, 42.350312338700384 ], [ -71.166125294820333, 42.350431338342652 ], [ -71.166643294035481, 42.350500337736086 ], [ -71.167393291982336, 42.35057533636823 ], [ -71.167604291664674, 42.350604335860638 ], [ -71.167601291984212, 42.35078633644445 ], [ -71.16758329330591, 42.351212336297714 ], [ -71.167686294124877, 42.351943336477269 ], [ -71.167750295600868, 42.352597336629131 ], [ -71.167805296093249, 42.352837336341274 ], [ -71.167830297202059, 42.353189336890125 ], [ -71.167814297559715, 42.353284336654546 ] ] ] ] } },
{ "type": "Feature", "properties": { "geoid": "25025000202", "neighborhood": "Brighton", "sales": 557, "median_price": 525000.0, "investor_share": 0.25852782764811488, "large_inst_share": 0.075403949730700179, "small_med_share": 0.18312387791741472, "flip_rate": 0.066427289048473961, "buy_flip_rate": 0.064631956912028721, "condo_share": 0.29084380610412924, "r23_share": 0.35368043087971274, "hold_score": 0.46197858505548084, "flip_score": -1.065568321941015, "dominant": "holding", "policy_fit": "Transfer fee on high-value sales", "r_mhi": 79573.0, "pct_nonwhite": 0.42285438765670202, "pct_black": 0.053278688524590161, "pct_latino": 0.1875602700096432, "percent_owners": 73.7 }, "geometry": { "type": "MultiPolygon", "coordinates": [ [ [ [ -71.160564312153795, 42.352671345928776 ], [ -71.160177313550335, 42.352687346728864 ], [ -71.160053313514055, 42.352762347020132 ], [ -71.159865314257345, 42.352862347111625 ], [ -71.159729314886548, 42.352973347364113 ], [ -71.159013317005247, 42.353529347749657 ], [ -71.158593318614464, 42.35381334906198 ], [ -71.158495319681791, 42.353868349325083 ], [ -71.158058321465234, 42.354074349576599 ], [ -71.157466322739452, 42.35433735029541 ], [ -71.15708432435153, 42.35450735056105 ], [ -71.156708325915616, 42.354735351331271 ], [ -71.156405326672868, 42.355075352105615 ], [ -71.156134328192337, 42.355353352242048 ], [ -71.155847329009205, 42.355548352356507 ], [ -71.155674329945413, 42.355631352522614 ], [ -71.155464329992455, 42.355703353563115 ], [ -71.155253330522839, 42.355730353098735 ], [ -71.154998332091154, 42.355735354154454 ], [ -71.154328332449481, 42.355676354930644 ], [ -71.154265333865084, 42.356072354779883 ], [ -71.154044336045033, 42.356730355406881 ], [ -71.153884337344721, 42.357138355760526 ], [ -71.153823337198531, 42.357317355338523 ], [ -71.153761338062637, 42.357525355496641 ], [ -71.15344833889381, 42.35732735575813 ], [ -71.153193339357273, 42.35722635670421 ], [ -71.152946338697618, 42.357152356491945 ], [ -71.152203340166949, 42.356954357260797 ], [ -71.151296341806727, 42.356723358621359 ], [ -71.150986342840469, 42.356639359102111 ], [ -71.149531345439826, 42.356259360786218 ], [ -71.149081345281729, 42.356151361842571 ], [ -71.149534343324149, 42.355457361078159 ], [ -71.149808341398881, 42.355027360382486 ], [ -71.149964340102059, 42.354800360492611 ], [ -71.150086339668874, 42.354612360050091 ], [ -71.150357338254352, 42.354193359376595 ], [ -71.150532337074978, 42.353886359289724 ], [ -71.150706336435874, 42.353601358906765 ], [ -71.15088033481743, 42.353350358494438 ], [ -71.150393336390877, 42.353237359217161 ], [ -71.14928333758742, 42.352938360554269 ], [ -71.148638338554534, 42.352785361120858 ], [ -71.148099340313735, 42.352644361773578 ], [ -71.147260341016619, 42.352434363385719 ], [ -71.146742342371056, 42.352294363735837 ], [ -71.147140340087077, 42.351575363071788 ], [ -71.147278339289898, 42.351356362713084 ], [ -71.147363338452635, 42.351195362830431 ], [ -71.147861335613854, 42.350345361721359 ], [ -71.148022335338652, 42.350391362189541 ], [ -71.149070333265257, 42.350735360673866 ], [ -71.15027333114179, 42.351115358811512 ], [ -71.150948330933545, 42.351324357969006 ], [ -71.151914329214335, 42.351640357189289 ], [ -71.152095328537484, 42.351337356522045 ], [ -71.152383326978736, 42.350903356651806 ], [ -71.152815323604074, 42.350239355728505 ], [ -71.15296332327199, 42.350037355458397 ], [ -71.153069322373725, 42.349894354743981 ], [ -71.153329321425971, 42.349582355111842 ], [ -71.153420320394261, 42.349458354452196 ], [ -71.153448319765374, 42.349146354869418 ], [ -71.154019319154941, 42.349137353848619 ], [ -71.154437317899919, 42.349138353645564 ], [ -71.154714317072987, 42.349129352439689 ], [ -71.155223316520761, 42.349125352194093 ], [ -71.155745314986504, 42.349114351045195 ], [ -71.156474313306916, 42.349105350492906 ], [ -71.157078311824165, 42.349090349575299 ], [ -71.15738731104291, 42.349091349486564 ], [ -71.157807309960688, 42.349065348759638 ], [ -71.158024309677074, 42.349049348615445 ], [ -71.158235309343695, 42.349032348022824 ], [ -71.158653308383109, 42.348977347197213 ], [ -71.158829307767718, 42.348950347493059 ], [ -71.158995306659264, 42.348929347103919 ], [ -71.159155307320901, 42.34891534734755 ], [ -71.159325306961577, 42.348902346589981 ], [ -71.159611306089886, 42.348891346300256 ], [ -71.159903305434696, 42.348892345869203 ], [ -71.160436303480154, 42.348916345635587 ], [ -71.160392305210664, 42.349638345534942 ], [ -71.160362309083894, 42.350929345802321 ], [ -71.16030331196221, 42.352141346300122 ], [ -71.160504312058876, 42.352538345937297 ], [ -71.160564312153795, 42.352671345928776 ] ] ] ] } },
{ "type": "Feature", "properties": { "geoid": "25025000301", "neighborhood": "Brighton", "sales": 735, "median_price": 420000.0, "investor_share": 0.22040816326530613, "large_inst_share": 0.054421768707482991, "small_med_share": 0.16598639455782313, "flip_rate": 0.050340136054421766, "buy_flip_rate": 0.050340136054421766, "condo_share": 0.5374149659863946, "r23_share": 0.23129251700680273, "hold_score": -0.32204613349706501, "flip_score": -2.8167927195106115, "dominant": "holding", "policy_fit": "Transfer fee on high-value sales", "r_mhi": 133000.0, "pct_nonwhite": 0.29272959183673475, "pct_black": 0.03826530612244898, "pct_latino": 0.084502551020408156, "percent_owners": 72.9 }, "geometry": { "type": "MultiPolygon", "coordinates": [ [ [ [ -71.174797275283154, 42.35051032672537 ], [ -71.174751275399728, 42.350664326699857 ], [ -71.174705276786867, 42.350817327336536 ], [ -71.174641276475796, 42.351032327508477 ], [ -71.174625276546251, 42.351085327155879 ], [ -71.174571278093836, 42.351266327426366 ], [ -71.174462278415135, 42.351634327245968 ], [ -71.17443727934689, 42.351717327757576 ], [ -71.174403278926178, 42.351830327347535 ], [ -71.174375279495209, 42.351925327374111 ], [ -71.17430327956032, 42.352165328135101 ], [ -71.174259281078378, 42.352311328180932 ], [ -71.174131281539559, 42.352740328543476 ], [ -71.174028282573829, 42.353083328583807 ], [ -71.173996283703062, 42.353195328074449 ], [ -71.173934283938834, 42.353397328785476 ], [ -71.173915283984542, 42.353465328480723 ], [ -71.173532285555297, 42.353863329331681 ], [ -71.172886289054162, 42.354533330331783 ], [ -71.172772288679027, 42.35465133075953 ], [ -71.17269228987476, 42.35473533037068 ], [ -71.172579290478041, 42.354852330532729 ], [ -71.172309290928439, 42.35513233136092 ], [ -71.171547295261718, 42.355922331901951 ], [ -71.17138629595668, 42.356089332557112 ], [ -71.171169296401658, 42.356315332531032 ], [ -71.170995297772308, 42.356495333416085 ], [ -71.170655299191168, 42.356848333249765 ], [ -71.170396300381313, 42.357115333863803 ], [ -71.170063301819582, 42.35746733464719 ], [ -71.169899301747279, 42.357626334544676 ], [ -71.169893302324709, 42.357641334997162 ], [ -71.169473303970108, 42.358047335615417 ], [ -71.167704307677241, 42.357980337432771 ], [ -71.166354311017528, 42.357964339736867 ], [ -71.165778311846779, 42.357953340124467 ], [ -71.16336731801816, 42.357937343515353 ], [ -71.162893318450259, 42.357953343822317 ], [ -71.162559319055603, 42.357990344199237 ], [ -71.162130320501618, 42.35805634467237 ], [ -71.161869321799486, 42.358138345718586 ], [ -71.161768322285383, 42.358180345184351 ], [ -71.161898321444738, 42.358005345276915 ], [ -71.161985319646718, 42.357671345432472 ], [ -71.162029319366525, 42.357511345321036 ], [ -71.162051319868979, 42.357427344838065 ], [ -71.162080319627705, 42.357355345013097 ], [ -71.162091319241853, 42.357328345330316 ], [ -71.162274317119767, 42.356527344408711 ], [ -71.162327316126166, 42.356326344519651 ], [ -71.162440315009192, 42.355966343734522 ], [ -71.162556313467576, 42.355534344005946 ], [ -71.162609314099072, 42.35537734365019 ], [ -71.162784311990848, 42.354822343047147 ], [ -71.163371311500427, 42.355096342900588 ], [ -71.164215310015692, 42.35551934203253 ], [ -71.164302309846846, 42.355279341900626 ], [ -71.164494307061773, 42.354453340873086 ], [ -71.164572306258691, 42.354129340909772 ], [ -71.164663305937353, 42.353856340391573 ], [ -71.164799305213194, 42.353672340903287 ], [ -71.164871304137918, 42.353523340741994 ], [ -71.165021302692622, 42.353187340435767 ], [ -71.165090302721865, 42.353249339702018 ], [ -71.165195303609977, 42.353316340358042 ], [ -71.165322302700034, 42.353356339593006 ], [ -71.165619302590869, 42.353434339753782 ], [ -71.165874301856917, 42.353463338809568 ], [ -71.166507300456431, 42.353588338247995 ], [ -71.167109299585064, 42.353706337501144 ], [ -71.167642298753535, 42.35378733687385 ], [ -71.167746297900834, 42.353507336647489 ], [ -71.167814297559715, 42.353284336654546 ], [ -71.167830297202059, 42.353189336890125 ], [ -71.167805296093249, 42.352837336341274 ], [ -71.167750295600868, 42.352597336629131 ], [ -71.167686294124877, 42.351943336477269 ], [ -71.16758329330591, 42.351212336297714 ], [ -71.167601291984212, 42.35078633644445 ], [ -71.167604291664674, 42.350604335860638 ], [ -71.167754291395511, 42.350617336266644 ], [ -71.167883291232272, 42.350649335833573 ], [ -71.168110290412642, 42.350663335885038 ], [ -71.168346289383237, 42.350346334851864 ], [ -71.16864128797954, 42.349978334546073 ], [ -71.16884528743455, 42.349738334583286 ], [ -71.168981286933246, 42.349643334244931 ], [ -71.169370285629199, 42.34951133370263 ], [ -71.169701284295783, 42.349411333500335 ], [ -71.169926283438727, 42.349383333039142 ], [ -71.170107283121837, 42.349390332483516 ], [ -71.170302282426846, 42.349429332864275 ], [ -71.170556282151551, 42.349503332200904 ], [ -71.171103282295135, 42.349700331685959 ], [ -71.171561281586577, 42.349852331123408 ], [ -71.171728280682672, 42.349909330500367 ], [ -71.17190928059442, 42.349950330047747 ], [ -71.172174279525862, 42.349982329956667 ], [ -71.172228280295016, 42.349988330288632 ], [ -71.172439279430009, 42.350008329743538 ], [ -71.172827279089219, 42.350046329400172 ], [ -71.172868279038511, 42.350051329150105 ], [ -71.174576275772239, 42.350242327385899 ], [ -71.174797274191491, 42.350265327141663 ], [ -71.174797274438433, 42.350277327067012 ], [ -71.174849274837982, 42.350337326924247 ], [ -71.174797275283154, 42.35051032672537 ] ] ] ] } },
{ "type": "Feature", "properties": { "geoid": "25025071101", "neighborhood": "South End", "sales": 1737, "median_price": 525000.0, "investor_share": 0.1600460564191134, "large_inst_share": 0.046056419113413932, "small_med_share": 0.11398963730569948, "flip_rate": 0.082901554404145081, "buy_flip_rate": 0.082901554404145081, "condo_share": 0.93264248704663211, "r23_share": 0.0074841681059297643, "hold_score": 1.1204441427511314, "flip_score": -1.825917478492868, "dominant": "holding", "policy_fit": "Transfer fee on high-value sales", "r_mhi": 56615.0, "pct_nonwhite": 0.49477012892240335, "pct_black": 0.14497689126733154, "pct_latino": 0.13305765020676236, "percent_owners": 57.7 }, "geometry": { "type": "MultiPolygon", "coordinates": [ [ [ [ -71.077620460884717, 42.336001452806862 ], [ -71.077018463308136, 42.336467453537047 ], [ -71.076940464345853, 42.336527453029532 ], [ -71.076378465411466, 42.336951453859022 ], [ -71.075667468351725, 42.337475455213337 ], [ -71.074994470934755, 42.337931456543231 ], [ -71.074287473381744, 42.338421457314233 ], [ -71.073786475391657, 42.338759458171793 ], [ -71.073629475897505, 42.338869458428057 ], [ -71.072644480484755, 42.339514459745928 ], [ -71.072503481066661, 42.339615460057217 ], [ -71.072384480299618, 42.339493460015504 ], [ -71.071940480695702, 42.339129459916869 ], [ -71.071768480685833, 42.33898346087782 ], [ -71.071575481109903, 42.338819461199876 ], [ -71.071262481124734, 42.338562460990431 ], [ -71.071144480707687, 42.338461460907126 ], [ -71.070948481829333, 42.338306461805693 ], [ -71.070843481604115, 42.33839246135819 ], [ -71.070364483751376, 42.338783462246404 ], [ -71.06997448356104, 42.338495462708501 ], [ -71.069773483977201, 42.338332462690268 ], [ -71.069184484655281, 42.337857463870954 ], [ -71.068644484007066, 42.337420464405234 ], [ -71.068350484378513, 42.337172464606496 ], [ -71.069022481764918, 42.336690464388042 ], [ -71.069155481773379, 42.33659846376937 ], [ -71.069283480954823, 42.336509463855151 ], [ -71.069413480317294, 42.336414463621864 ], [ -71.068476480696063, 42.33572246484659 ], [ -71.068058481767025, 42.335544464901382 ], [ -71.067830482148409, 42.335446465631684 ], [ -71.06747048223923, 42.335375466328294 ], [ -71.067130483248334, 42.335291466196885 ], [ -71.067613481838521, 42.335243465367213 ], [ -71.067915481009834, 42.335185465459062 ], [ -71.068099480507314, 42.33515046534071 ], [ -71.068384479679551, 42.335068465119761 ], [ -71.068764478464914, 42.33491646422393 ], [ -71.069225477713218, 42.334734463390348 ], [ -71.069424476367786, 42.334635463163181 ], [ -71.07024647327313, 42.334168462399688 ], [ -71.070830471786948, 42.33379246092079 ], [ -71.071269469917979, 42.333445460967063 ], [ -71.072151466407206, 42.332727459118942 ], [ -71.072655465296151, 42.333033459066598 ], [ -71.073369465090764, 42.333610457718329 ], [ -71.073504465166593, 42.333520458128156 ], [ -71.073516464969785, 42.333512457595944 ], [ -71.073907462709599, 42.333220456760763 ], [ -71.074356461359187, 42.33284745637981 ], [ -71.074575461382523, 42.332970456570187 ], [ -71.074712460979072, 42.333088456277913 ], [ -71.074854461684893, 42.333230455459052 ], [ -71.075036461629082, 42.333490455360128 ], [ -71.076118457594433, 42.332813453925226 ], [ -71.077044457032855, 42.333609453113716 ], [ -71.076710458436935, 42.333851453229919 ], [ -71.076053461395688, 42.33429345454028 ], [ -71.075782462015511, 42.334493454960523 ], [ -71.076215461695142, 42.334829454051395 ], [ -71.07638346204817, 42.334960453641898 ], [ -71.077129461565676, 42.335566453013151 ], [ -71.077620460884717, 42.336001452806862 ] ] ] ] } },
{ "type": "Feature", "properties": { "geoid": "25025000506", "neighborhood": "Brighton", "sales": 969, "median_price": 287000.0, "investor_share": 0.18679050567595459, "large_inst_share": 0.040247678018575851, "small_med_share": 0.14654282765737875, "flip_rate": 0.073271413828689375, "buy_flip_rate": 0.073271413828689375, "condo_share": 0.93188854489164086, "r23_share": 0.033023735810113516, "hold_score": 0.93088444676755044, "flip_score": -2.3499454327412739, "dominant": "holding", "policy_fit": "Transfer fee on high-value sales", "r_mhi": 59448.0, "pct_nonwhite": 0.30915371329879104, "pct_black": 0.025906735751295335, "pct_latino": 0.071502590673575131, "percent_owners": 68.8 }, "geometry": { "type": "MultiPolygon", "coordinates": [ [ [ [ -71.150104300397288, 42.337193356796483 ], [ -71.14983830257809, 42.337665357341947 ], [ -71.14965730396753, 42.337980357052352 ], [ -71.149467304201337, 42.338281357424236 ], [ -71.149285306486931, 42.338632357881373 ], [ -71.148846308331997, 42.339358358421045 ], [ -71.148695309276604, 42.339538358683171 ], [ -71.148377311320218, 42.339899359426404 ], [ -71.148079312576556, 42.340170359952609 ], [ -71.147570314401023, 42.340611360648914 ], [ -71.147332315189132, 42.340837361090252 ], [ -71.146981317139506, 42.341192361630185 ], [ -71.146890316947363, 42.341320361906 ], [ -71.146859316944159, 42.341372362006872 ], [ -71.146310318856493, 42.341419361960419 ], [ -71.145960320196636, 42.341480362892774 ], [ -71.145778319829986, 42.341516363327827 ], [ -71.145801320086179, 42.341580362837803 ], [ -71.145828320057817, 42.341659362682783 ], [ -71.145869320890384, 42.341774363200614 ], [ -71.145922320439894, 42.341897362799351 ], [ -71.145476321895003, 42.34201336340476 ], [ -71.145120323371088, 42.342138363797353 ], [ -71.144725323994464, 42.342318364674476 ], [ -71.144357325874182, 42.342526364765575 ], [ -71.144073327044268, 42.342744365663101 ], [ -71.143818328044063, 42.342978365575945 ], [ -71.143654328496609, 42.343137366446868 ], [ -71.143586328520058, 42.343224365921643 ], [ -71.143427329379065, 42.343451366425171 ], [ -71.143108331842967, 42.343878366667539 ], [ -71.142959331107122, 42.343794367307908 ], [ -71.142834331748446, 42.343721367294194 ], [ -71.142743331753678, 42.343669367564885 ], [ -71.142674332042802, 42.343629367645079 ], [ -71.142312332634944, 42.343409367733997 ], [ -71.142111332114979, 42.343287368175595 ], [ -71.14191733244941, 42.343189368370169 ], [ -71.141517333046991, 42.342952368984363 ], [ -71.142113329897811, 42.342224368051255 ], [ -71.1423123291856, 42.341973367724542 ], [ -71.142367328810764, 42.341889367937064 ], [ -71.142502328131513, 42.341730367857203 ], [ -71.142558327863128, 42.341682367377281 ], [ -71.142699326860082, 42.34154536718615 ], [ -71.142937326753469, 42.341338367032051 ], [ -71.143066325366945, 42.341262366995394 ], [ -71.143098325590884, 42.34124336663978 ], [ -71.143265324772443, 42.341187366289347 ], [ -71.143421324245281, 42.341148365984843 ], [ -71.143724323690293, 42.341124365971744 ], [ -71.144011323193013, 42.341110365580299 ], [ -71.144248322824581, 42.341070365214847 ], [ -71.144473322612541, 42.341011364462972 ], [ -71.144842320461962, 42.3408813645732 ], [ -71.144756320800298, 42.340769364001694 ], [ -71.144691321269832, 42.340707364623562 ], [ -71.144618320622058, 42.340636364594772 ], [ -71.144452320976058, 42.340548364998327 ], [ -71.144238321898385, 42.340468365232951 ], [ -71.144012321365651, 42.340423365414679 ], [ -71.143728322653757, 42.340410365491117 ], [ -71.143320322802126, 42.340412366365854 ], [ -71.143132323181391, 42.340420366594657 ], [ -71.142963323702006, 42.340411366797369 ], [ -71.142433325286234, 42.340308367539699 ], [ -71.142202325479431, 42.340429367536395 ], [ -71.142047325984578, 42.340448367554067 ], [ -71.141895326847305, 42.340436368007929 ], [ -71.141753326708425, 42.340396367967038 ], [ -71.141938325598375, 42.340008367931937 ], [ -71.142343324155846, 42.340055367237753 ], [ -71.142394324806887, 42.34006136689635 ], [ -71.142486324492637, 42.340059367054764 ], [ -71.142507324438157, 42.340059367505162 ], [ -71.142630324254171, 42.340056367341347 ], [ -71.144211320427559, 42.340022365292036 ], [ -71.144654319279823, 42.339737364130677 ], [ -71.144687318489048, 42.339716364171004 ], [ -71.144778318347065, 42.339657363832856 ], [ -71.145274316787436, 42.339338363329475 ], [ -71.145559315814367, 42.339131363091845 ], [ -71.145803315059084, 42.338955362532936 ], [ -71.14616131308064, 42.338697361749105 ], [ -71.146214312793532, 42.338632361764212 ], [ -71.146244313191303, 42.338595362073924 ], [ -71.146505311598304, 42.338554361330743 ], [ -71.146605311914698, 42.338537361442761 ], [ -71.146488311178487, 42.338161361112164 ], [ -71.146415310689363, 42.338101361932111 ], [ -71.146341311674774, 42.338036361221299 ], [ -71.146258310416243, 42.337772361361871 ], [ -71.146155310649135, 42.337442361716391 ], [ -71.146453309608333, 42.337377361535935 ], [ -71.146748308754297, 42.33731336059649 ], [ -71.147265307547002, 42.337201360334412 ], [ -71.147280307083378, 42.337262360511382 ], [ -71.147345308002386, 42.337512359861108 ], [ -71.147740306272539, 42.337455359305785 ], [ -71.148700304167349, 42.337267358246656 ], [ -71.148955303488606, 42.337196358453149 ], [ -71.149196302310301, 42.337090358010947 ], [ -71.149354301635142, 42.336990357474136 ], [ -71.149475302187668, 42.33692935709243 ], [ -71.150083299917469, 42.336842356050219 ], [ -71.150308299106058, 42.336842356131278 ], [ -71.150104300397288, 42.337193356796483 ] ] ] ] } },
{ "type": "Feature", "properties": { "geoid": "25025010206", "neighborhood": "Fenway", "sales": 471, "median_price": 232500.0, "investor_share": 0.38004246284501064, "large_inst_share": 0.19532908704883228, "small_med_share": 0.18471337579617833, "flip_rate": 0.099787685774946927, "buy_flip_rate": 0.099787685774946927, "condo_share": 0.96602972399150744, "r23_share": 0.0, "hold_score": -0.022462269239098193, "flip_score": -0.6951336978590823, "dominant": "mixed", "policy_fit": "Layered approach", "r_mhi": 66013.0, "pct_nonwhite": 0.51717734447539465, "pct_black": 0.023212627669452181, "pct_latino": 0.10352831940575673, "percent_owners": 81.6 }, "geometry": { "type": "MultiPolygon", "coordinates": [ [ [ [ -71.098954437642846, 42.346815425332856 ], [ -71.098574438769276, 42.347173425743939 ], [ -71.098165440260246, 42.347599426983905 ], [ -71.098114441020485, 42.347637426547372 ], [ -71.094845448792526, 42.347640431093978 ], [ -71.092870452466769, 42.34764343389282 ], [ -71.092401453970609, 42.347629434476957 ], [ -71.092271454403146, 42.34762943470264 ], [ -71.092119454682816, 42.3476294350979 ], [ -71.091943454690593, 42.347629434782213 ], [ -71.091549455401108, 42.347633435458228 ], [ -71.090053459004508, 42.347652437687792 ], [ -71.089635460464677, 42.347644438121002 ], [ -71.089394460246595, 42.347626438348826 ], [ -71.089094461343876, 42.34758843892687 ], [ -71.088720461392271, 42.347523439103931 ], [ -71.088302463275781, 42.347469439705293 ], [ -71.08805146371509, 42.347456440255264 ], [ -71.087915463116502, 42.347461440389871 ], [ -71.08775746342296, 42.347300440523362 ], [ -71.089263459854322, 42.346887438265888 ], [ -71.089412459386153, 42.346851438193163 ], [ -71.090004457373013, 42.346679437058519 ], [ -71.090086456863347, 42.34665743719043 ], [ -71.090398455564596, 42.34657643664687 ], [ -71.090549455860881, 42.346550436362641 ], [ -71.090699455242884, 42.346535436580623 ], [ -71.090901454672647, 42.346544436065116 ], [ -71.091093453926931, 42.346571436082726 ], [ -71.091367453810363, 42.346619435619004 ], [ -71.091600454088379, 42.346681435216667 ], [ -71.091853453644973, 42.346755435064701 ], [ -71.092009452638933, 42.346829435151477 ], [ -71.0920434524717, 42.346850434396323 ], [ -71.092078453207264, 42.34687243470318 ], [ -71.092122452543322, 42.346899434715198 ], [ -71.092157453135087, 42.34692843476158 ], [ -71.092230452612483, 42.34698843419379 ], [ -71.092269453594426, 42.347111434288372 ], [ -71.092294452211704, 42.347037434331575 ], [ -71.09238745211907, 42.346959434087921 ], [ -71.09248745149192, 42.346909434216272 ], [ -71.092698451323216, 42.346836434188674 ], [ -71.092902450573035, 42.346759433312272 ], [ -71.093094450656011, 42.34667043285976 ], [ -71.093294448869884, 42.346511433010548 ], [ -71.094184445925976, 42.34570143147279 ], [ -71.094302444634877, 42.345577431949962 ], [ -71.094400444576138, 42.345325431272009 ], [ -71.094450443418012, 42.345189431280652 ], [ -71.094573442718698, 42.344854430672207 ], [ -71.094611442766464, 42.344690430651639 ], [ -71.094643442092277, 42.344549430822646 ], [ -71.094767441516908, 42.344443430772664 ], [ -71.094838441398124, 42.344413431090146 ], [ -71.094931440896332, 42.344381430967786 ], [ -71.095743438149256, 42.344146429727601 ], [ -71.096506436060409, 42.343944428430781 ], [ -71.097411433432242, 42.34369442677248 ], [ -71.0976224337481, 42.34410042685905 ], [ -71.097710434539891, 42.344251427270748 ], [ -71.097873434295764, 42.344559426975252 ], [ -71.098228435952009, 42.345291425917914 ], [ -71.098274436023871, 42.345395426178094 ], [ -71.098734436470977, 42.346337425526841 ], [ -71.098954437642846, 42.346815425332856 ] ] ] ] } },
{ "type": "Feature", "properties": { "geoid": "25025030500", "neighborhood": "North End", "sales": 1402, "median_price": 582762.5, "investor_share": 0.20970042796005706, "large_inst_share": 0.026390870185449358, "small_med_share": 0.1833095577746077, "flip_rate": 0.073466476462196867, "buy_flip_rate": 0.073466476462196867, "condo_share": 0.94864479315263905, "r23_share": 0.0085592011412268191, "hold_score": 1.190168390875038, "flip_score": -2.4753910684811977, "dominant": "holding", "policy_fit": "Transfer fee on high-value sales", "r_mhi": 105938.0, "pct_nonwhite": 0.11786372007366486, "pct_black": 0.012154696132596685, "pct_latino": 0.032780847145488026, "percent_owners": 64.3 }, "geometry": { "type": "MultiPolygon", "coordinates": [ [ [ [ -71.059050573509182, 42.367779479765417 ], [ -71.058628574548621, 42.367983480513466 ], [ -71.058499574830506, 42.367972480132835 ], [ -71.058171576474521, 42.367946481170264 ], [ -71.057879577620284, 42.368149481115275 ], [ -71.057941577200921, 42.36823848149843 ], [ -71.057698577793502, 42.368360481183061 ], [ -71.057710578093364, 42.36853548131667 ], [ -71.057586578739247, 42.368605481906179 ], [ -71.056937580641389, 42.368864482537354 ], [ -71.055615583955174, 42.369023484564458 ], [ -71.0554925843646, 42.368986484748937 ], [ -71.055065585417069, 42.368857484940939 ], [ -71.054973585064161, 42.369012484776853 ], [ -71.053611588342108, 42.368721486973378 ], [ -71.053374589702315, 42.36908648698445 ], [ -71.053252589482341, 42.369050487069075 ], [ -71.053125589594515, 42.369013487191609 ], [ -71.05312058953227, 42.368797487574518 ], [ -71.052897589742656, 42.368716487455643 ], [ -71.052327593030938, 42.369422488820959 ], [ -71.052059593661738, 42.369753488520985 ], [ -71.051958594486479, 42.369706489141485 ], [ -71.051749594522093, 42.36961048940438 ], [ -71.051977593212087, 42.369273489092343 ], [ -71.052040592745641, 42.369181488980672 ], [ -71.05214759241349, 42.369022488647239 ], [ -71.052042591714169, 42.368970488854842 ], [ -71.051670592876604, 42.368787489531755 ], [ -71.051107595180397, 42.369414490211078 ], [ -71.05105559571831, 42.369388490458164 ], [ -71.050913595263168, 42.369319490060825 ], [ -71.05140459310492, 42.368697489822921 ], [ -71.05152159218774, 42.368548488933556 ], [ -71.051684591181242, 42.368341489583031 ], [ -71.051642591826493, 42.368317488979137 ], [ -71.05123459165965, 42.368079489690494 ], [ -71.050962592764989, 42.368311489952575 ], [ -71.050309596308693, 42.368870490527947 ], [ -71.050221595958689, 42.368799490984294 ], [ -71.050061595613258, 42.368668490970052 ], [ -71.050620594034129, 42.368173490870909 ], [ -71.051287590826263, 42.367583489403188 ], [ -71.05104459048728, 42.367324489776323 ], [ -71.050938590224789, 42.367211490440454 ], [ -71.050464592070838, 42.367472490680989 ], [ -71.050545592951934, 42.367650490913057 ], [ -71.050251593600663, 42.36775949068916 ], [ -71.050174592899751, 42.367625491324169 ], [ -71.049810594880185, 42.367889491885869 ], [ -71.049659594788849, 42.367618491889544 ], [ -71.049328593865567, 42.367024492167673 ], [ -71.05041859085037, 42.366788490754509 ], [ -71.049896591544396, 42.366621491658222 ], [ -71.04977659235297, 42.366583491793769 ], [ -71.0497755913959, 42.366457491457361 ], [ -71.049199592531096, 42.366425492347076 ], [ -71.049119593154785, 42.366420491970921 ], [ -71.04900159238997, 42.365958492413093 ], [ -71.049861590727502, 42.365991491443737 ], [ -71.049867590308537, 42.365826490923332 ], [ -71.049797590700777, 42.365809491463253 ], [ -71.049773589118317, 42.365403491124972 ], [ -71.04977058954087, 42.365354491020284 ], [ -71.049169590164993, 42.365325491777192 ], [ -71.049123590568215, 42.365420491962404 ], [ -71.048838591294697, 42.365371492851381 ], [ -71.048880590202543, 42.364924492563844 ], [ -71.049462589258368, 42.364955491401304 ], [ -71.049508589363725, 42.365053491614617 ], [ -71.050229587807607, 42.365093490746752 ], [ -71.050545586999533, 42.365111490802335 ], [ -71.050823585473779, 42.364840489966063 ], [ -71.050622586049982, 42.36482849017478 ], [ -71.049525588203679, 42.364760491311948 ], [ -71.04953958801687, 42.364642492009217 ], [ -71.048788589791727, 42.364561492312731 ], [ -71.048785589881561, 42.364449492575751 ], [ -71.049259588491552, 42.364440492110987 ], [ -71.049408586792865, 42.36404549190754 ], [ -71.049599586616125, 42.364044491411548 ], [ -71.051089583109004, 42.364175490075688 ], [ -71.051083583519343, 42.363995489702823 ], [ -71.05122958284386, 42.364024489528163 ], [ -71.051368582744587, 42.364067489292204 ], [ -71.051631582708239, 42.364145489302004 ], [ -71.051769581576508, 42.364200489142519 ], [ -71.052370581737264, 42.364377487897315 ], [ -71.052390581290382, 42.364384488034169 ], [ -71.052986579881221, 42.364601487372241 ], [ -71.053182579978866, 42.364674487057087 ], [ -71.053458579143623, 42.364778486893272 ], [ -71.053203580813687, 42.365066487215358 ], [ -71.05304658107832, 42.365271487374272 ], [ -71.052992582359337, 42.365389487418987 ], [ -71.05296758277062, 42.365458487514722 ], [ -71.052933582306096, 42.365582487330705 ], [ -71.052912582541552, 42.365650487427175 ], [ -71.052877583290424, 42.365771487177454 ], [ -71.053264583271897, 42.366238486904649 ], [ -71.053276582749731, 42.36624948731555 ], [ -71.053494582942164, 42.366504487002757 ], [ -71.053547583761585, 42.366567486950217 ], [ -71.053682583975558, 42.366729486589612 ], [ -71.053804583256948, 42.366821485872329 ], [ -71.053964583598258, 42.366908486289724 ], [ -71.053399586013697, 42.367525486538071 ], [ -71.05346758573782, 42.367544486372871 ], [ -71.053785584620272, 42.367637486511043 ], [ -71.053972584868902, 42.367702485900907 ], [ -71.054040584913338, 42.367726486501745 ], [ -71.054433583683007, 42.367868485639669 ], [ -71.054763583594124, 42.367944485257588 ], [ -71.054945582911699, 42.367986484727197 ], [ -71.055778582502327, 42.368197484115136 ], [ -71.056084581188202, 42.368282483778515 ], [ -71.056186580978732, 42.368291483116181 ], [ -71.056373581487904, 42.368292483348334 ], [ -71.056506581123671, 42.368265483232804 ], [ -71.056604580674957, 42.368226483188344 ], [ -71.056627579868277, 42.368217482498757 ], [ -71.056693579515581, 42.368180482848523 ], [ -71.056882579563407, 42.368074482529721 ], [ -71.057323577738131, 42.367799481660313 ], [ -71.057368577176547, 42.36777148203965 ], [ -71.057567577062443, 42.367647481775116 ], [ -71.058069574417104, 42.367264480747707 ], [ -71.058524572572793, 42.366952480344061 ], [ -71.058542573708806, 42.367021480036001 ], [ -71.058584573898443, 42.367117480532407 ], [ -71.058693573647247, 42.367295479734224 ], [ -71.058858573093175, 42.367519479529186 ], [ -71.059050573509182, 42.367779479765417 ] ] ] ] } },
{ "type": "Feature", "properties": { "geoid": "25025010500", "neighborhood": "Back Bay", "sales": 766, "median_price": 785000.0, "investor_share": 0.33812010443864232, "large_inst_share": 0.07963446475195822, "small_med_share": 0.25848563968668409, "flip_rate": 0.090078328981723244, "buy_flip_rate": 0.090078328981723244, "condo_share": 0.89947780678851175, "r23_share": 0.022193211488250653, "hold_score": 3.5658228169905506, "flip_score": -1.2436787368666145, "dominant": "holding", "policy_fit": "Transfer fee on high-value sales", "r_mhi": 49103.0, "pct_nonwhite": 0.46181630546955621, "pct_black": 0.078947368421052627, "pct_latino": 0.077399380804953566, "percent_owners": 69.9 }, "geometry": { "type": "MultiPolygon", "coordinates": [ [ [ [ -71.08775746342296, 42.347300440523362 ], [ -71.087347464402768, 42.347410440886236 ], [ -71.08723246468908, 42.347448441007352 ], [ -71.087075466100771, 42.347491441721118 ], [ -71.086854466362624, 42.347554441912116 ], [ -71.086733466350822, 42.347588441595754 ], [ -71.086375467140456, 42.347682442572143 ], [ -71.085601469533501, 42.34788444335301 ], [ -71.085527468963662, 42.347698443015673 ], [ -71.085475469696206, 42.347571443285467 ], [ -71.085430469763637, 42.347487443267596 ], [ -71.085264468383784, 42.347176443252771 ], [ -71.085029468873387, 42.346738443814097 ], [ -71.084906467960707, 42.346480443662784 ], [ -71.084803468134453, 42.346300443913627 ], [ -71.084792468357008, 42.346269444075169 ], [ -71.084741467519109, 42.346195444143312 ], [ -71.084633468053653, 42.34608744411986 ], [ -71.084405468701192, 42.346039444370369 ], [ -71.08383246945364, 42.345945445637057 ], [ -71.08341246964352, 42.345894446130394 ], [ -71.08298347105908, 42.345846446445876 ], [ -71.082756471367958, 42.34585644654836 ], [ -71.082376472818893, 42.345801447004206 ], [ -71.082089472474209, 42.345670447467079 ], [ -71.081880472625542, 42.345522447864688 ], [ -71.081820472539164, 42.345413448354257 ], [ -71.081709473064407, 42.345339447671726 ], [ -71.081302472828526, 42.34504944843669 ], [ -71.080910473223597, 42.344787449257858 ], [ -71.080861472978782, 42.344753449432872 ], [ -71.080343474337155, 42.344400449380679 ], [ -71.080224473718133, 42.344319449780116 ], [ -71.080150474252363, 42.344263449792074 ], [ -71.080081474233367, 42.344219449998839 ], [ -71.080364472826574, 42.344025449783054 ], [ -71.080453472973772, 42.343965449459802 ], [ -71.08077947099369, 42.343744449535663 ], [ -71.081419468150344, 42.343194448265116 ], [ -71.082049466320001, 42.342676447585198 ], [ -71.082647463226962, 42.342066446146077 ], [ -71.082661463632647, 42.342053446304583 ], [ -71.083033461890551, 42.341725445920609 ], [ -71.083150460633874, 42.34162244618539 ], [ -71.083919460170705, 42.342133444978707 ], [ -71.084095460202448, 42.342192444800936 ], [ -71.084859460257562, 42.342702444097313 ], [ -71.084899460232279, 42.342733443286591 ], [ -71.084957459468924, 42.342770443941376 ], [ -71.085045459297717, 42.342825443414903 ], [ -71.085795459124341, 42.34333244280262 ], [ -71.085851459392885, 42.343387442544795 ], [ -71.085906459534101, 42.343486442242138 ], [ -71.086355460628894, 42.344450442227121 ], [ -71.086546460359827, 42.34486144151893 ], [ -71.086595460844876, 42.344951441569286 ], [ -71.086767461348941, 42.345271441775608 ], [ -71.086830461804382, 42.345424441315281 ], [ -71.087078461561575, 42.34591944079753 ], [ -71.087222461984837, 42.346197441045739 ], [ -71.087368462272394, 42.346481440607114 ], [ -71.087454462361151, 42.346635440556625 ], [ -71.087587462688688, 42.346922440666553 ], [ -71.08775746342296, 42.347300440523362 ] ] ] ] } },
{ "type": "Feature", "properties": { "geoid": "25025070302", "neighborhood": "South End", "sales": 1469, "median_price": 915000.0, "investor_share": 0.26889040163376449, "large_inst_share": 0.040163376446562288, "small_med_share": 0.22872702518720217, "flip_rate": 0.093941456773315182, "buy_flip_rate": 0.093941456773315182, "condo_share": 0.88155207624234178, "r23_share": 0.014295439074200136, "hold_score": 2.8544784609873979, "flip_score": -1.0201278582699873, "dominant": "holding", "policy_fit": "Transfer fee on high-value sales", "r_mhi": 0.0, "pct_nonwhite": 0.3177033492822966, "pct_black": 0.026315789473684209, "pct_latino": 0.050239234449760764, "percent_owners": 65.7 }, "geometry": { "type": "MultiPolygon", "coordinates": [ [ [ [ -71.072821504510827, 42.350755460221301 ], [ -71.07045451123453, 42.351417463871051 ], [ -71.070654512186735, 42.351854462931506 ], [ -71.070512511968673, 42.351881463758417 ], [ -71.069179515628306, 42.352168465280592 ], [ -71.068399517884785, 42.352356466211887 ], [ -71.067532520823079, 42.352513467297676 ], [ -71.067251519661852, 42.351816468120447 ], [ -71.067014518589133, 42.351297468369488 ], [ -71.06686751885249, 42.35096246829729 ], [ -71.0668125178682, 42.350747467777246 ], [ -71.066693517157177, 42.350236468577165 ], [ -71.066590516098486, 42.349719468708507 ], [ -71.066528515717522, 42.349407468455269 ], [ -71.066490515030509, 42.349046468366652 ], [ -71.066484515261237, 42.348986468292281 ], [ -71.066510514743811, 42.348876468647369 ], [ -71.066554513967787, 42.348807468606402 ], [ -71.066612514520926, 42.348761467948847 ], [ -71.067332512099242, 42.348382467138507 ], [ -71.06753751170227, 42.348290467439384 ], [ -71.068025509570717, 42.34797846644426 ], [ -71.068192508448647, 42.347866466014978 ], [ -71.068637507976547, 42.347918465621049 ], [ -71.068958507124563, 42.347942465260616 ], [ -71.069110506796321, 42.347945464642613 ], [ -71.069249506109983, 42.34794446465834 ], [ -71.069917505156468, 42.347958463675731 ], [ -71.071463501135582, 42.34795246153282 ], [ -71.071860501035502, 42.347951461386018 ], [ -71.072499499227163, 42.347927460366797 ], [ -71.072595499519352, 42.347929460148706 ], [ -71.072691498603959, 42.347931459845931 ], [ -71.072657498998254, 42.34795946046053 ], [ -71.072617499173035, 42.347992460600238 ], [ -71.07181450294263, 42.348677461198157 ], [ -71.071999502824497, 42.34902246093467 ], [ -71.072054503057231, 42.349137460880264 ], [ -71.072075503008946, 42.349180461318376 ], [ -71.072244503101331, 42.349532461177347 ], [ -71.072658504724998, 42.350410460879637 ], [ -71.072821504510827, 42.350755460221301 ] ] ] ] } },
{ "type": "Feature", "properties": { "geoid": "25025061203", "neighborhood": "South Boston", "sales": 1348, "median_price": 629000.0, "investor_share": 0.19807121661721069, "large_inst_share": 0.048219584569732937, "small_med_share": 0.14985163204747776, "flip_rate": 0.07418397626112759, "buy_flip_rate": 0.07418397626112759, "condo_share": 0.85756676557863498, "r23_share": 0.016320474777448073, "hold_score": 2.0661404235233096, "flip_score": -2.3814397763353563, "dominant": "holding", "policy_fit": "Transfer fee on high-value sales", "r_mhi": 215698.0, "pct_nonwhite": 0.26545048399106475, "pct_black": 0.026061057334326135, "pct_latino": 0.067386448250186151, "percent_owners": 62.0 }, "geometry": { "type": "MultiPolygon", "coordinates": [ [ [ [ -71.060314640414489, 42.343678224529505 ], [ -71.060268518040232, 42.343949475892082 ], [ -71.060175517828682, 42.344063476477196 ], [ -71.059757520553148, 42.344453477053008 ], [ -71.059474521209125, 42.344667477199813 ], [ -71.059345522100287, 42.344764477629013 ], [ -71.059293521752636, 42.344804477396053 ], [ -71.059238522374457, 42.344836477344174 ], [ -71.059143522124344, 42.344891477698724 ], [ -71.058737524400925, 42.345125478094666 ], [ -71.058454524353138, 42.345207478317121 ], [ -71.058228525125585, 42.345273478904076 ], [ -71.05754852759307, 42.345394479927293 ], [ -71.057286528005889, 42.345578480268372 ], [ -71.057131528212381, 42.345613480269002 ], [ -71.057044528683591, 42.345616480845564 ], [ -71.057236527173714, 42.344873480524868 ], [ -71.057254525876388, 42.344537480153782 ], [ -71.057246524821096, 42.344178479807177 ], [ -71.057240524148582, 42.343981480568701 ], [ -71.057225524035388, 42.343540480590825 ], [ -71.056902523864409, 42.343474480374006 ], [ -71.056238525151471, 42.343318481558782 ], [ -71.055214527241972, 42.343067482824111 ], [ -71.054920528069943, 42.342993482916803 ], [ -71.054288528345239, 42.342859483657136 ], [ -71.053151531059001, 42.342601485173368 ], [ -71.053012530455931, 42.342550485367994 ], [ -71.052901531380456, 42.342496485531555 ], [ -71.052870531192994, 42.342476485624623 ], [ -71.052797531336736, 42.342426485763724 ], [ -71.052356531626643, 42.342123486749664 ], [ -71.051923532803585, 42.342530487440037 ], [ -71.05178253365257, 42.342638487418355 ], [ -71.051714533708349, 42.342676487603789 ], [ -71.051689534056791, 42.34267648739354 ], [ -71.051641533756026, 42.342665487752612 ], [ -71.051394534811777, 42.342490487844579 ], [ -71.050874534947994, 42.342150488870423 ], [ -71.050158535329857, 42.341693489453462 ], [ -71.050815532666874, 42.341120488171988 ], [ -71.050991532379655, 42.340967487930463 ], [ -71.051138531977173, 42.340856488220822 ], [ -71.051446530748322, 42.340587487137853 ], [ -71.05190052834196, 42.340188487118439 ], [ -71.052376526684583, 42.339803485878583 ], [ -71.052591526415242, 42.339930486162238 ], [ -71.053232525226207, 42.340345484849898 ], [ -71.053536525555131, 42.340542484817661 ], [ -71.053735525241095, 42.340671484286418 ], [ -71.05392752514696, 42.340791483921336 ], [ -71.054381523729148, 42.340430483713405 ], [ -71.054772520968712, 42.34009548321734 ], [ -71.05517951987099, 42.339758482498802 ], [ -71.055510519002539, 42.339485482071716 ], [ -71.055967516722788, 42.339086481220534 ], [ -71.056239515163213, 42.338869481477701 ], [ -71.05677151353774, 42.338383480502586 ], [ -71.056822513001137, 42.338357480261543 ], [ -71.056875513187762, 42.338330480276838 ], [ -71.056930512617129, 42.338314480568883 ], [ -71.05697551268851, 42.338306480147814 ], [ -71.057028513050113, 42.33831047994267 ], [ -71.057111512686959, 42.338333479825245 ], [ -71.057104513333215, 42.338807479636131 ], [ -71.057112513908464, 42.338905479608457 ], [ -71.057224513781563, 42.338802479605214 ], [ -71.057453512241096, 42.338626479216408 ], [ -71.057822510365725, 42.338352478565035 ], [ -71.058037509725551, 42.338182478566317 ], [ -71.058133509334041, 42.338107478370112 ], [ -71.058407508975023, 42.337893478265912 ], [ -71.058762507102642, 42.337595477488605 ], [ -71.058961505608337, 42.337422477600825 ], [ -71.059281504511588, 42.337166476585388 ], [ -71.059524503832179, 42.336992476644383 ], [ -71.059582503941101, 42.336951476970953 ], [ -71.059650503967276, 42.336902476824719 ], [ -71.059701502799712, 42.336859475936585 ], [ -71.059806505367476, 42.338133476276468 ], [ -71.060000510240471, 42.340055475814658 ], [ -71.060024511387653, 42.340595475864959 ], [ -71.059982514738266, 42.342071475960033 ], [ -71.059951514951564, 42.342320476765266 ], [ -71.059878516138596, 42.342652476977101 ], [ -71.059781517119163, 42.342985476420374 ], [ -71.059684517156825, 42.343210476532825 ], [ -71.059539519007515, 42.343480476690559 ], [ -71.059486518520771, 42.343580477289684 ], [ -71.059734517685555, 42.343611476851471 ], [ -71.059877517813192, 42.343626476553176 ], [ -71.060154517374571, 42.343657476339899 ], [ -71.060314640414489, 42.343678224529505 ] ] ] ] } },
{ "type": "Feature", "properties": { "geoid": "25025091300", "neighborhood": "Dorchester", "sales": 520, "median_price": 337845.0, "investor_share": 0.45769230769230768, "large_inst_share": 0.2326923076923077, "small_med_share": 0.225, "flip_rate": 0.11923076923076924, "buy_flip_rate": 0.11923076923076924, "condo_share": 0.2673076923076923, "r23_share": 0.34230769230769231, "hold_score": -0.40467164313440573, "flip_score": 2.6007155648705305, "dominant": "flipping", "policy_fit": "TOPA / anti-flip / stabilization", "r_mhi": 19158.0, "pct_nonwhite": 0.88690022848438688, "pct_black": 0.27265803503427266, "pct_latino": 0.21629855293221631, "percent_owners": 68.4 }, "geometry": { "type": "MultiPolygon", "coordinates": [ [ [ [ -71.072203440698118, 42.321359458342073 ], [ -71.071737441396238, 42.321400458880348 ], [ -71.071392442487465, 42.321431459799875 ], [ -71.070557444734291, 42.321525460101221 ], [ -71.070109445546933, 42.321564461394225 ], [ -71.069841445774713, 42.321567461787147 ], [ -71.06969844636491, 42.321558462113153 ], [ -71.069478447071859, 42.321521461919339 ], [ -71.069198448113795, 42.321463462150504 ], [ -71.068942448114854, 42.321399462961168 ], [ -71.068543448389519, 42.321341462839349 ], [ -71.068519449193388, 42.321335463227385 ], [ -71.068108449654815, 42.321285463417809 ], [ -71.068060450197876, 42.321281464045796 ], [ -71.067506455760125, 42.323297464509757 ], [ -71.066904455679122, 42.322586465700617 ], [ -71.066475455417375, 42.322093465801125 ], [ -71.066087455038328, 42.321646466609245 ], [ -71.065939455006713, 42.321499466490167 ], [ -71.065755454527007, 42.321374466730177 ], [ -71.065595455417821, 42.321294466897598 ], [ -71.06549445504956, 42.321263467036935 ], [ -71.065382455857034, 42.32123446738666 ], [ -71.06442845790815, 42.321112469055706 ], [ -71.06359345955056, 42.32103346979931 ], [ -71.063331459550497, 42.321014470000108 ], [ -71.063153459642734, 42.320978470657955 ], [ -71.062933460878639, 42.320911470793604 ], [ -71.062130460989749, 42.320557472197137 ], [ -71.06186446231834, 42.320477472134506 ], [ -71.061719462318308, 42.320468472000094 ], [ -71.061480462667262, 42.320500472893031 ], [ -71.061756462080496, 42.320400472184105 ], [ -71.062109461097705, 42.32018947196282 ], [ -71.062522458524043, 42.319893471354362 ], [ -71.062683458933819, 42.319740471396642 ], [ -71.062851457831002, 42.319563470666353 ], [ -71.063158455844729, 42.319194470049254 ], [ -71.063571453750754, 42.318618469321649 ], [ -71.063718452784926, 42.318409469313337 ], [ -71.063977451412541, 42.318041469098311 ], [ -71.064156451269639, 42.317791468745547 ], [ -71.06431245008514, 42.317637468887646 ], [ -71.064642448443252, 42.317370467860158 ], [ -71.064863447923088, 42.317242468204292 ], [ -71.065199446172713, 42.317071467292799 ], [ -71.065416446605596, 42.317180466705594 ], [ -71.066215445211313, 42.317545466147187 ], [ -71.06655844518194, 42.317686465348302 ], [ -71.066836445277687, 42.317816465481478 ], [ -71.067238444665662, 42.317984464271099 ], [ -71.067425444505375, 42.318058464867768 ], [ -71.067967443804221, 42.318289463922689 ], [ -71.068241443361771, 42.318405463059548 ], [ -71.068746442305525, 42.318594462797783 ], [ -71.069103441086185, 42.318728462007122 ], [ -71.069697440687904, 42.31894746127012 ], [ -71.069965440270863, 42.319046461389448 ], [ -71.070203439704486, 42.319149460396083 ], [ -71.070358439513541, 42.31924346090549 ], [ -71.070458439847002, 42.319319460455084 ], [ -71.070665440399338, 42.319555459789214 ], [ -71.070867440563973, 42.319781460271074 ], [ -71.071275439410499, 42.320160459104116 ], [ -71.071933439321114, 42.320752458829915 ], [ -71.072028439661025, 42.320863458123931 ], [ -71.072093440462965, 42.320949458773548 ], [ -71.072146439865946, 42.321047458002298 ], [ -71.072175439847953, 42.321162458249518 ], [ -71.072203440698118, 42.321359458342073 ] ] ] ] } },
{ "type": "Feature", "properties": { "geoid": "25025070301", "neighborhood": "South End", "sales": 2031, "median_price": 685000.0, "investor_share": 0.16149679960610536, "large_inst_share": 0.020679468242245199, "small_med_share": 0.14081733136386015, "flip_rate": 0.076317085179714431, "buy_flip_rate": 0.076317085179714431, "condo_share": 0.89266371245691778, "r23_share": 0.017725258493353029, "hold_score": 0.47064290120574981, "flip_score": -2.2252425462273759, "dominant": "holding", "policy_fit": "Transfer fee on high-value sales", "r_mhi": 0.0, "pct_nonwhite": 0.23768639855399909, "pct_black": 0.022593764121102575, "pct_latino": 0.073655671034794395, "percent_owners": 56.5 }, "geometry": { "type": "MultiPolygon", "coordinates": [ [ [ [ -71.075252488683049, 42.345884456430049 ], [ -71.07353049508562, 42.347262458711015 ], [ -71.073284497027743, 42.347458459174852 ], [ -71.073040497030547, 42.347653459999478 ], [ -71.072814498450811, 42.34783345987087 ], [ -71.072691498603959, 42.347931459845931 ], [ -71.072595499519352, 42.347929460148706 ], [ -71.072499499227163, 42.347927460366797 ], [ -71.071860501035502, 42.347951461386018 ], [ -71.071463501135582, 42.34795246153282 ], [ -71.069917505156468, 42.347958463675731 ], [ -71.069249506109983, 42.34794446465834 ], [ -71.069110506796321, 42.347945464642613 ], [ -71.068958507124563, 42.347942465260616 ], [ -71.068637507976547, 42.347918465621049 ], [ -71.068192508448647, 42.347866466014978 ], [ -71.068335508687937, 42.347759465536505 ], [ -71.068436507635099, 42.347677465971394 ], [ -71.068502507378739, 42.347602465344259 ], [ -71.068613507344367, 42.347475465114897 ], [ -71.068676507125915, 42.34737846529503 ], [ -71.068840505120065, 42.347105465083843 ], [ -71.069102503339764, 42.34661546518084 ], [ -71.069442501326535, 42.34600546404851 ], [ -71.069854498838865, 42.345266463505212 ], [ -71.070015498832277, 42.3450814638379 ], [ -71.070204497291357, 42.344864463225363 ], [ -71.070390496462835, 42.344688463032277 ], [ -71.070540496092548, 42.344560462282196 ], [ -71.070625495658163, 42.344503462477981 ], [ -71.070683495209138, 42.344464462222653 ], [ -71.071067494161355, 42.344250462000701 ], [ -71.071583492120979, 42.343976461554938 ], [ -71.071862491240992, 42.343833460757487 ], [ -71.072001491408344, 42.344122460715774 ], [ -71.072374492903833, 42.344872460395976 ], [ -71.072563493685394, 42.345282460235758 ], [ -71.072745493860211, 42.345657460053459 ], [ -71.074871487631412, 42.345105457316222 ], [ -71.075090488387303, 42.345567456650841 ], [ -71.075209488426964, 42.345799456786935 ], [ -71.075218488085468, 42.345817456256817 ], [ -71.075252488683049, 42.345884456430049 ] ] ] ] } },
{ "type": "Feature", "properties": { "geoid": "25025070102", "neighborhood": "Downtown", "sales": 2410, "median_price": 902500.0, "investor_share": 0.29128630705394193, "large_inst_share": 0.054356846473029047, "small_med_share": 0.23692946058091285, "flip_rate": 0.084232365145228222, "buy_flip_rate": 0.083402489626556012, "condo_share": 0.90082987551867222, "r23_share": 0.0, "hold_score": 2.8067846169963881, "flip_score": -1.804598711671819, "dominant": "holding", "policy_fit": "Transfer fee on high-value sales", "r_mhi": 0.0, "pct_nonwhite": 0.40493626254407378, "pct_black": 0.062923786276105231, "pct_latino": 0.095741795497694598, "percent_owners": 67.2 }, "geometry": { "type": "MultiPolygon", "coordinates": [ [ [ [ -71.064471527473188, 42.352696470951663 ], [ -71.064452527711495, 42.352761471185879 ], [ -71.064365529237264, 42.353064471563357 ], [ -71.06423453022029, 42.353394471480719 ], [ -71.064134530335693, 42.35363647177271 ], [ -71.063986532105872, 42.353975471997529 ], [ -71.063591533960292, 42.354759472889036 ], [ -71.063523534721455, 42.354877472650116 ], [ -71.063418535326491, 42.3550604725189 ], [ -71.063307535775721, 42.355209473425006 ], [ -71.0632075371133, 42.355334472817894 ], [ -71.06304153797862, 42.355514473209375 ], [ -71.062875537670365, 42.355674473388376 ], [ -71.062512539757037, 42.356018473938789 ], [ -71.062256540878664, 42.356268474219853 ], [ -71.061955542619202, 42.356534475413618 ], [ -71.062455541777979, 42.356952474596625 ], [ -71.062788541562668, 42.357302473643685 ], [ -71.062943542024414, 42.357459473706946 ], [ -71.062993541886328, 42.357510473352441 ], [ -71.063168542193964, 42.357748473491661 ], [ -71.06264154345817, 42.357977474073891 ], [ -71.062374544351457, 42.358095474431586 ], [ -71.061976545315517, 42.358246475280964 ], [ -71.061713546533099, 42.358318475487444 ], [ -71.061509546690246, 42.35833647548337 ], [ -71.061258547318573, 42.358283476329596 ], [ -71.06035354974405, 42.358092477350382 ], [ -71.05961255082606, 42.357863478455648 ], [ -71.059298550966687, 42.357766478788996 ], [ -71.058758552074181, 42.357577478831175 ], [ -71.058289551842449, 42.357410480164745 ], [ -71.058494550904356, 42.357221479460016 ], [ -71.058560551544986, 42.357161479865958 ], [ -71.058736550239573, 42.356988479048105 ], [ -71.058916549069366, 42.356843478840347 ], [ -71.059161548659745, 42.356626478197612 ], [ -71.059419547197678, 42.356399478664343 ], [ -71.059503547653918, 42.356325477710108 ], [ -71.059631546176078, 42.356226478388415 ], [ -71.060479542924341, 42.355499477238418 ], [ -71.061211540517462, 42.354823475438671 ], [ -71.061696538040721, 42.354364475134297 ], [ -71.061885537526322, 42.354172475121551 ], [ -71.06214453608041, 42.353909474181798 ], [ -71.062231535831017, 42.353823474547426 ], [ -71.062386534405164, 42.353586473779082 ], [ -71.062460533533283, 42.353450473639342 ], [ -71.062515533839814, 42.353280473711926 ], [ -71.062536533157797, 42.353099474336226 ], [ -71.062560532767861, 42.352800474337172 ], [ -71.062562532563192, 42.352779473637234 ], [ -71.062574531765122, 42.352399473753486 ], [ -71.063037530260885, 42.352337472959071 ], [ -71.063267529738013, 42.352316472911575 ], [ -71.063508529347843, 42.352317472258044 ], [ -71.063552528622921, 42.352312472429951 ], [ -71.063844528307342, 42.352317471893208 ], [ -71.063974528690494, 42.352328472026329 ], [ -71.064061528064727, 42.352336472242108 ], [ -71.064561527390083, 42.352383471492466 ], [ -71.064471527473188, 42.352696470951663 ] ] ] ] } },
{ "type": "Feature", "properties": { "geoid": "25025070501", "neighborhood": "South End", "sales": 1429, "median_price": 675000.0, "investor_share": 0.15815255423372987, "large_inst_share": 0.01749475157452764, "small_med_share": 0.14065780265920225, "flip_rate": 0.087473757872638211, "buy_flip_rate": 0.087473757872638211, "condo_share": 0.89503149055283415, "r23_share": 0.019594121763470959, "hold_score": 0.7148621551944232, "flip_score": -1.4394204214917172, "dominant": "holding", "policy_fit": "Transfer fee on high-value sales", "r_mhi": 0.0, "pct_nonwhite": 0.27080521817363923, "pct_black": 0.026090868196131354, "pct_latino": 0.088618983355825465, "percent_owners": 57.5 }, "geometry": { "type": "MultiPolygon", "coordinates": [ [ [ [ -71.07207448554513, 42.341286460635509 ], [ -71.071604487520162, 42.341549461162231 ], [ -71.071413487867872, 42.341661460913329 ], [ -71.071084489120622, 42.341845461729115 ], [ -71.070592490510677, 42.342120462508099 ], [ -71.069896492709063, 42.342552463195794 ], [ -71.070323492792284, 42.34289946294966 ], [ -71.070952492660567, 42.343422462205915 ], [ -71.071583492120979, 42.343976461554938 ], [ -71.071067494161355, 42.344250462000701 ], [ -71.070683495209138, 42.344464462222653 ], [ -71.070625495658163, 42.344503462477981 ], [ -71.070540496092548, 42.344560462282196 ], [ -71.070390496462835, 42.344688463032277 ], [ -71.070204497291357, 42.344864463225363 ], [ -71.070015498832277, 42.3450814638379 ], [ -71.069854498838865, 42.345266463505212 ], [ -71.069402500019635, 42.345113464575974 ], [ -71.068997500268907, 42.344977464652025 ], [ -71.068781500792767, 42.344900465080627 ], [ -71.068075501750386, 42.34464746623631 ], [ -71.067072503067109, 42.344308467688137 ], [ -71.066460503941002, 42.344115467842165 ], [ -71.065929505148759, 42.343936468394539 ], [ -71.06606350390382, 42.34373246881708 ], [ -71.066345502935164, 42.343407467786562 ], [ -71.066814501132029, 42.343021467090928 ], [ -71.067049500662662, 42.342827467229107 ], [ -71.067198499719879, 42.342706466792713 ], [ -71.067475498049006, 42.342481466734469 ], [ -71.067577497724585, 42.342398465991586 ], [ -71.067738497089152, 42.342272466524491 ], [ -71.067927496530217, 42.342125465541507 ], [ -71.068083495431225, 42.342014465499048 ], [ -71.068291495119198, 42.341880465279964 ], [ -71.06832849515655, 42.341856465485186 ], [ -71.068505494900265, 42.341772465162329 ], [ -71.068781493052668, 42.34166146505666 ], [ -71.069670490351783, 42.341343463746362 ], [ -71.069828490972171, 42.341276463467622 ], [ -71.07006448907471, 42.341161462818313 ], [ -71.070706487572892, 42.34079046235599 ], [ -71.071088485601706, 42.34053946144261 ], [ -71.07130748530686, 42.340662461276622 ], [ -71.071803486067822, 42.341082461072837 ], [ -71.071847485115484, 42.341100460585672 ], [ -71.071971485972995, 42.341193460584279 ], [ -71.07207448554513, 42.341286460635509 ] ] ] ] } },
{ "type": "Feature", "properties": { "geoid": "25025030302", "neighborhood": "Downtown", "sales": 415, "median_price": 600000.0, "investor_share": 0.46746987951807228, "large_inst_share": 0.22168674698795179, "small_med_share": 0.24578313253012049, "flip_rate": 0.091566265060240959, "buy_flip_rate": 0.0891566265060241, "condo_share": 0.63855421686746983, "r23_share": 0.0, "hold_score": 2.9307174218753298, "flip_score": -1.349510875841067, "dominant": "holding", "policy_fit": "Transfer fee on high-value sales", "r_mhi": 127553.0, "pct_nonwhite": 0.29501084598698479, "pct_black": 0.055856832971800434, "pct_latino": 0.085140997830802603, "percent_owners": 71.1 }, "geometry": { "type": "MultiPolygon", "coordinates": [ [ [ [ -71.062910550833777, 42.361229474129317 ], [ -71.062761552002101, 42.361642474117339 ], [ -71.062625552331298, 42.36184247422856 ], [ -71.062498552617058, 42.362001474991047 ], [ -71.062353554097697, 42.362143474495888 ], [ -71.062267553995355, 42.362205475284 ], [ -71.062194554286123, 42.362258474866195 ], [ -71.061855554935008, 42.362430475737241 ], [ -71.061668555698418, 42.362493476048989 ], [ -71.061222557548689, 42.362633476190105 ], [ -71.06087755780635, 42.362731477194536 ], [ -71.060041561329243, 42.362967477757842 ], [ -71.059938560734707, 42.36299147808873 ], [ -71.059629561467929, 42.363046478368176 ], [ -71.059490562876348, 42.363104478593442 ], [ -71.059179563836679, 42.363268478885601 ], [ -71.058957564221728, 42.363385479608667 ], [ -71.058388565498163, 42.363691480568086 ], [ -71.058411566075492, 42.363848480326787 ], [ -71.058441566396581, 42.364056480433824 ], [ -71.058450567679586, 42.364424480411692 ], [ -71.058441568293716, 42.364543480347578 ], [ -71.058434567940424, 42.364617479781707 ], [ -71.058432568532027, 42.364641480126842 ], [ -71.058295567577147, 42.364472480384428 ], [ -71.058228567715361, 42.364389480240888 ], [ -71.057892567825462, 42.364042481135421 ], [ -71.057800568239614, 42.363951481021424 ], [ -71.057660568589228, 42.36381248101506 ], [ -71.05750456802383, 42.363656481243012 ], [ -71.057288568052911, 42.363468481871749 ], [ -71.057209568033159, 42.363402481917511 ], [ -71.057069568561786, 42.363289481534991 ], [ -71.056971568563355, 42.363208482360356 ], [ -71.056380568610464, 42.362884482913024 ], [ -71.055811569263511, 42.362542482999487 ], [ -71.05568056911973, 42.362469484007981 ], [ -71.055432569639649, 42.362330483609 ], [ -71.054924570132016, 42.362046484739906 ], [ -71.054857570515267, 42.362014484900378 ], [ -71.054709571025086, 42.361940484510995 ], [ -71.05456157090353, 42.361867485048883 ], [ -71.053941570837893, 42.361560485915504 ], [ -71.053612572262949, 42.361392486014267 ], [ -71.05329657186347, 42.36121948679957 ], [ -71.052966572881147, 42.361029487044007 ], [ -71.052808572550177, 42.360915486821803 ], [ -71.052655572647794, 42.36079448715595 ], [ -71.052426572978732, 42.36059648778506 ], [ -71.052257572159363, 42.360408487817182 ], [ -71.052153573063848, 42.360270488003515 ], [ -71.051995572475349, 42.360025488031475 ], [ -71.051894571935406, 42.359816488309995 ], [ -71.051816572225206, 42.359615488049307 ], [ -71.0517195718555, 42.359292488197042 ], [ -71.05168157087509, 42.359133488289622 ], [ -71.051656570554343, 42.359040488942 ], [ -71.051581570247777, 42.358762488378261 ], [ -71.051651570327792, 42.358751488659685 ], [ -71.051783569713663, 42.358729488533719 ], [ -71.051992569024563, 42.358694488138859 ], [ -71.052157568750559, 42.358666487809764 ], [ -71.052197568563813, 42.358660488224473 ], [ -71.052293567934811, 42.358646487811313 ], [ -71.052748567909092, 42.358576487300773 ], [ -71.053191566660502, 42.358496486566665 ], [ -71.053247566149395, 42.358478486657148 ], [ -71.053320566059384, 42.35845548679189 ], [ -71.05351756563212, 42.358356485769754 ], [ -71.053764563915308, 42.35818348537844 ], [ -71.053960563016872, 42.358012485245119 ], [ -71.054264561741164, 42.357737484816937 ], [ -71.054369561109112, 42.357662485013961 ], [ -71.054523561107757, 42.357551484969179 ], [ -71.054847559690188, 42.357350484236534 ], [ -71.055019559842322, 42.357245484293841 ], [ -71.055189558541912, 42.357143484227578 ], [ -71.055538557225645, 42.3569714829544 ], [ -71.055758557008687, 42.356913483382549 ], [ -71.056291555658845, 42.356874482593604 ], [ -71.056589555189959, 42.356852482394032 ], [ -71.057190553809335, 42.356822481345297 ], [ -71.057709552144459, 42.356777480879607 ], [ -71.057992551656071, 42.356789480088317 ], [ -71.058139551329859, 42.356815479814749 ], [ -71.058234550849974, 42.356832480236001 ], [ -71.058736550239573, 42.356988479048105 ], [ -71.058560551544986, 42.357161479865958 ], [ -71.058494550904356, 42.357221479460016 ], [ -71.058289551842449, 42.357410480164745 ], [ -71.058758552074181, 42.357577478831175 ], [ -71.059298550966687, 42.357766478788996 ], [ -71.05961255082606, 42.357863478455648 ], [ -71.06035354974405, 42.358092477350382 ], [ -71.061258547318573, 42.358283476329596 ], [ -71.061509546690246, 42.35833647548337 ], [ -71.061713546533099, 42.358318475487444 ], [ -71.061976545315517, 42.358246475280964 ], [ -71.062374544351457, 42.358095474431586 ], [ -71.06264154345817, 42.357977474073891 ], [ -71.062726544201723, 42.358311474564843 ], [ -71.062816544820365, 42.358665474110133 ], [ -71.062822545193981, 42.358714473610554 ], [ -71.062845545929022, 42.358889473929629 ], [ -71.062861546648691, 42.359204474293421 ], [ -71.062874546607986, 42.359483474128297 ], [ -71.062864548336577, 42.359989473952623 ], [ -71.062863548364618, 42.360090473703274 ], [ -71.062910550833777, 42.361229474129317 ] ] ] ] } },
{ "type": "Feature", "properties": { "geoid": "25025070201", "neighborhood": "Downtown", "sales": 334, "median_price": 1200000.0, "investor_share": 0.32634730538922158, "large_inst_share": 0.09880239520958084, "small_med_share": 0.22754491017964071, "flip_rate": 0.083832335329341312, "buy_flip_rate": 0.083832335329341312, "condo_share": 0.83832335329341312, "r23_share": 0.0059880239520958087, "hold_score": 5.1683819850399271, "flip_score": -1.7697442161746597, "dominant": "holding", "policy_fit": "Transfer fee on high-value sales", "r_mhi": 39288.0, "pct_nonwhite": 0.44110275689223055, "pct_black": 0.04486215538847118, "pct_latino": 0.065413533834586465, "percent_owners": 49.1 }, "geometry": { "type": "MultiPolygon", "coordinates": [ [ [ [ -71.068025509570717, 42.34797846644426 ], [ -71.06753751170227, 42.348290467439384 ], [ -71.067332512099242, 42.348382467138507 ], [ -71.066612514520926, 42.348761467948847 ], [ -71.066554513967787, 42.348807468606402 ], [ -71.066510514743811, 42.348876468647369 ], [ -71.066484515261237, 42.348986468292281 ], [ -71.066490515030509, 42.349046468366652 ], [ -71.066528515717522, 42.349407468455269 ], [ -71.066590516098486, 42.349719468708507 ], [ -71.066693517157177, 42.350236468577165 ], [ -71.0668125178682, 42.350747467777246 ], [ -71.06686751885249, 42.35096246829729 ], [ -71.067014518589133, 42.351297468369488 ], [ -71.067251519661852, 42.351816468120447 ], [ -71.067532520823079, 42.352513467297676 ], [ -71.066905522509529, 42.352480467889784 ], [ -71.066223523067848, 42.352458469002208 ], [ -71.065917524580868, 42.352448469355416 ], [ -71.064561527390083, 42.352383471492466 ], [ -71.064724525598322, 42.351708470820128 ], [ -71.064214525781651, 42.351659471731026 ], [ -71.063283527426535, 42.351548473161301 ], [ -71.062760529288738, 42.351508473399832 ], [ -71.062883527645411, 42.35111747323851 ], [ -71.062966527273616, 42.350916473426032 ], [ -71.063029526912004, 42.350793472695017 ], [ -71.063145526582232, 42.350620472937209 ], [ -71.063208525526576, 42.350516472762983 ], [ -71.063338525246721, 42.350345472395155 ], [ -71.06335852476208, 42.350316472480962 ], [ -71.063430524819324, 42.350211472812255 ], [ -71.063569524382459, 42.350009472364057 ], [ -71.06367752341211, 42.349822471862055 ], [ -71.063773523126329, 42.34963247188999 ], [ -71.063840521823209, 42.349485472362574 ], [ -71.06395852105527, 42.349078471772962 ], [ -71.064149518882289, 42.348405471783892 ], [ -71.064296517684298, 42.347822470832817 ], [ -71.064387516405233, 42.347439470930738 ], [ -71.064410515829763, 42.347343470703684 ], [ -71.064433516256415, 42.347186471148355 ], [ -71.064558515590264, 42.347212470415847 ], [ -71.065754513888464, 42.347513468947604 ], [ -71.065836513516118, 42.347526469008201 ], [ -71.066157512982628, 42.347589469047826 ], [ -71.06678351136766, 42.347684467619899 ], [ -71.067384510731941, 42.347759466893031 ], [ -71.067990508634367, 42.347827466714243 ], [ -71.068192508448647, 42.347866466014978 ], [ -71.068025509570717, 42.34797846644426 ] ] ] ] } },
{ "type": "Feature", "properties": { "geoid": "25025040600", "neighborhood": "Charlestown", "sales": 1725, "median_price": 515000.0, "investor_share": 0.13217391304347825, "large_inst_share": 0.031304347826086959, "small_med_share": 0.10086956521739131, "flip_rate": 0.078840579710144923, "buy_flip_rate": 0.077101449275362319, "condo_share": 0.69159420289855067, "r23_share": 0.046376811594202899, "hold_score": 0.082330134982647851, "flip_score": -1.9471073395833303, "dominant": "holding", "policy_fit": "Transfer fee on high-value sales", "r_mhi": 126719.0, "pct_nonwhite": 0.19060548465924521, "pct_black": 0.024165082812924246, "pct_latino": 0.054846592451805593, "percent_owners": 55.4 }, "geometry": { "type": "MultiPolygon", "coordinates": [ [ [ [ -71.074272591087222, 42.390587462368174 ], [ -71.074226590553948, 42.390571462538595 ], [ -71.073694590589682, 42.38991446254358 ], [ -71.07363459080095, 42.3898484628969 ], [ -71.073446589890111, 42.389482462809617 ], [ -71.073234589673987, 42.389116463423555 ], [ -71.072993588828368, 42.388733463998619 ], [ -71.072713588524252, 42.388306463726586 ], [ -71.0726315892218, 42.388160464554439 ], [ -71.072570588715976, 42.38805246415788 ], [ -71.072419588112254, 42.387798464379706 ], [ -71.072278588631008, 42.387739464348741 ], [ -71.072173588327104, 42.387695464349207 ], [ -71.072132589217304, 42.387677464716248 ], [ -71.071414589602227, 42.387335465509828 ], [ -71.070741589930094, 42.386906466789426 ], [ -71.069912591506451, 42.38646146746111 ], [ -71.070525589239637, 42.386036466201361 ], [ -71.070226588670863, 42.385776467002977 ], [ -71.06999658893217, 42.38561846687351 ], [ -71.069871588954115, 42.385579467615223 ], [ -71.069562589834462, 42.385535467870298 ], [ -71.069370589599671, 42.385435468069609 ], [ -71.069351590004558, 42.385391467593038 ], [ -71.069351589539579, 42.385197467958349 ], [ -71.069390589451274, 42.384953467480258 ], [ -71.069342589224803, 42.384914467605668 ], [ -71.069265589122921, 42.384897468374191 ], [ -71.069226589766572, 42.384911467686088 ], [ -71.069091590031448, 42.385013468742187 ], [ -71.068995590768779, 42.385127468843848 ], [ -71.068898589953022, 42.385196468884693 ], [ -71.068773591078298, 42.385239469057339 ], [ -71.06858159186234, 42.385220469243414 ], [ -71.0684365908849, 42.385146468698103 ], [ -71.068349591947012, 42.385067469266026 ], [ -71.067670594666154, 42.385615470023076 ], [ -71.067642594142711, 42.38561247042572 ], [ -71.067435595221696, 42.385596470622673 ], [ -71.06601259796463, 42.385514472446495 ], [ -71.06615459742649, 42.385304471706476 ], [ -71.06500959804805, 42.38484847338664 ], [ -71.064721600077775, 42.38509247360993 ], [ -71.063764602295606, 42.385073475217816 ], [ -71.063731602702646, 42.385217474951951 ], [ -71.06482659925426, 42.385270473467116 ], [ -71.064801599931201, 42.385378473442472 ], [ -71.06361960225928, 42.38528747514021 ], [ -71.063329603017507, 42.385265476014723 ], [ -71.06332460266718, 42.385076475524741 ], [ -71.064237597588857, 42.383785474529745 ], [ -71.063984598102863, 42.383664474996863 ], [ -71.063843598669223, 42.383838474535374 ], [ -71.063566598740451, 42.383757475529102 ], [ -71.062593604320853, 42.384887476644259 ], [ -71.062401604190271, 42.384805477155311 ], [ -71.062213605020048, 42.385033476921834 ], [ -71.061710606262409, 42.384987477365044 ], [ -71.060516608966751, 42.384879478775261 ], [ -71.060588607922043, 42.384716478861996 ], [ -71.061336606003948, 42.384743477878381 ], [ -71.062342601934304, 42.383495476437233 ], [ -71.062080601662288, 42.383478477244246 ], [ -71.061930602696606, 42.383696477677944 ], [ -71.061830603334542, 42.383685477238814 ], [ -71.061562604705955, 42.384041477357158 ], [ -71.061232605358299, 42.383952477944341 ], [ -71.061436604003461, 42.383710478234121 ], [ -71.061521604097422, 42.383726477873992 ], [ -71.061764602592518, 42.383420477218557 ], [ -71.061078603313092, 42.383334478599721 ], [ -71.060008609808676, 42.384816479595329 ], [ -71.059569609964583, 42.38468448058763 ], [ -71.060469605217918, 42.383326479022841 ], [ -71.059982605887896, 42.383295479479806 ], [ -71.058732613338393, 42.384965481098078 ], [ -71.057403615653541, 42.384802483246325 ], [ -71.057592614681695, 42.384618483052492 ], [ -71.058158613032575, 42.384671482050393 ], [ -71.05827361308387, 42.384665481942008 ], [ -71.058379612378261, 42.384612481996662 ], [ -71.058503612361832, 42.384500481483968 ], [ -71.059053609246547, 42.383731481129601 ], [ -71.059301607452539, 42.383350480391258 ], [ -71.059994604755914, 42.382397479638556 ], [ -71.0602066036151, 42.382160479486565 ], [ -71.060330603047575, 42.382074479023139 ], [ -71.060817601142347, 42.381870478240415 ], [ -71.060956599805465, 42.381626478361838 ], [ -71.061065599425874, 42.3814574783447 ], [ -71.061245599340552, 42.381232477455505 ], [ -71.061475597575011, 42.380960477416615 ], [ -71.061595596770545, 42.380789477845425 ], [ -71.061814597025361, 42.380874476930273 ], [ -71.062137596519506, 42.381010476396071 ], [ -71.062355596589185, 42.381102476660381 ], [ -71.062854594936653, 42.381312476026366 ], [ -71.063286594410499, 42.381488475377445 ], [ -71.063665593814207, 42.381646475312813 ], [ -71.064194594134662, 42.381867474207823 ], [ -71.064345592360254, 42.381667473969117 ], [ -71.064652591758389, 42.381259473860943 ], [ -71.064924589738723, 42.38087847340632 ], [ -71.065029589768045, 42.380730473500847 ], [ -71.065338587190027, 42.38029847293636 ], [ -71.064497588817574, 42.379872473294029 ], [ -71.064702587837289, 42.379630473247055 ], [ -71.064939586138536, 42.379316472784218 ], [ -71.065780584592787, 42.379554472447943 ], [ -71.066348584014364, 42.379725470898869 ], [ -71.066693583438422, 42.379865471140029 ], [ -71.066718583582599, 42.379877470647109 ], [ -71.067018582590535, 42.380016470407327 ], [ -71.067228583166369, 42.380095469933643 ], [ -71.067614582078861, 42.380326469392259 ], [ -71.06792758227563, 42.380498469656487 ], [ -71.068366580157743, 42.38007946838858 ], [ -71.068424579607367, 42.380024468679743 ], [ -71.068690579220913, 42.37978446839552 ], [ -71.069105577268132, 42.379410467844458 ], [ -71.069518577688086, 42.379834467168905 ], [ -71.069684576646281, 42.380007467491481 ], [ -71.06998657724975, 42.380309466382563 ], [ -71.070513575597559, 42.380047466056702 ], [ -71.070776574704368, 42.379927465964712 ], [ -71.070900574028101, 42.379871465156413 ], [ -71.070692573271799, 42.379527465395427 ], [ -71.070429573165526, 42.37907346647917 ], [ -71.069942572856277, 42.378200466984403 ], [ -71.069602571628394, 42.377573467315152 ], [ -71.069351571024882, 42.377178467600423 ], [ -71.069060570462099, 42.376631467998443 ], [ -71.068771569886906, 42.376084467865837 ], [ -71.068679569750273, 42.375912468134388 ], [ -71.068323570207696, 42.375297468143366 ], [ -71.068216569356622, 42.375124468229018 ], [ -71.067906568714221, 42.374627468944873 ], [ -71.068040568063708, 42.374535468443234 ], [ -71.068184568674113, 42.374436468672592 ], [ -71.068207568493321, 42.374369468295718 ], [ -71.06822056755054, 42.374311468369712 ], [ -71.068259567581279, 42.374241467940436 ], [ -71.068373566633682, 42.374117467831027 ], [ -71.068404566362972, 42.374092467896865 ], [ -71.068506566179465, 42.374059467772199 ], [ -71.06887056517283, 42.373909467743545 ], [ -71.069135564751761, 42.373807467446333 ], [ -71.069201564937657, 42.373782466901524 ], [ -71.069363563275658, 42.373683467306897 ], [ -71.069378563675812, 42.37367446655449 ], [ -71.069417563422448, 42.37365046679367 ], [ -71.069492563407593, 42.373591467107083 ], [ -71.069519563703849, 42.373565466995295 ], [ -71.069548563459236, 42.373541466691726 ], [ -71.069585562870671, 42.373511466180219 ], [ -71.069617563059026, 42.373475466352332 ], [ -71.06964356229642, 42.373448466749565 ], [ -71.069669562244172, 42.3734204669246 ], [ -71.069695562657046, 42.373393466414008 ], [ -71.069709561988176, 42.373378466863272 ], [ -71.069742562513724, 42.37334246623918 ], [ -71.069879561193474, 42.373167466532202 ], [ -71.069994560384998, 42.373018465769199 ], [ -71.070193559370423, 42.372761466021728 ], [ -71.070321558671736, 42.372613465983896 ], [ -71.070399558407331, 42.372523465607763 ], [ -71.0704475591657, 42.372468465298695 ], [ -71.070544558674356, 42.372356465204874 ], [ -71.070771557180905, 42.372392464779637 ], [ -71.071004557458707, 42.372428464673696 ], [ -71.071388557040265, 42.372489464026046 ], [ -71.071808555755212, 42.372555463907936 ], [ -71.072465554781019, 42.372658462564104 ], [ -71.072510554273435, 42.372772462941995 ], [ -71.072599554653806, 42.372998463088791 ], [ -71.072688555825721, 42.373222462718125 ], [ -71.072727555577757, 42.3733224628592 ], [ -71.072741555493181, 42.373362462372221 ], [ -71.072750556018988, 42.373387462547008 ], [ -71.072769556048527, 42.37344146297638 ], [ -71.072872556289695, 42.373694462232841 ], [ -71.072931556221675, 42.373839462639005 ], [ -71.073090557094488, 42.374192461775074 ], [ -71.073254557188406, 42.374583462289237 ], [ -71.073419557406282, 42.374983461897997 ], [ -71.073560557436537, 42.375314461663912 ], [ -71.073632558238941, 42.375483461943134 ], [ -71.07367155893499, 42.37557546176064 ], [ -71.073695558628572, 42.375630461839414 ], [ -71.073706558443078, 42.375655461227772 ], [ -71.073727558603849, 42.375698461973599 ], [ -71.073750558245322, 42.375747461527062 ], [ -71.073778558970943, 42.375811461263666 ], [ -71.073823558796605, 42.375915461550299 ], [ -71.073885558541903, 42.376069460946184 ], [ -71.073927559306185, 42.376157460995302 ], [ -71.074304560382458, 42.377037460793439 ], [ -71.074396560125209, 42.377252460782358 ], [ -71.074427560290815, 42.377325460782941 ], [ -71.074498561056558, 42.377491460575932 ], [ -71.074625560880591, 42.377787460642729 ], [ -71.074709561686532, 42.377984460163681 ], [ -71.074866562333312, 42.378352460410341 ], [ -71.075018561943466, 42.378707459817434 ], [ -71.075132562923471, 42.378973460518765 ], [ -71.075229563462003, 42.379198459654098 ], [ -71.075314563009641, 42.379398460293217 ], [ -71.07557056431483, 42.379996459628984 ], [ -71.075656564168455, 42.380196459158682 ], [ -71.075848563798544, 42.380228459061001 ], [ -71.075978563811063, 42.380249459212614 ], [ -71.076194563597355, 42.380286458916608 ], [ -71.076459562187154, 42.380330458212214 ], [ -71.076498562232047, 42.380337458307487 ], [ -71.076568562002024, 42.380348458081691 ], [ -71.076687562799776, 42.380368458156291 ], [ -71.076727562259308, 42.380375458248643 ], [ -71.07680456251191, 42.380388457951277 ], [ -71.076866562002294, 42.380398457616991 ], [ -71.076940562394952, 42.380410457685549 ], [ -71.077019562065288, 42.38042445760842 ], [ -71.077082560985843, 42.380434458129805 ], [ -71.077169561117884, 42.380449457856734 ], [ -71.077216561716781, 42.380457457609509 ], [ -71.077240561097213, 42.380461457511458 ], [ -71.077319561509341, 42.380474457013563 ], [ -71.077394561438595, 42.380486457759432 ], [ -71.077442561461311, 42.380494457488439 ], [ -71.077456560508878, 42.380497457321603 ], [ -71.077578561186726, 42.380517456682625 ], [ -71.077610560416275, 42.380523457494839 ], [ -71.077636561011943, 42.38052745745653 ], [ -71.077766559798306, 42.38054845647774 ], [ -71.078018559628006, 42.380591456480289 ], [ -71.078055559432897, 42.380597456597677 ], [ -71.078213559140679, 42.380624456438177 ], [ -71.078506558752792, 42.380672456360521 ], [ -71.078667558791992, 42.380700455977468 ], [ -71.078842558093683, 42.380729455499953 ], [ -71.079363557023569, 42.380816454955003 ], [ -71.079776556265955, 42.380885454475568 ], [ -71.080154556151683, 42.380948454075906 ], [ -71.080599554438919, 42.381023453427126 ], [ -71.080700555415461, 42.381039453098211 ], [ -71.080931556800323, 42.382133452693665 ], [ -71.080952556905942, 42.382235453087418 ], [ -71.080970556910756, 42.38232345302854 ], [ -71.080946556760551, 42.382378453160626 ], [ -71.080806557724316, 42.38244545296731 ], [ -71.080713558013912, 42.382486453464224 ], [ -71.080447558605982, 42.382603453782465 ], [ -71.080082560539665, 42.382773453990943 ], [ -71.080011560627028, 42.382811454313362 ], [ -71.079784561043851, 42.382932454931293 ], [ -71.079727561306711, 42.383014454486137 ], [ -71.079556562540205, 42.38326445474145 ], [ -71.079499562268126, 42.383348454609404 ], [ -71.079338563210285, 42.383537455376668 ], [ -71.078938565045902, 42.384008455655568 ], [ -71.078726566630465, 42.384306456346536 ], [ -71.078464567683525, 42.38467445607683 ], [ -71.078038570770829, 42.385274456881042 ], [ -71.077756571267372, 42.38567045697787 ], [ -71.077652572918581, 42.385818457522412 ], [ -71.077637572672771, 42.385838457205651 ], [ -71.077556573356205, 42.38594845733946 ], [ -71.077541573045224, 42.385972457871951 ], [ -71.077404573920674, 42.386167457917999 ], [ -71.077149575278128, 42.386525458292127 ], [ -71.077006575696871, 42.386724458271537 ], [ -71.076801576703389, 42.387013458371932 ], [ -71.076629577421357, 42.387254459312686 ], [ -71.076603577784923, 42.387291458969138 ], [ -71.076538578273343, 42.387382459109617 ], [ -71.076439578480048, 42.387521459667163 ], [ -71.076353579136267, 42.387642459099432 ], [ -71.076260579234514, 42.387773459152768 ], [ -71.076134580974156, 42.387949459833081 ], [ -71.07601258128129, 42.388121459834913 ], [ -71.075944582078435, 42.388217459557488 ], [ -71.075668582716148, 42.388603459911394 ], [ -71.075595583516417, 42.388707460713739 ], [ -71.074621588720177, 42.390091461371313 ], [ -71.074272591087222, 42.390587462368174 ] ] ], [ [ [ -71.070599175594495, 42.38968232208515 ], [ -71.070631596891928, 42.389693467005422 ], [ -71.070838595796573, 42.389763466304906 ], [ -71.071116596032269, 42.389857465787102 ], [ -71.071096595960398, 42.389929466165114 ], [ -71.071074596432808, 42.389957465831422 ], [ -71.070817597175918, 42.390322466798658 ], [ -71.07064359908523, 42.390586467014835 ], [ -71.070642598442774, 42.390613467284339 ], [ -71.070700599409221, 42.390711467009282 ], [ -71.070757599777366, 42.390940466807287 ], [ -71.070786599277724, 42.390966467097464 ], [ -71.070815599307878, 42.390993466696578 ], [ -71.070940598468781, 42.391049466686994 ], [ -71.070988599338207, 42.391107466300838 ], [ -71.07105559915108, 42.391322465977112 ], [ -71.071190599654386, 42.391558465976992 ], [ -71.071199599672184, 42.391693466362085 ], [ -71.071131600444971, 42.391847466644847 ], [ -71.071016601013, 42.39203446626265 ], [ -71.070822601927247, 42.392240467001756 ], [ -71.07058160343766, 42.392447466950813 ], [ -71.070379603980257, 42.392599467819217 ], [ -71.070224604698851, 42.392647467574427 ], [ -71.070080604115503, 42.392663468028132 ], [ -71.069945604756285, 42.392620467671101 ], [ -71.069849604690447, 42.392618467746132 ], [ -71.069791604905973, 42.392641468388341 ], [ -71.069627606108725, 42.39276146805333 ], [ -71.069299607692244, 42.393105469169029 ], [ -71.069173607574982, 42.393256469354995 ], [ -71.069067608857949, 42.393519469255622 ], [ -71.068913608834464, 42.393648469440613 ], [ -71.068758610095301, 42.393718469238529 ], [ -71.068729610516513, 42.393755469351802 ], [ -71.068729610317021, 42.39382246930321 ], [ -71.068777610770908, 42.393866469501255 ], [ -71.068954523613712, 42.393948547396072 ], [ -71.068856610663545, 42.394037469853778 ], [ -71.068012614155052, 42.394752470142933 ], [ -71.067590615017792, 42.395110471202244 ], [ -71.06736661648057, 42.395296471505482 ], [ -71.066857616373497, 42.394979471921971 ], [ -71.06694361681258, 42.394755472043109 ], [ -71.067028615063464, 42.394532472136198 ], [ -71.066970614834062, 42.394246471776171 ], [ -71.066949614170355, 42.394073471835434 ], [ -71.066996614855483, 42.394006471335629 ], [ -71.067409612144814, 42.393476470990841 ], [ -71.06815960925222, 42.392732469923843 ], [ -71.069120605234303, 42.391780469247095 ], [ -71.069061604734472, 42.391761469363317 ], [ -71.070129599240104, 42.390290467342602 ], [ -71.070294598243677, 42.390041467220456 ], [ -71.070481597553226, 42.389851467112614 ], [ -71.070490597906613, 42.389836466862207 ], [ -71.070515597642085, 42.389784467036279 ], [ -71.070583596643601, 42.38969246687941 ], [ -71.070599175594495, 42.38968232208515 ] ] ] ] } },
{ "type": "Feature", "properties": { "geoid": "25025010205", "neighborhood": "Fenway", "sales": 636, "median_price": 290000.0, "investor_share": 0.25628930817610063, "large_inst_share": 0.1069182389937107, "small_med_share": 0.14937106918238993, "flip_rate": 0.10220125786163523, "buy_flip_rate": 0.10220125786163523, "condo_share": 0.94811320754716977, "r23_share": 0.0, "hold_score": 1.1311953311355492, "flip_score": -0.52743043370655862, "dominant": "holding", "policy_fit": "Transfer fee on high-value sales", "r_mhi": 50732.0, "pct_nonwhite": 0.52242152466367719, "pct_black": 0.044231553200163067, "pct_latino": 0.084997961679576031, "percent_owners": 74.7 }, "geometry": { "type": "MultiPolygon", "coordinates": [ [ [ [ -71.102518421418196, 42.343375420893459 ], [ -71.102421421852981, 42.343518420149444 ], [ -71.101896424541849, 42.344013421077875 ], [ -71.101823424644692, 42.34408242150694 ], [ -71.101702425230187, 42.344190421961933 ], [ -71.101667425286408, 42.344221422030465 ], [ -71.100981428213302, 42.344881422841425 ], [ -71.100803429258747, 42.34503642326311 ], [ -71.100594430688091, 42.345223422853969 ], [ -71.100317431282278, 42.345470423376213 ], [ -71.099701433816662, 42.346067424127696 ], [ -71.09950043487855, 42.346273424983252 ], [ -71.099346435005387, 42.346439425414452 ], [ -71.098954437642846, 42.346815425332856 ], [ -71.098734436470977, 42.346337425526841 ], [ -71.098274436023871, 42.345395426178094 ], [ -71.098228435952009, 42.345291425917914 ], [ -71.097873434295764, 42.344559426975252 ], [ -71.097710434539891, 42.344251427270748 ], [ -71.0976224337481, 42.34410042685905 ], [ -71.097411433432242, 42.34369442677248 ], [ -71.097223433165226, 42.343280427578755 ], [ -71.097132432752218, 42.343079427547231 ], [ -71.097014432880471, 42.342859427612538 ], [ -71.096799432449231, 42.342432428246504 ], [ -71.096604432493038, 42.342047427876018 ], [ -71.096492431285895, 42.341843428565575 ], [ -71.097161429586308, 42.341667427556615 ], [ -71.09734742939338, 42.341585426640989 ], [ -71.097515428248499, 42.341465426828151 ], [ -71.097894426783725, 42.341154425819198 ], [ -71.098187425782712, 42.340920425828301 ], [ -71.098360425551704, 42.340810425585261 ], [ -71.098407425000829, 42.340791425179624 ], [ -71.098633424791117, 42.340700424774766 ], [ -71.098875424093194, 42.340628424574355 ], [ -71.099061423411371, 42.340610424454212 ], [ -71.099259423214363, 42.340629424639623 ], [ -71.09953542184229, 42.340704424169402 ], [ -71.099794421617759, 42.340804423516367 ], [ -71.099992422217682, 42.340881423754965 ], [ -71.100179422016197, 42.340970423214074 ], [ -71.100307421964956, 42.341046423302203 ], [ -71.100414420889408, 42.341131422529344 ], [ -71.10045142174836, 42.341161422757558 ], [ -71.100766420837175, 42.341441422515963 ], [ -71.100819421080573, 42.341493422771329 ], [ -71.101070421501078, 42.341738422161797 ], [ -71.101822421674655, 42.342503421083187 ], [ -71.102067420692919, 42.342752420843816 ], [ -71.102350421546745, 42.34305642061576 ], [ -71.102471421281933, 42.343194420518522 ], [ -71.102518421418196, 42.343375420893459 ] ] ] ] } },
{ "type": "Feature", "properties": { "geoid": "25025110105", "neighborhood": "Jamaica Plain", "sales": 811, "median_price": 334500.0, "investor_share": 0.12083847102342787, "large_inst_share": 0.025893958076448828, "small_med_share": 0.094944512946979032, "flip_rate": 0.064118372379778049, "buy_flip_rate": 0.064118372379778049, "condo_share": 0.77558569667077681, "r23_share": 0.10727496917385944, "hold_score": 0.26153743679247654, "flip_score": -2.5640596057043847, "dominant": "holding", "policy_fit": "Transfer fee on high-value sales", "r_mhi": 103900.0, "pct_nonwhite": 0.41839622641509433, "pct_black": 0.07452830188679245, "pct_latino": 0.13254716981132075, "percent_owners": 65.2 }, "geometry": { "type": "MultiPolygon", "coordinates": [ [ [ [ -71.116317286215562, 42.29685139536366 ], [ -71.115830288670722, 42.297552395798498 ], [ -71.115534290884995, 42.298053395997748 ], [ -71.115501291352388, 42.298104396514383 ], [ -71.115435290920459, 42.29820639661331 ], [ -71.114688296222027, 42.299346397351684 ], [ -71.114195298777403, 42.300119398940943 ], [ -71.114158298387395, 42.300179398523355 ], [ -71.113502302873613, 42.301228400043286 ], [ -71.113426302511897, 42.301396399547116 ], [ -71.113383303221397, 42.301492399654627 ], [ -71.113167303967387, 42.301473400488483 ], [ -71.112675304728128, 42.301459400611648 ], [ -71.112438305835198, 42.301452401420967 ], [ -71.112180305833121, 42.301456401864463 ], [ -71.112086306683651, 42.301458402052837 ], [ -71.109299312898557, 42.30151040567511 ], [ -71.109007312798255, 42.301485405430256 ], [ -71.108769313673449, 42.301456406362043 ], [ -71.108471313884749, 42.301394406344635 ], [ -71.10824431500393, 42.301337406537087 ], [ -71.107995314875311, 42.301256407598537 ], [ -71.107774315015462, 42.301154407852117 ], [ -71.107552315880085, 42.301057408127868 ], [ -71.10736331586763, 42.30099540819343 ], [ -71.107105316452774, 42.300953408148828 ], [ -71.106654316661903, 42.300880408947812 ], [ -71.106550317479559, 42.300875409269807 ], [ -71.106500317802457, 42.300864409313199 ], [ -71.106443317121247, 42.30085140920739 ], [ -71.106351317108889, 42.300798409556329 ], [ -71.106254317637195, 42.300717409598775 ], [ -71.106176317388574, 42.300590409932923 ], [ -71.106123317541176, 42.300501409291137 ], [ -71.106063317502475, 42.300445409417257 ], [ -71.105982317393611, 42.300420409562996 ], [ -71.105913317414107, 42.3004044096744 ], [ -71.105781317817105, 42.300375410342959 ], [ -71.105348319156434, 42.300313410864987 ], [ -71.105202318932967, 42.300297410836734 ], [ -71.105018320095482, 42.300284411296651 ], [ -71.104660320744401, 42.300271411834792 ], [ -71.104686320605168, 42.300171411350838 ], [ -71.104788319497004, 42.300033411259278 ], [ -71.104982319147126, 42.299835410809479 ], [ -71.1051163175661, 42.299676411061355 ], [ -71.105251317129031, 42.29946641081461 ], [ -71.105358316801457, 42.299288410857564 ], [ -71.105413315756081, 42.299149410638201 ], [ -71.105463315835877, 42.298979410314828 ], [ -71.105516314760322, 42.298831410079288 ], [ -71.105596315100172, 42.298741409753738 ], [ -71.105699313775702, 42.298641410312293 ], [ -71.105854313438456, 42.298551409576632 ], [ -71.106046313519542, 42.2984884094042 ], [ -71.10618331324396, 42.298468409663357 ], [ -71.106447312019384, 42.298430409228125 ], [ -71.106863311652475, 42.298411408634735 ], [ -71.107268310161132, 42.298385407829777 ], [ -71.107361310355827, 42.298375408120087 ], [ -71.107528309580175, 42.298613407320403 ], [ -71.107605310303711, 42.298642407783255 ], [ -71.1082453096477, 42.298898406952759 ], [ -71.108495308804947, 42.298998406043637 ], [ -71.109595307042497, 42.299098404801576 ], [ -71.11007430460225, 42.298510403821709 ], [ -71.109814303983015, 42.298166404695593 ], [ -71.110060302887888, 42.297927404169599 ], [ -71.110272301708363, 42.29776940394148 ], [ -71.110670300031131, 42.297475403099419 ], [ -71.111034298081279, 42.297020402234985 ], [ -71.111176298370083, 42.296895402495515 ], [ -71.111585296423939, 42.296538401174558 ], [ -71.112074294175329, 42.296178401232311 ], [ -71.11227529432901, 42.296269400242466 ], [ -71.112869294345614, 42.296662400006255 ], [ -71.113576290542042, 42.296079398722654 ], [ -71.11390828957569, 42.295831398740603 ], [ -71.114649287005477, 42.295182396897495 ], [ -71.115367283132699, 42.294572396195484 ], [ -71.115636283850165, 42.294868395552314 ], [ -71.115760283451635, 42.295054395305115 ], [ -71.115828284287446, 42.29522039575329 ], [ -71.115855284061681, 42.295411395501397 ], [ -71.115915284373557, 42.29569539575914 ], [ -71.11595528443948, 42.2958383953046 ], [ -71.116025284978633, 42.295933395639622 ], [ -71.116215285162056, 42.296068395464047 ], [ -71.116734284318568, 42.29623639461699 ], [ -71.116317286215562, 42.29685139536366 ] ] ] ] } },
{ "type": "Feature", "properties": { "geoid": "25025000102", "neighborhood": "Brighton", "sales": 455, "median_price": 486000.0, "investor_share": 0.35824175824175825, "large_inst_share": 0.10329670329670329, "small_med_share": 0.25494505494505493, "flip_rate": 0.065934065934065936, "buy_flip_rate": 0.068131868131868126, "condo_share": 0.37142857142857144, "r23_share": 0.28131868131868132, "hold_score": 0.90521012766529774, "flip_score": -1.3732241528323668, "dominant": "holding", "policy_fit": "Transfer fee on high-value sales", "r_mhi": 105161.0, "pct_nonwhite": 0.57862143241787822, "pct_black": 0.08023694130317717, "pct_latino": 0.14916532040926225, "percent_owners": 72.9 }, "geometry": { "type": "MultiPolygon", "coordinates": [ [ [ [ -71.160898325041828, 42.358625347068163 ], [ -71.160488325467711, 42.358809347463904 ], [ -71.160208327476326, 42.358899348035422 ], [ -71.160031327975773, 42.358965348194495 ], [ -71.159792328041277, 42.359033347964633 ], [ -71.159467328544082, 42.35908334900688 ], [ -71.159181329726735, 42.359082349137722 ], [ -71.158927330024838, 42.359047349595123 ], [ -71.158722330130587, 42.359003349738671 ], [ -71.158553330177767, 42.358953349716835 ], [ -71.158345331469349, 42.358835350291095 ], [ -71.158261330723988, 42.358771349779417 ], [ -71.157942332196484, 42.358864350289615 ], [ -71.157648333014549, 42.358919351213466 ], [ -71.157318333700502, 42.358958351423333 ], [ -71.155868336553425, 42.359076353607236 ], [ -71.154779339556072, 42.359162354644113 ], [ -71.154361340199756, 42.359239355261074 ], [ -71.153993342283698, 42.359316356191833 ], [ -71.153684342574593, 42.359410356286745 ], [ -71.153271344517592, 42.359560356883875 ], [ -71.152796345151785, 42.359771357750766 ], [ -71.152453346009821, 42.359913357815088 ], [ -71.152103347642083, 42.360024358655885 ], [ -71.151852348191198, 42.360082358403965 ], [ -71.15115335028355, 42.360191359909912 ], [ -71.150306352839721, 42.360300361199357 ], [ -71.149923353656789, 42.360344361164969 ], [ -71.149406354877399, 42.360387361936802 ], [ -71.148471357423134, 42.360526363564752 ], [ -71.147926358086693, 42.360645364307935 ], [ -71.147217360015702, 42.36089136454811 ], [ -71.14668836210663, 42.361205365408509 ], [ -71.146498363675676, 42.361361365848957 ], [ -71.146392364107427, 42.361468365913055 ], [ -71.14632236445081, 42.361542365829429 ], [ -71.146300364050177, 42.36155936582027 ], [ -71.1461703648976, 42.361657366464939 ], [ -71.146114365020665, 42.361708366488294 ], [ -71.145745367058169, 42.36206436715964 ], [ -71.14536536778138, 42.362420367835234 ], [ -71.144952369922237, 42.362720368483998 ], [ -71.144743370109083, 42.362825368301962 ], [ -71.144513370695392, 42.362933369235812 ], [ -71.144225372022873, 42.363024369452276 ], [ -71.143943372974235, 42.36309036947651 ], [ -71.143423374258646, 42.363177370695411 ], [ -71.141998377787161, 42.363354372291838 ], [ -71.141061380068578, 42.36347537295336 ], [ -71.140357381863012, 42.363570374014976 ], [ -71.139951383353562, 42.363632374577357 ], [ -71.139550383456935, 42.363698375832165 ], [ -71.138878385388367, 42.363839376360119 ], [ -71.137644388884937, 42.364125378076864 ], [ -71.137273390249845, 42.364233378678982 ], [ -71.136276393357079, 42.364554380185048 ], [ -71.135451395373494, 42.364849381295812 ], [ -71.135402395594866, 42.364741380823709 ], [ -71.135398395860236, 42.364561381233614 ], [ -71.135354394507956, 42.364102380551387 ], [ -71.135351394278601, 42.364057381060526 ], [ -71.135314393358541, 42.36350338091647 ], [ -71.135308393263514, 42.363299380510398 ], [ -71.135330392296709, 42.363175380923686 ], [ -71.135391391760905, 42.362963380424311 ], [ -71.135641390459895, 42.362421379977519 ], [ -71.135705389164386, 42.362256380115689 ], [ -71.135821388891699, 42.361959380099705 ], [ -71.136049386522302, 42.361434379357227 ], [ -71.136272385580682, 42.360903379007453 ], [ -71.13632738528382, 42.360796379167013 ], [ -71.136595382907657, 42.360161378807923 ], [ -71.136960379937491, 42.359315377573374 ], [ -71.137097378850299, 42.359056377751187 ], [ -71.137173378525119, 42.358961377908756 ], [ -71.137286377781066, 42.358861377434089 ], [ -71.137368377870473, 42.358761377277915 ], [ -71.137465377199305, 42.358578377368069 ], [ -71.137585376129508, 42.358334377061304 ], [ -71.137835374284492, 42.357880376247621 ], [ -71.137978374197033, 42.35760837605369 ], [ -71.138079373600789, 42.357419376059575 ], [ -71.138139373319774, 42.357278376371212 ], [ -71.138188371839419, 42.357134375605952 ], [ -71.138197372630444, 42.357093376028097 ], [ -71.138308370940663, 42.356793375746904 ], [ -71.138324371467903, 42.356751375435579 ], [ -71.138349370943999, 42.356612375859797 ], [ -71.138361370889484, 42.356564376056397 ], [ -71.138420369884429, 42.356313375059564 ], [ -71.138495368918427, 42.356048375312959 ], [ -71.138594368011724, 42.355664375292534 ], [ -71.138632367822538, 42.355441374634225 ], [ -71.138622367707484, 42.35534137530864 ], [ -71.13860736662167, 42.355261375461097 ], [ -71.138607366604163, 42.355173375063636 ], [ -71.138624367050738, 42.355061375085505 ], [ -71.138822365321261, 42.354554374231562 ], [ -71.139065362544855, 42.353791374224365 ], [ -71.139620361615385, 42.353867373434873 ], [ -71.139930360807938, 42.353902373165397 ], [ -71.140519359674812, 42.353974372726618 ], [ -71.140680359523643, 42.354004371810824 ], [ -71.141662357699985, 42.354263371119288 ], [ -71.142369356981831, 42.354445370169451 ], [ -71.142578356365007, 42.354496370045013 ], [ -71.143348355663576, 42.354686368751821 ], [ -71.143801354568083, 42.354797368656435 ], [ -71.144175353427272, 42.354889367676542 ], [ -71.145160351985893, 42.355153366260318 ], [ -71.145620352015172, 42.355268366132819 ], [ -71.145897350830609, 42.355337365362544 ], [ -71.146115351056906, 42.355387365559814 ], [ -71.146315350745397, 42.355442365118058 ], [ -71.146586349720238, 42.35551836467446 ], [ -71.147535348389312, 42.355749363651469 ], [ -71.147992347848501, 42.355859362614602 ], [ -71.14839034643839, 42.355972362868549 ], [ -71.148406347209772, 42.355977362445643 ], [ -71.149081345281729, 42.356151361842571 ], [ -71.149531345439826, 42.356259360786218 ], [ -71.150986342840469, 42.356639359102111 ], [ -71.151296341806727, 42.356723358621359 ], [ -71.152203340166949, 42.356954357260797 ], [ -71.152946338697618, 42.357152356491945 ], [ -71.153193339357273, 42.35722635670421 ], [ -71.15344833889381, 42.35732735575813 ], [ -71.153761338062637, 42.357525355496641 ], [ -71.153862338126984, 42.357588355338848 ], [ -71.153892337775915, 42.357613355610745 ], [ -71.153957338225226, 42.357665355403306 ], [ -71.154092337532418, 42.357760355336652 ], [ -71.154321337347199, 42.357903355441742 ], [ -71.154498337373056, 42.358004354540171 ], [ -71.154692337124686, 42.358139355076162 ], [ -71.154913337145928, 42.358147354570789 ], [ -71.15562933612496, 42.358200353415874 ], [ -71.155946335356077, 42.358218353206311 ], [ -71.15627933449727, 42.358228352264845 ], [ -71.156595333308005, 42.358232352329509 ], [ -71.157075332604336, 42.358230351187181 ], [ -71.1573203313812, 42.358251351090104 ], [ -71.157535331511752, 42.358286350659391 ], [ -71.158025330633407, 42.358422350446773 ], [ -71.158183330099007, 42.358456350202921 ], [ -71.158295330519167, 42.358478350069845 ], [ -71.158401330176702, 42.358499349799388 ], [ -71.158953328875441, 42.358592349261365 ], [ -71.159392328552016, 42.358590348345615 ], [ -71.160094326658566, 42.358575347744143 ], [ -71.160444326111275, 42.358566347512031 ], [ -71.16055232569903, 42.358573347211923 ], [ -71.160678324823934, 42.358582347213762 ], [ -71.160898325041828, 42.358625347068163 ] ] ] ] } },
{ "type": "Feature", "properties": { "geoid": "25025061201", "neighborhood": "South Boston", "sales": 1093, "median_price": 420000.0, "investor_share": 0.26989935956084171, "large_inst_share": 0.096065873741994517, "small_med_share": 0.17383348581884722, "flip_rate": 0.093321134492223234, "buy_flip_rate": 0.093321134492223234, "condo_share": 0.67886550777676125, "r23_share": 0.10795974382433669, "hold_score": 2.0981993837550488, "flip_score": -0.53106090553617047, "dominant": "holding", "policy_fit": "Transfer fee on high-value sales", "r_mhi": 53346.0, "pct_nonwhite": 0.22155986090412316, "pct_black": 0.032290114257327369, "pct_latino": 0.065573770491803282, "percent_owners": 63.4 }, "geometry": { "type": "MultiPolygon", "coordinates": [ [ [ [ -71.063552481104111, 42.330791471055704 ], [ -71.062904484196338, 42.331806471938492 ], [ -71.062797485337455, 42.331973471574543 ], [ -71.062694485937598, 42.332129472099133 ], [ -71.062599486584659, 42.332274472535119 ], [ -71.062570486612387, 42.332319472440581 ], [ -71.062541486967504, 42.332365472568135 ], [ -71.06249648721338, 42.332436472445863 ], [ -71.062162488574643, 42.332961472652983 ], [ -71.061438493585115, 42.334106473538746 ], [ -71.061008495840227, 42.334782474374244 ], [ -71.060583498742446, 42.335446475505044 ], [ -71.060444499172931, 42.335693475051755 ], [ -71.060437498697695, 42.335707474892253 ], [ -71.060278500081949, 42.336149475512592 ], [ -71.060176501190526, 42.33634647604741 ], [ -71.060041501366598, 42.336564475663721 ], [ -71.060042501594296, 42.336510476198661 ], [ -71.059696502667293, 42.336801476001391 ], [ -71.059701502799712, 42.336859475936585 ], [ -71.059650503967276, 42.336902476824719 ], [ -71.059582503941101, 42.336951476970953 ], [ -71.059524503832179, 42.336992476644383 ], [ -71.059281504511588, 42.337166476585388 ], [ -71.058961505608337, 42.337422477600825 ], [ -71.058762507102642, 42.337595477488605 ], [ -71.058407508975023, 42.337893478265912 ], [ -71.058133509334041, 42.338107478370112 ], [ -71.058037509725551, 42.338182478566317 ], [ -71.057822510365725, 42.338352478565035 ], [ -71.057453512241096, 42.338626479216408 ], [ -71.057224513781563, 42.338802479605214 ], [ -71.057112513908464, 42.338905479608457 ], [ -71.057104513333215, 42.338807479636131 ], [ -71.057111512686959, 42.338333479825245 ], [ -71.057117511480399, 42.337904480050533 ], [ -71.056963511168775, 42.337712479716906 ], [ -71.056732511538712, 42.337375480709049 ], [ -71.056631511115256, 42.337215480783897 ], [ -71.056485510905944, 42.336984481020757 ], [ -71.056203510544819, 42.336510480735051 ], [ -71.055957510572355, 42.336097481360277 ], [ -71.055765509650172, 42.335786481901749 ], [ -71.055307509125115, 42.335047482417721 ], [ -71.054838508715619, 42.334259482994298 ], [ -71.054601508046673, 42.333861482703142 ], [ -71.054482508296246, 42.333662483123383 ], [ -71.054177507392765, 42.333157483848382 ], [ -71.054093506744735, 42.333019483111805 ], [ -71.053958507254904, 42.332796483831132 ], [ -71.053874507508411, 42.3326634840681 ], [ -71.053719506549342, 42.332417483548525 ], [ -71.053660506475154, 42.332324484455036 ], [ -71.053407505862197, 42.331929483986563 ], [ -71.053189505565427, 42.33157348470403 ], [ -71.053150506048311, 42.331520484874126 ], [ -71.05307050627566, 42.331364484842418 ], [ -71.053049506261488, 42.331318484509936 ], [ -71.052963505360736, 42.331127484556539 ], [ -71.052839505284169, 42.330785484904908 ], [ -71.052801504557308, 42.330634485256702 ], [ -71.052765504463636, 42.33048748528595 ], [ -71.05272150437861, 42.330213485360417 ], [ -71.052702504139035, 42.330035484942705 ], [ -71.05265850288481, 42.329356485595284 ], [ -71.052648502327798, 42.329150484903678 ], [ -71.052623500376228, 42.328597484748016 ], [ -71.053446499040234, 42.328593484069621 ], [ -71.053733497668404, 42.328592483450258 ], [ -71.054273496614314, 42.328589483096728 ], [ -71.054699495536823, 42.328585482412457 ], [ -71.055257494874169, 42.328577482072888 ], [ -71.055689494114247, 42.328571480661516 ], [ -71.056281492127127, 42.328571480709641 ], [ -71.056927491389317, 42.328552479767524 ], [ -71.056914489800121, 42.328035479304575 ], [ -71.057198489587023, 42.328032478735828 ], [ -71.057334488886184, 42.328036478408897 ], [ -71.057470488726267, 42.328046478400708 ], [ -71.057615488315136, 42.32807547850588 ], [ -71.057844487567095, 42.328139478180063 ], [ -71.057748488557536, 42.32837647852304 ], [ -71.058132487878694, 42.328503477699911 ], [ -71.05822048839488, 42.328546477276248 ], [ -71.058250487902058, 42.328584477907384 ], [ -71.058264488500939, 42.328629477197154 ], [ -71.058252489626071, 42.3291734775839 ], [ -71.058240490827487, 42.329734478203122 ], [ -71.059287488399065, 42.329973476556447 ], [ -71.060218486581078, 42.330135474980338 ], [ -71.060775485730858, 42.330248474393954 ], [ -71.060801485606248, 42.330253474010895 ], [ -71.061060485285196, 42.330308474389327 ], [ -71.06138248458042, 42.330367473233046 ], [ -71.061656484464606, 42.330415472957206 ], [ -71.062974482124815, 42.330683471306344 ], [ -71.063141482181933, 42.330709471690142 ], [ -71.063279481511785, 42.33073047128957 ], [ -71.063504480569009, 42.33077747112484 ], [ -71.063552481104111, 42.330791471055704 ] ] ] ] } },
{ "type": "Feature", "properties": { "geoid": "25025020305", "neighborhood": "West End", "sales": 880, "median_price": 455500.0, "investor_share": 0.13295454545454546, "large_inst_share": 0.019318181818181818, "small_med_share": 0.11363636363636363, "flip_rate": 0.072727272727272724, "buy_flip_rate": 0.072727272727272724, "condo_share": 0.98409090909090913, "r23_share": 0.0, "hold_score": -0.37398511771195264, "flip_score": -2.5753839801853649, "dominant": "holding", "policy_fit": "Transfer fee on high-value sales", "r_mhi": 127386.0, "pct_nonwhite": 0.34599504541701076, "pct_black": 0.045967519955959261, "pct_latino": 0.076245527112579134, "percent_owners": 73.4 }, "geometry": { "type": "MultiPolygon", "coordinates": [ [ [ [ -71.068453920778452, 42.367049076573302 ], [ -71.068449551206456, 42.367049467115059 ], [ -71.068356551831144, 42.367096468039819 ], [ -71.06831055195974, 42.367128467271293 ], [ -71.068325551300958, 42.36719646741129 ], [ -71.068309552500139, 42.367322467568044 ], [ -71.06824755166555, 42.36736846744305 ], [ -71.067351555146303, 42.36777646880433 ], [ -71.066424558249452, 42.368072470252805 ], [ -71.065621560135014, 42.36824447116453 ], [ -71.065591560506292, 42.368267471009617 ], [ -71.065590559938883, 42.368371471239094 ], [ -71.065713560999939, 42.368643471498778 ], [ -71.065712560633372, 42.368747470820225 ], [ -71.065666560639329, 42.36877947079185 ], [ -71.065611560811121, 42.368794471737999 ], [ -71.065542562017569, 42.368790471435155 ], [ -71.065189562097828, 42.368495472101984 ], [ -71.065133561243485, 42.368455472225222 ], [ -71.065080562309504, 42.368461472195285 ], [ -71.065067562312876, 42.368506471682991 ], [ -71.065096561916519, 42.368560471653737 ], [ -71.065188561614789, 42.368698471624597 ], [ -71.065172561922054, 42.368779472216268 ], [ -71.065141562693228, 42.368802471766401 ], [ -71.065110562221633, 42.368825472203739 ], [ -71.06508856280756, 42.36883347184127 ], [ -71.065040562767194, 42.368850472403935 ], [ -71.065003563033983, 42.368863472239539 ], [ -71.064965562466455, 42.368872471899806 ], [ -71.064879562963057, 42.368892472526511 ], [ -71.064725563305601, 42.36886847266581 ], [ -71.064186564250761, 42.368608472811694 ], [ -71.063859564926375, 42.368484473181418 ], [ -71.063754565097739, 42.368444473250584 ], [ -71.063599564933668, 42.368397473814923 ], [ -71.062352567231343, 42.368019475219377 ], [ -71.062152566727349, 42.367973475725861 ], [ -71.062059567429174, 42.367970475847109 ], [ -71.061982568100575, 42.368017475810163 ], [ -71.061982567214187, 42.368075475997038 ], [ -71.062023567949439, 42.368174475650839 ], [ -71.062150568605787, 42.368397476108157 ], [ -71.062150568361943, 42.368473475759252 ], [ -71.062106567905658, 42.368506475842452 ], [ -71.062088569179323, 42.368519475930604 ], [ -71.061998568896968, 42.36852947588131 ], [ -71.06141557007706, 42.368592476538893 ], [ -71.060831571762307, 42.368654477411965 ], [ -71.060699572109371, 42.368666477630356 ], [ -71.060608571879513, 42.368600477522996 ], [ -71.060530572173647, 42.368484478156148 ], [ -71.060485571790863, 42.368255478125185 ], [ -71.060640570943406, 42.368082477338532 ], [ -71.060980569729352, 42.367810477191014 ], [ -71.061027569557879, 42.367719477074836 ], [ -71.061027568400519, 42.367593477166665 ], [ -71.060909569225132, 42.367373477111428 ], [ -71.060874568565453, 42.367307477511304 ], [ -71.060782568365525, 42.367237477316422 ], [ -71.060730568726527, 42.36723147734623 ], [ -71.06058156918094, 42.367214477237596 ], [ -71.060427568676801, 42.367113477988276 ], [ -71.059196572826551, 42.367708479734603 ], [ -71.059050573509182, 42.367779479765417 ], [ -71.058858573093175, 42.367519479529186 ], [ -71.058693573647247, 42.367295479734224 ], [ -71.058584573898443, 42.367117480532407 ], [ -71.058542573708806, 42.367021480036001 ], [ -71.058524572572793, 42.366952480344061 ], [ -71.058806571805277, 42.366763479498786 ], [ -71.059307569868167, 42.366467479448772 ], [ -71.05939556932158, 42.366419479048716 ], [ -71.059745568657448, 42.366238478762845 ], [ -71.059792568821678, 42.366213478408497 ], [ -71.059811568377228, 42.36620247844332 ], [ -71.059869568117563, 42.366175478283459 ], [ -71.05988856774799, 42.366168478290135 ], [ -71.059922567895242, 42.366150478318872 ], [ -71.059966568395623, 42.36612647834508 ], [ -71.060092568011044, 42.366059478088189 ], [ -71.060334566513617, 42.365943478037607 ], [ -71.060565565796537, 42.365829477325484 ], [ -71.06067256505851, 42.365777477404741 ], [ -71.061181563735047, 42.365505477137241 ], [ -71.061819561662972, 42.365154475838473 ], [ -71.062376560337285, 42.36485247538176 ], [ -71.062940557292166, 42.364547474739886 ], [ -71.063052557936416, 42.364502474247232 ], [ -71.063121557747962, 42.364467473739666 ], [ -71.063293556913322, 42.364310473462751 ], [ -71.063387556147475, 42.364193473904749 ], [ -71.06345055564968, 42.364009473258683 ], [ -71.063465554858766, 42.363966473832875 ], [ -71.063482555700176, 42.36391347348264 ], [ -71.063514554556193, 42.363811473263013 ], [ -71.063676553610222, 42.363422473101288 ], [ -71.063717552894317, 42.363281473099626 ], [ -71.063731552363066, 42.363022473294187 ], [ -71.063715551132233, 42.362198473004369 ], [ -71.064108549731074, 42.362240472949445 ], [ -71.064401550008171, 42.362295472191356 ], [ -71.064734548483301, 42.362357471416104 ], [ -71.064998548817414, 42.362395471783771 ], [ -71.065133547708683, 42.362404470954331 ], [ -71.065130549070162, 42.362684471264707 ], [ -71.065110549044959, 42.362867471330922 ], [ -71.065090549385147, 42.363063471567031 ], [ -71.065090549908689, 42.363150471035013 ], [ -71.065101550403938, 42.363205471682861 ], [ -71.065138549544187, 42.363237470973019 ], [ -71.065232549966865, 42.363432471480557 ], [ -71.065364550293921, 42.363886471125021 ], [ -71.065354551203711, 42.364092470838386 ], [ -71.065219552113845, 42.364562471683563 ], [ -71.065235552776585, 42.364686471343838 ], [ -71.065309553093741, 42.364765471321675 ], [ -71.065367552542568, 42.364831470952332 ], [ -71.065502553405352, 42.364902470777068 ], [ -71.065694552951271, 42.364958470725007 ], [ -71.066032552116496, 42.364939470670642 ], [ -71.067219548881098, 42.365061468946784 ], [ -71.067341549243352, 42.365048468461389 ], [ -71.067455548303499, 42.365022468205275 ], [ -71.067596549047835, 42.365039468081704 ], [ -71.067669547874829, 42.365065468155173 ], [ -71.067727547858112, 42.365102468279268 ], [ -71.067776548599113, 42.365158468474093 ], [ -71.067883548731487, 42.365249468246375 ], [ -71.067980548284794, 42.365311468075603 ], [ -71.068114547621391, 42.365347467727084 ], [ -71.068229547771026, 42.365367468016863 ], [ -71.068466547383139, 42.365426467187412 ], [ -71.068695547561802, 42.365486466711417 ], [ -71.068946547258633, 42.365618466860496 ], [ -71.06888054666797, 42.365681466657577 ], [ -71.068768548052986, 42.36578846669115 ], [ -71.068388549726393, 42.366145467469849 ], [ -71.068281549792943, 42.366212467946895 ], [ -71.068223549618978, 42.366254467540436 ], [ -71.068085550797392, 42.366322467860655 ], [ -71.067605551584847, 42.366426468733572 ], [ -71.067338552797949, 42.366484469053546 ], [ -71.067387552424876, 42.366506469091071 ], [ -71.067629552515513, 42.366627468225012 ], [ -71.067735551186871, 42.36667346881265 ], [ -71.068084551756002, 42.366863468197934 ], [ -71.068157551413279, 42.366899467449706 ], [ -71.068430550741567, 42.367037467928256 ], [ -71.068453920778452, 42.367049076573302 ] ] ], [ [ [ -71.065736169394171, 42.36896948276646 ], [ -71.065730561917022, 42.368961471545489 ], [ -71.065915561330684, 42.368925471168197 ], [ -71.066038560285222, 42.368901470692386 ], [ -71.066094560331805, 42.368971470420185 ], [ -71.0660987719628, 42.368976782697388 ], [ -71.065993561168455, 42.368974470990423 ], [ -71.065841560859695, 42.368971471286891 ], [ -71.065736169394171, 42.36896948276646 ] ] ], [ [ [ -71.067734347913657, 42.36901048397722 ], [ -71.067872556575793, 42.368973468298542 ], [ -71.068004555673127, 42.368903467794404 ], [ -71.06814955526832, 42.368797468397453 ], [ -71.068220555760988, 42.368734468005592 ], [ -71.068494554410847, 42.368489467835275 ], [ -71.068639553375689, 42.36828446762815 ], [ -71.068732553190799, 42.368188467399136 ], [ -71.068837551962829, 42.368127466646207 ], [ -71.068923552066025, 42.36809046652683 ], [ -71.068990551885733, 42.36809946651973 ], [ -71.069060552618907, 42.368110466449359 ], [ -71.069204551926191, 42.368170467006827 ], [ -71.069538550891622, 42.368335465921774 ], [ -71.069722551758375, 42.368404466198832 ], [ -71.07002482737613, 42.368531207948841 ], [ -71.070024551247357, 42.368531465299647 ], [ -71.069836551521675, 42.36870946619095 ], [ -71.069512553554901, 42.36901646627016 ], [ -71.06947755269023, 42.369046466154458 ], [ -71.068325555629386, 42.369022467995798 ], [ -71.06806455656249, 42.369017467849183 ], [ -71.06789155689485, 42.369013468329079 ], [ -71.067734347913657, 42.36901048397722 ] ] ], [ [ [ -71.070554310168347, 42.368034107041808 ], [ -71.07016072569715, 42.367836545637552 ], [ -71.070574548821028, 42.368015464686181 ], [ -71.070559548285729, 42.368028464679853 ], [ -71.070554310168347, 42.368034107041808 ] ] ] ] } },
{ "type": "Feature", "properties": { "geoid": "25025130101", "neighborhood": "West Roxbury", "sales": 1908, "median_price": 420000.0, "investor_share": 0.10953878406708595, "large_inst_share": 0.028825995807127882, "small_med_share": 0.080712788259958076, "flip_rate": 0.078616352201257858, "buy_flip_rate": 0.078616352201257858, "condo_share": 0.24213836477987422, "r23_share": 0.04979035639412998, "hold_score": -1.7512140174911828, "flip_score": -1.8832984900637635, "dominant": "mixed", "policy_fit": "Layered approach", "r_mhi": 110890.0, "pct_nonwhite": 0.2493386243386243, "pct_black": 0.034060846560846562, "pct_latino": 0.072751322751322747, "percent_owners": 66.8 }, "geometry": { "type": "MultiPolygon", "coordinates": [ [ [ [ -71.178610140799279, 42.294610308714041 ], [ -71.176361149899563, 42.296102312053833 ], [ -71.170438171714082, 42.300021320858711 ], [ -71.169807174439811, 42.300443322092669 ], [ -71.168423178955464, 42.301362324317097 ], [ -71.168288179223168, 42.301449324832831 ], [ -71.168265180276407, 42.301458324451914 ], [ -71.168101179988994, 42.301561324852926 ], [ -71.167915180832651, 42.301688324596711 ], [ -71.1673401832347, 42.302068325708731 ], [ -71.167246183735003, 42.302143325643947 ], [ -71.167107184159505, 42.302234325810659 ], [ -71.166538185768545, 42.302612327203668 ], [ -71.165121192031918, 42.303552329144985 ], [ -71.16470119271446, 42.303830329999236 ], [ -71.164588193197901, 42.303747329754515 ], [ -71.163436193469209, 42.302901331304994 ], [ -71.163165193864529, 42.302702331891609 ], [ -71.162873194193821, 42.302487332291719 ], [ -71.161509194661903, 42.30149433369548 ], [ -71.160103196218671, 42.300454335743161 ], [ -71.158742196321526, 42.299455337230668 ], [ -71.157717197544628, 42.298703338573333 ], [ -71.157204197319132, 42.298327339203823 ], [ -71.156975197430768, 42.298159339346562 ], [ -71.156838198389266, 42.298058339278953 ], [ -71.155749198580025, 42.297258341121029 ], [ -71.155637198114775, 42.297176340518625 ], [ -71.155584198235985, 42.297137341074801 ], [ -71.155551199095427, 42.297113341085513 ], [ -71.155503198127235, 42.29707834130172 ], [ -71.155467198179693, 42.297051341504641 ], [ -71.155451198299403, 42.29704034142226 ], [ -71.155441198727331, 42.297023340832702 ], [ -71.155412199052748, 42.296993341502137 ], [ -71.15487019942772, 42.296613341768328 ], [ -71.154829199478783, 42.296583342266331 ], [ -71.154689198578183, 42.296480341811041 ], [ -71.154497199443526, 42.296339342667018 ], [ -71.153690199533784, 42.295746343744312 ], [ -71.153456199686829, 42.295575343479065 ], [ -71.152508200698094, 42.294879344415435 ], [ -71.152210200321434, 42.294660344910142 ], [ -71.152182200999903, 42.294638345120433 ], [ -71.152147200579662, 42.294613345048383 ], [ -71.152024200929759, 42.294669345830108 ], [ -71.151986201282639, 42.294688345919575 ], [ -71.151134203726485, 42.295113346366108 ], [ -71.150378206812334, 42.295490347735388 ], [ -71.150299206467977, 42.295530348048345 ], [ -71.150247206022527, 42.295371348381089 ], [ -71.150096206660294, 42.294985348596981 ], [ -71.149892204988063, 42.294415347973171 ], [ -71.149826205607283, 42.294252348619167 ], [ -71.149545203569417, 42.293530348398761 ], [ -71.149375203935492, 42.293096348646777 ], [ -71.149884201635402, 42.292960348088968 ], [ -71.15029520145886, 42.292903347280834 ], [ -71.151126198703139, 42.292865346589991 ], [ -71.151438198098589, 42.292869346103181 ], [ -71.151767197343958, 42.29289934558836 ], [ -71.152317197217997, 42.293047344300142 ], [ -71.152690196190321, 42.293206343886482 ], [ -71.152885195705679, 42.293269344359551 ], [ -71.153092195905927, 42.29329134330635 ], [ -71.153254195095855, 42.293283343222605 ], [ -71.153485194983659, 42.29326534336716 ], [ -71.15376519351689, 42.293201343149818 ], [ -71.154308192196467, 42.29297434222002 ], [ -71.154683190745615, 42.292783341223931 ], [ -71.155030189532312, 42.292577340620014 ], [ -71.155655187575974, 42.292108339616235 ], [ -71.15617618487174, 42.291710339503027 ], [ -71.156292184752431, 42.291643338694882 ], [ -71.156555183936405, 42.29153633839433 ], [ -71.156773182716989, 42.291511338284025 ], [ -71.156980182341371, 42.291524338059482 ], [ -71.15725918191734, 42.291550337332872 ], [ -71.157695181697591, 42.2916553366803 ], [ -71.157951180488567, 42.29172333672809 ], [ -71.15841018056355, 42.2918083359394 ], [ -71.158521179748789, 42.291829335732032 ], [ -71.158682179379909, 42.291845336001906 ], [ -71.159101178746425, 42.291855334908988 ], [ -71.159487177337539, 42.291819334596084 ], [ -71.159672177608925, 42.291794333854334 ], [ -71.159980176266444, 42.291733333685478 ], [ -71.160628174281996, 42.29158533290942 ], [ -71.160157174210497, 42.29089633354284 ], [ -71.160592171951848, 42.290555332510529 ], [ -71.160879171315131, 42.290362332721521 ], [ -71.161044170719705, 42.290312332481825 ], [ -71.161289170463021, 42.290217331375025 ], [ -71.161447169783543, 42.2901363315423 ], [ -71.161759168515573, 42.289951331220074 ], [ -71.162055167673046, 42.289737330291295 ], [ -71.162847164788289, 42.289172329304066 ], [ -71.163674161307739, 42.28855332808395 ], [ -71.163970160130248, 42.28831132739478 ], [ -71.164177159274857, 42.28817332686527 ], [ -71.164631156949156, 42.28788932611203 ], [ -71.165317155043823, 42.287479325488718 ], [ -71.165782153360965, 42.287195325200614 ], [ -71.16641015077002, 42.286751324206335 ], [ -71.166998149065165, 42.286322322602125 ], [ -71.167733146151548, 42.285860322139577 ], [ -71.16762314567589, 42.285773322333363 ], [ -71.166135146174312, 42.284529323730006 ], [ -71.165257146811811, 42.28376732449042 ], [ -71.166049144215407, 42.283241323645186 ], [ -71.165326144223684, 42.282611324147382 ], [ -71.164655144035962, 42.282077324896925 ], [ -71.164206144616614, 42.281684325561258 ], [ -71.163468144879829, 42.281085327004952 ], [ -71.162907145212401, 42.280618327335645 ], [ -71.162477144533099, 42.280237328286731 ], [ -71.161959144944973, 42.279818328149545 ], [ -71.161900145316466, 42.279768328333198 ], [ -71.162126144470008, 42.27963732854883 ], [ -71.162437142899194, 42.279487327803494 ], [ -71.162957142002156, 42.279289326756626 ], [ -71.163368140973375, 42.279176326512697 ], [ -71.163858139236723, 42.279078325345807 ], [ -71.164265138394143, 42.279040325060052 ], [ -71.164629137772522, 42.279026325010427 ], [ -71.164733136779788, 42.279023324373171 ], [ -71.165223136650042, 42.279059323563366 ], [ -71.166050134946744, 42.279156322639963 ], [ -71.166343134351891, 42.279186321872977 ], [ -71.167455132059004, 42.279302320433793 ], [ -71.168478129511087, 42.279419319115661 ], [ -71.168719129723215, 42.279452318709026 ], [ -71.169550127248272, 42.27956531772238 ], [ -71.171076124990137, 42.279765315660974 ], [ -71.171217124770024, 42.279784315758334 ], [ -71.17105912603283, 42.280210316084414 ], [ -71.170997125647972, 42.280365316160633 ], [ -71.170944127117735, 42.280604315682254 ], [ -71.170929127396377, 42.280788316608422 ], [ -71.170922127211341, 42.281017315829743 ], [ -71.17092712868822, 42.281217316528554 ], [ -71.170993128851421, 42.281461316677927 ], [ -71.171038128980811, 42.281579316389561 ], [ -71.171098128972673, 42.281740315927429 ], [ -71.171264129289355, 42.282024316080118 ], [ -71.17178212986191, 42.282787315339263 ], [ -71.172047130649631, 42.283212314737384 ], [ -71.172212130083352, 42.28350831515386 ], [ -71.172240130870307, 42.283573314724109 ], [ -71.172338131159293, 42.283802315301294 ], [ -71.172430130857066, 42.284140315054138 ], [ -71.172457132028583, 42.28430731475045 ], [ -71.172488132213545, 42.284633315118853 ], [ -71.172499132873, 42.284823315054275 ], [ -71.172506132891925, 42.284947315235627 ], [ -71.172446133603586, 42.285389315482327 ], [ -71.172415135643917, 42.28583231483271 ], [ -71.172402134778693, 42.285906315684684 ], [ -71.172325136802982, 42.286353315310194 ], [ -71.172229138060999, 42.286762315753975 ], [ -71.172080138206482, 42.287108315901605 ], [ -71.171898139895831, 42.287486316396588 ], [ -71.171716141116576, 42.287760316747928 ], [ -71.171568142329789, 42.287972316747918 ], [ -71.17174514247165, 42.288437317199815 ], [ -71.171791142786105, 42.288549316998193 ], [ -71.171932143119449, 42.288745316669051 ], [ -71.172712143498643, 42.289663316134998 ], [ -71.173560143241019, 42.290717315026598 ], [ -71.173774143975365, 42.290989314842548 ], [ -71.173991143335527, 42.291247314104915 ], [ -71.174021144418333, 42.291282314560668 ], [ -71.174168143715335, 42.291455314034486 ], [ -71.174270143935615, 42.291547313814917 ], [ -71.174381144401522, 42.291647313840805 ], [ -71.17462914324291, 42.29181731360265 ], [ -71.175125143012551, 42.292142312532832 ], [ -71.175152142884158, 42.292159312645872 ], [ -71.175407142420056, 42.292316312176233 ], [ -71.175444143567347, 42.292339312139248 ], [ -71.17569914272849, 42.292557312496385 ], [ -71.175897143311943, 42.292822311869578 ], [ -71.176095142666071, 42.293098311617996 ], [ -71.176229142746664, 42.293262311968356 ], [ -71.176406143780682, 42.293400311083673 ], [ -71.176683143132124, 42.293602310712842 ], [ -71.17695314294356, 42.293773310747554 ], [ -71.177579142083701, 42.294065309941807 ], [ -71.177990141594492, 42.294244309545327 ], [ -71.178055142051662, 42.29427330924473 ], [ -71.178432141236328, 42.294465308643787 ], [ -71.178495140585312, 42.294497308586664 ], [ -71.178635140403671, 42.294595308532429 ], [ -71.178610140799279, 42.294610308714041 ] ] ] ] } },
{ "type": "Feature", "properties": { "geoid": "25025000505", "neighborhood": "Brighton", "sales": 721, "median_price": 318000.0, "investor_share": 0.17475728155339806, "large_inst_share": 0.049930651872399444, "small_med_share": 0.12482662968099861, "flip_rate": 0.076282940360610257, "buy_flip_rate": 0.076282940360610257, "condo_share": 0.94590846047156729, "r23_share": 0.018030513176144243, "hold_score": 1.087820590058721, "flip_score": -2.2258806909105679, "dominant": "holding", "policy_fit": "Transfer fee on high-value sales", "r_mhi": 41125.0, "pct_nonwhite": 0.3702185792349727, "pct_black": 0.06466302367941712, "pct_latino": 0.11065573770491803, "percent_owners": 73.3 }, "geometry": { "type": "MultiPolygon", "coordinates": [ [ [ [ -71.144842320461962, 42.3408813645732 ], [ -71.144473322612541, 42.341011364462972 ], [ -71.144248322824581, 42.341070365214847 ], [ -71.144011323193013, 42.341110365580299 ], [ -71.143724323690293, 42.341124365971744 ], [ -71.143421324245281, 42.341148365984843 ], [ -71.143265324772443, 42.341187366289347 ], [ -71.143098325590884, 42.34124336663978 ], [ -71.143066325366945, 42.341262366995394 ], [ -71.142937326753469, 42.341338367032051 ], [ -71.142699326860082, 42.34154536718615 ], [ -71.142558327863128, 42.341682367377281 ], [ -71.142502328131513, 42.341730367857203 ], [ -71.142367328810764, 42.341889367937064 ], [ -71.1423123291856, 42.341973367724542 ], [ -71.142113329897811, 42.342224368051255 ], [ -71.141517333046991, 42.342952368984363 ], [ -71.14191733244941, 42.343189368370169 ], [ -71.142111332114979, 42.343287368175595 ], [ -71.142312332634944, 42.343409367733997 ], [ -71.142674332042802, 42.343629367645079 ], [ -71.142743331753678, 42.343669367564885 ], [ -71.142834331748446, 42.343721367294194 ], [ -71.142959331107122, 42.343794367307908 ], [ -71.143108331842967, 42.343878366667539 ], [ -71.142790332919361, 42.344369367973712 ], [ -71.142698334078432, 42.34451136758311 ], [ -71.142437334804669, 42.344875368230326 ], [ -71.142305336443158, 42.345073368106874 ], [ -71.142084336884196, 42.3454453689274 ], [ -71.141726339571292, 42.345976369497613 ], [ -71.141697339554142, 42.346020369031528 ], [ -71.141450340129623, 42.345928369503049 ], [ -71.141357339605918, 42.345895369377729 ], [ -71.141237340786816, 42.345853370312888 ], [ -71.141197340832122, 42.345835370310489 ], [ -71.140749341065998, 42.345630370730476 ], [ -71.140518341547804, 42.345523370815954 ], [ -71.140165341395047, 42.345322371369818 ], [ -71.139803341221594, 42.345093371550888 ], [ -71.139547341621139, 42.344945372319884 ], [ -71.139044342550619, 42.344616372343332 ], [ -71.13838634254526, 42.344218373612719 ], [ -71.138245343243454, 42.344126373507528 ], [ -71.137823343445476, 42.343876373845539 ], [ -71.13796534345343, 42.343768373761684 ], [ -71.138496340864862, 42.343338372857687 ], [ -71.138652340393932, 42.343212373208388 ], [ -71.138749339155268, 42.343134372475241 ], [ -71.138808339667577, 42.343087372666844 ], [ -71.138901338822919, 42.343011372293375 ], [ -71.139976335235175, 42.342140370547952 ], [ -71.140069333855905, 42.342089370273918 ], [ -71.140709332316561, 42.341552369333598 ], [ -71.14109432956289, 42.341236369377341 ], [ -71.141297329745612, 42.341070368823381 ], [ -71.141325329374467, 42.341048369320312 ], [ -71.141352328668987, 42.341010368535471 ], [ -71.141448328486049, 42.340876368846999 ], [ -71.141618328100748, 42.340641368335767 ], [ -71.141753326708425, 42.340396367967038 ], [ -71.141895326847305, 42.340436368007929 ], [ -71.142047325984578, 42.340448367554067 ], [ -71.142202325479431, 42.340429367536395 ], [ -71.142433325286234, 42.340308367539699 ], [ -71.142963323702006, 42.340411366797369 ], [ -71.143132323181391, 42.340420366594657 ], [ -71.143320322802126, 42.340412366365854 ], [ -71.143728322653757, 42.340410365491117 ], [ -71.144012321365651, 42.340423365414679 ], [ -71.144238321898385, 42.340468365232951 ], [ -71.144452320976058, 42.340548364998327 ], [ -71.144618320622058, 42.340636364594772 ], [ -71.144691321269832, 42.340707364623562 ], [ -71.144756320800298, 42.340769364001694 ], [ -71.144842320461962, 42.3408813645732 ] ] ] ] } },
{ "type": "Feature", "properties": { "geoid": "25025000604", "neighborhood": "Allston", "sales": 556, "median_price": 290000.0, "investor_share": 0.24280575539568344, "large_inst_share": 0.052158273381294966, "small_med_share": 0.1906474820143885, "flip_rate": 0.095323741007194249, "buy_flip_rate": 0.093525179856115109, "condo_share": 0.73561151079136688, "r23_share": 0.12589928057553956, "hold_score": -0.11867141165403966, "flip_score": -0.35203102371640482, "dominant": "mixed", "policy_fit": "Layered approach", "r_mhi": 44315.0, "pct_nonwhite": 0.46854496333461981, "pct_black": 0.042454650714010035, "pct_latino": 0.13932844461597838, "percent_owners": 69.9 }, "geometry": { "type": "MultiPolygon", "coordinates": [ [ [ [ -71.146510338117622, 42.350417363827304 ], [ -71.145611340852, 42.350786364666 ], [ -71.144961343449253, 42.351073366435088 ], [ -71.144548345373948, 42.351248366589843 ], [ -71.144290345936923, 42.351346366742 ], [ -71.144154346399219, 42.351383367518274 ], [ -71.14398034672918, 42.351433367736441 ], [ -71.143150348977798, 42.351598368540948 ], [ -71.142996349232945, 42.351634368610846 ], [ -71.142788349998995, 42.351673368928772 ], [ -71.142427351094128, 42.35177636934251 ], [ -71.142150351483977, 42.351875369780885 ], [ -71.141924352500155, 42.35194737022011 ], [ -71.141602353655969, 42.352066370509661 ], [ -71.141019354563753, 42.352280371607385 ], [ -71.140265357980667, 42.352543372617092 ], [ -71.139575359566066, 42.352797373667357 ], [ -71.139276360877332, 42.352905374065685 ], [ -71.138996361105981, 42.352992373772899 ], [ -71.138352363327144, 42.353250374964595 ], [ -71.137741365366978, 42.353473376045883 ], [ -71.137491365631348, 42.353514376318316 ], [ -71.137340365903427, 42.353590376263568 ], [ -71.136933367691327, 42.353572376897958 ], [ -71.136826367806293, 42.353567377477766 ], [ -71.136668367855208, 42.353556377634 ], [ -71.135800369100963, 42.35349737855821 ], [ -71.135496369888415, 42.353465378345419 ], [ -71.135386370411936, 42.353454379365026 ], [ -71.134559372563785, 42.353352379757681 ], [ -71.134462372473735, 42.353240380059823 ], [ -71.134523371778172, 42.353112380048415 ], [ -71.135112369008127, 42.352375378765601 ], [ -71.135546366912706, 42.351828378145278 ], [ -71.135643365566807, 42.351695377915235 ], [ -71.135708365854441, 42.351581378595014 ], [ -71.13574036528729, 42.351528378216159 ], [ -71.135887364238826, 42.35125337785226 ], [ -71.136147363104328, 42.350794377283712 ], [ -71.136378361850532, 42.350393377347245 ], [ -71.136535360527148, 42.350194376758971 ], [ -71.136892358773522, 42.349704376023269 ], [ -71.137187356979183, 42.349264376015519 ], [ -71.137382355596259, 42.348982375822288 ], [ -71.137579354578463, 42.348649374826316 ], [ -71.138266354079903, 42.348885374574436 ], [ -71.138409353324221, 42.348926374054749 ], [ -71.138575352621004, 42.348975373563242 ], [ -71.138897352759173, 42.349034373278066 ], [ -71.139083352463118, 42.349048373088564 ], [ -71.139269351667679, 42.349044373125381 ], [ -71.139630351293192, 42.349003372872879 ], [ -71.139730350841617, 42.348977372457632 ], [ -71.139805350938104, 42.348958372651055 ], [ -71.13987934985434, 42.348933371938472 ], [ -71.140042349487615, 42.348866372148379 ], [ -71.140218348677934, 42.348774372156107 ], [ -71.14036534912627, 42.348686371250963 ], [ -71.141012347736549, 42.349014370433565 ], [ -71.141412346837015, 42.349196370723284 ], [ -71.141653347493559, 42.349273369841541 ], [ -71.141840346695602, 42.349315369974029 ], [ -71.142178346532276, 42.349379369083771 ], [ -71.143511343995215, 42.349608367249708 ], [ -71.144052342346114, 42.349696366611589 ], [ -71.144294342496877, 42.349736366816252 ], [ -71.14558533956334, 42.349920364944772 ], [ -71.146441337583852, 42.350061364227493 ], [ -71.147078336919506, 42.350165363357078 ], [ -71.146510338117622, 42.350417363827304 ] ] ] ] } },
{ "type": "Feature", "properties": { "geoid": "25025030301", "neighborhood": "Downtown", "sales": 1253, "median_price": 749900.0, "investor_share": 0.22505985634477255, "large_inst_share": 0.033519553072625698, "small_med_share": 0.19154030327214686, "flip_rate": 0.09018355945730247, "buy_flip_rate": 0.09018355945730247, "condo_share": 0.98004788507581808, "r23_share": 0.0, "hold_score": 1.9912911354479756, "flip_score": -1.3624613246929358, "dominant": "holding", "policy_fit": "Transfer fee on high-value sales", "r_mhi": 157976.0, "pct_nonwhite": 0.16678700361010834, "pct_black": 0.0028880866425992778, "pct_latino": 0.037545126353790613, "percent_owners": 64.7 }, "geometry": { "type": "MultiPolygon", "coordinates": [ [ [ [ -71.049408586792865, 42.36404549190754 ], [ -71.049490586273578, 42.363828491999456 ], [ -71.049675586188442, 42.363843491248701 ], [ -71.049703586015156, 42.363694491192653 ], [ -71.049017587199302, 42.363562491990621 ], [ -71.048365588241978, 42.363569492818876 ], [ -71.048296587217209, 42.363219493389202 ], [ -71.048939585664812, 42.363203492588987 ], [ -71.04894758610925, 42.363307492171522 ], [ -71.049047586690222, 42.36330549210151 ], [ -71.049108585736022, 42.362894492089623 ], [ -71.048342587104912, 42.362962493451377 ], [ -71.048310586482728, 42.362733493308049 ], [ -71.049106584289561, 42.362466492519637 ], [ -71.049592583451201, 42.362602491714235 ], [ -71.049579583498897, 42.362692491459718 ], [ -71.050542581594399, 42.362990490385535 ], [ -71.050554582390717, 42.362927489943786 ], [ -71.050825581140288, 42.363003490230049 ], [ -71.050761580852665, 42.362594489678642 ], [ -71.049764582078524, 42.362387491381369 ], [ -71.049136583580534, 42.362106492117491 ], [ -71.048131585574254, 42.362290493029079 ], [ -71.048080585148071, 42.362111493216773 ], [ -71.048703583850354, 42.361969492482444 ], [ -71.048697584389487, 42.361936492207533 ], [ -71.048669583930163, 42.361794492978625 ], [ -71.048663583594831, 42.361763492242382 ], [ -71.048029585900949, 42.361878493050334 ], [ -71.047964585108275, 42.361712493280294 ], [ -71.049338581515883, 42.361441491698528 ], [ -71.049420581472162, 42.361425491506601 ], [ -71.049545582085216, 42.361693491525841 ], [ -71.049770580566133, 42.361762490927333 ], [ -71.050512580549295, 42.361991490285803 ], [ -71.050602579532665, 42.361881489670594 ], [ -71.050760579557434, 42.361883489575312 ], [ -71.05073457818493, 42.361639490361036 ], [ -71.050648576715346, 42.36082749034729 ], [ -71.050455577665318, 42.360781490465484 ], [ -71.050370577135297, 42.36068349026452 ], [ -71.049678579541975, 42.360795491548565 ], [ -71.049534579194699, 42.360707491575688 ], [ -71.04924958028883, 42.360757492022145 ], [ -71.049285580236784, 42.360658492147252 ], [ -71.049285579997147, 42.360581492079319 ], [ -71.049247579027522, 42.360510492115928 ], [ -71.049178579436258, 42.360461491716705 ], [ -71.04849858109354, 42.360618492546649 ], [ -71.047709583681083, 42.360686493893589 ], [ -71.047632581936227, 42.360224494079667 ], [ -71.047623581875911, 42.360169494129238 ], [ -71.050583574883746, 42.359743489856129 ], [ -71.050544573468031, 42.359347490390846 ], [ -71.048387579604366, 42.359570492779831 ], [ -71.048340579162783, 42.35932449280488 ], [ -71.048494578526615, 42.359298492794053 ], [ -71.048478578039067, 42.359092492914733 ], [ -71.048727577296233, 42.358884492535658 ], [ -71.048681577290381, 42.358741492600373 ], [ -71.049424574423099, 42.358656491562236 ], [ -71.04946957488896, 42.358786491580425 ], [ -71.049537574506928, 42.358780490931494 ], [ -71.049622575412329, 42.358918490838114 ], [ -71.049988574043468, 42.358887490990952 ], [ -71.050233574101156, 42.358867490307283 ], [ -71.05012357294919, 42.358288490821401 ], [ -71.049435574163496, 42.358363491669877 ], [ -71.049372574472116, 42.358134491720115 ], [ -71.049460573456528, 42.358115490924362 ], [ -71.049410572974153, 42.357877491261796 ], [ -71.049547573184938, 42.357852491010867 ], [ -71.049518572240771, 42.357709491319532 ], [ -71.049680571938637, 42.357679491351753 ], [ -71.049635572059429, 42.357492491238681 ], [ -71.049585572076211, 42.357280491137246 ], [ -71.049130572554773, 42.357355491956199 ], [ -71.049414570255934, 42.356796491022955 ], [ -71.04984856949369, 42.356685490686502 ], [ -71.049815569487748, 42.356625490366575 ], [ -71.049801569647542, 42.356600491203096 ], [ -71.049484570538837, 42.356575491524865 ], [ -71.049833567972286, 42.355935490897124 ], [ -71.049904567160624, 42.355806490425152 ], [ -71.050407564204107, 42.354883489492238 ], [ -71.050433564665781, 42.35484649007882 ], [ -71.05047056482978, 42.354898489679435 ], [ -71.05089156368787, 42.355060489516966 ], [ -71.051059563963676, 42.355131488667936 ], [ -71.050921564323843, 42.355574489549923 ], [ -71.050880565065711, 42.355770489539232 ], [ -71.050849565460169, 42.355968489383919 ], [ -71.050789567440717, 42.356378489169401 ], [ -71.050769567960273, 42.356673489710943 ], [ -71.050783567891443, 42.35703248966928 ], [ -71.050808568693711, 42.357152489896386 ], [ -71.050896568290398, 42.357335489075645 ], [ -71.050925569376318, 42.357385489229891 ], [ -71.050993568267799, 42.35746848961891 ], [ -71.051115568636945, 42.357578488854358 ], [ -71.051208568505956, 42.357679488951199 ], [ -71.051271569260663, 42.357755488811357 ], [ -71.051338569226161, 42.357878488628657 ], [ -71.051445569545791, 42.358266488415232 ], [ -71.051581570247777, 42.358762488378261 ], [ -71.051656570554343, 42.359040488942 ], [ -71.05168157087509, 42.359133488289622 ], [ -71.0517195718555, 42.359292488197042 ], [ -71.051816572225206, 42.359615488049307 ], [ -71.051894571935406, 42.359816488309995 ], [ -71.051995572475349, 42.360025488031475 ], [ -71.052153573063848, 42.360270488003515 ], [ -71.052257572159363, 42.360408487817182 ], [ -71.052426572978732, 42.36059648778506 ], [ -71.052655572647794, 42.36079448715595 ], [ -71.052808572550177, 42.360915486821803 ], [ -71.052490573437836, 42.361263487401203 ], [ -71.05232457485603, 42.361440487798461 ], [ -71.052158575685894, 42.361548487893806 ], [ -71.051955576288961, 42.361668488579831 ], [ -71.051377577608918, 42.361940488948981 ], [ -71.051200578148737, 42.362066489285482 ], [ -71.051100579052132, 42.36217448961073 ], [ -71.051062579415813, 42.362248489250049 ], [ -71.051021580113229, 42.362329489531113 ], [ -71.05099958021664, 42.362584489223494 ], [ -71.051044582042735, 42.363333489299301 ], [ -71.051062582360217, 42.36365248999688 ], [ -71.051065582024904, 42.363703489627596 ], [ -71.051083583519343, 42.363995489702823 ], [ -71.051089583109004, 42.364175490075688 ], [ -71.049599586616125, 42.364044491411548 ], [ -71.049408586792865, 42.36404549190754 ] ] ] ] } },
{ "type": "Feature", "properties": { "geoid": "25025081101", "neighborhood": "Jamaica Plain", "sales": 333, "median_price": 250000.0, "investor_share": 0.17417417417417416, "large_inst_share": 0.075075075075075076, "small_med_share": 0.0990990990990991, "flip_rate": 0.078078078078078081, "buy_flip_rate": 0.078078078078078081, "condo_share": 0.93993993993993996, "r23_share": 0.021021021021021023, "hold_score": 0.81290848479841793, "flip_score": -2.0841573076023501, "dominant": "holding", "policy_fit": "Transfer fee on high-value sales", "r_mhi": 70982.0, "pct_nonwhite": 0.45687331536388143, "pct_black": 0.10377358490566038, "pct_latino": 0.10646900269541779, "percent_owners": 69.0 }, "geometry": { "type": "MultiPolygon", "coordinates": [ [ [ [ -71.115018349141366, 42.323642400847326 ], [ -71.11490635046863, 42.32381840074688 ], [ -71.114812350471368, 42.324060401105179 ], [ -71.11470835154546, 42.32430640119329 ], [ -71.114659351544901, 42.324394401945597 ], [ -71.114500352298819, 42.324587401728749 ], [ -71.114304353477792, 42.324732402228904 ], [ -71.114043354021931, 42.324868402767954 ], [ -71.113598355949435, 42.32506840320513 ], [ -71.113353356971231, 42.325184403683899 ], [ -71.11316835721027, 42.325285404023958 ], [ -71.113032357713465, 42.325401404024809 ], [ -71.112917357949911, 42.325538403699412 ], [ -71.112855359182106, 42.325707404415425 ], [ -71.112827358964964, 42.325876404332583 ], [ -71.112823360262851, 42.32652140401806 ], [ -71.112806361399564, 42.326642404845096 ], [ -71.112751361364587, 42.326820404067739 ], [ -71.112619362173504, 42.327065404870915 ], [ -71.112362364379038, 42.327436405314963 ], [ -71.112225365067417, 42.327657404954195 ], [ -71.112198365080062, 42.327712405597161 ], [ -71.112094365192334, 42.327927405155904 ], [ -71.111969367149342, 42.328360405660334 ], [ -71.111961367417223, 42.328387405489991 ], [ -71.111932367485181, 42.328653405695221 ], [ -71.11193636833562, 42.328779406318624 ], [ -71.111941368595637, 42.328911406267814 ], [ -71.111977368294305, 42.329210405474925 ], [ -71.112031368406917, 42.329362406003277 ], [ -71.112283369239947, 42.329808405212006 ], [ -71.112551369110818, 42.330160404952416 ], [ -71.112890370208831, 42.330593404781524 ], [ -71.11299237038503, 42.330734404530894 ], [ -71.113057369747267, 42.330855404816049 ], [ -71.113072370471045, 42.330906404691454 ], [ -71.113136369840007, 42.331150405039971 ], [ -71.113146370191586, 42.331319404829507 ], [ -71.113112371266467, 42.331529404501495 ], [ -71.113059371772422, 42.331773404620435 ], [ -71.113055372350544, 42.331804404464222 ], [ -71.113015372860673, 42.331932405001353 ], [ -71.112896372769669, 42.331943404914654 ], [ -71.112722373202686, 42.331954404963973 ], [ -71.112310373580939, 42.331999406197056 ], [ -71.112297374562218, 42.332003405591472 ], [ -71.112095374665898, 42.331940406122605 ], [ -71.112013374488896, 42.331837406046226 ], [ -71.111826373414132, 42.331384406425791 ], [ -71.111592372517535, 42.330787406932082 ], [ -71.111329372743143, 42.330137406712339 ], [ -71.111296371671926, 42.33006640695195 ], [ -71.111100371286241, 42.329639407518229 ], [ -71.110905370789553, 42.329244407527533 ], [ -71.110831371143647, 42.329073407398262 ], [ -71.110781370141453, 42.328929407229211 ], [ -71.110747370583908, 42.328798407424138 ], [ -71.110737369902139, 42.328761407504714 ], [ -71.110712369655133, 42.328644407106978 ], [ -71.110713369352979, 42.328482407097681 ], [ -71.110746369200172, 42.328252407265204 ], [ -71.110807368623639, 42.327983406909929 ], [ -71.11089936749336, 42.32766140665607 ], [ -71.110956367132914, 42.327511407042266 ], [ -71.110997366337273, 42.327401407357868 ], [ -71.111136366078867, 42.327056406698468 ], [ -71.111311364470623, 42.326692406185899 ], [ -71.111394364175794, 42.326535406193557 ], [ -71.111444363247102, 42.326441406165955 ], [ -71.111608362812191, 42.326179405562549 ], [ -71.111897361397311, 42.325718405147676 ], [ -71.112010360231594, 42.325489404950005 ], [ -71.112108359744354, 42.325207405015661 ], [ -71.112185358766709, 42.324963404915628 ], [ -71.112232357843624, 42.324738405141716 ], [ -71.112258357096323, 42.324552404616156 ], [ -71.112269357192488, 42.324323404945389 ], [ -71.112257355779263, 42.323906404679441 ], [ -71.11223935562677, 42.323587404646375 ], [ -71.112201354725428, 42.323125404517072 ], [ -71.112827353732669, 42.323187403451094 ], [ -71.113259352724185, 42.323216403551513 ], [ -71.113851351301278, 42.323278402279755 ], [ -71.11409735086599, 42.32330740195809 ], [ -71.114352349610328, 42.323359401412013 ], [ -71.11466734966865, 42.323432401793852 ], [ -71.1150773494643, 42.323573400816905 ], [ -71.115018349141366, 42.323642400847326 ] ] ] ] } },
{ "type": "Feature", "properties": { "geoid": "25025081102", "neighborhood": "Mission Hill", "sales": 634, "median_price": 350000.0, "investor_share": 0.26182965299684541, "large_inst_share": 0.070977917981072558, "small_med_share": 0.19085173501577288, "flip_rate": 0.086750788643533125, "buy_flip_rate": 0.086750788643533125, "condo_share": 0.67507886435331232, "r23_share": 0.20347003154574134, "hold_score": 0.26821817256948188, "flip_score": -0.44493373723579427, "dominant": "mixed", "policy_fit": "Layered approach", "r_mhi": 67206.0, "pct_nonwhite": 0.60568720379146912, "pct_black": 0.16714060031595576, "pct_latino": 0.16050552922590838, "percent_owners": 66.4 }, "geometry": { "type": "MultiPolygon", "coordinates": [ [ [ [ -71.112115374964958, 42.332055405914289 ], [ -71.111983375308682, 42.332111406307355 ], [ -71.111874375479204, 42.332157406292133 ], [ -71.11182837541692, 42.332176406574057 ], [ -71.11151637701613, 42.332365406744835 ], [ -71.111210377880454, 42.33250840696433 ], [ -71.110973378625587, 42.332666407307592 ], [ -71.110805379004276, 42.332756408374507 ], [ -71.110415380730629, 42.332959408505012 ], [ -71.110238381510499, 42.33304440863774 ], [ -71.110098382169042, 42.333097408787388 ], [ -71.109868382270918, 42.33315940891962 ], [ -71.109590382398693, 42.333199409945863 ], [ -71.109585382366021, 42.333074409780643 ], [ -71.109567381962663, 42.332563409787689 ], [ -71.109564381001832, 42.332166409883584 ], [ -71.109576380242117, 42.332006409079135 ], [ -71.109593379209599, 42.331437409345078 ], [ -71.109601379031432, 42.331216409056132 ], [ -71.109581378662924, 42.331065409653881 ], [ -71.109560378142803, 42.330967408928451 ], [ -71.109538378223817, 42.330938409603071 ], [ -71.109507377628717, 42.330898409634088 ], [ -71.109352378150206, 42.330834409817626 ], [ -71.108900379308622, 42.330715410407727 ], [ -71.108500379715522, 42.330597410917207 ], [ -71.108114380460322, 42.330494411615419 ], [ -71.108026380053957, 42.330470411468369 ], [ -71.106953382224717, 42.33020341231903 ], [ -71.106773381871534, 42.330153413147741 ], [ -71.106523382735915, 42.330084412983702 ], [ -71.106263384557579, 42.330616413288695 ], [ -71.103513389114696, 42.32991941759348 ], [ -71.102852390093489, 42.329773418265212 ], [ -71.102610390654377, 42.329730418780848 ], [ -71.102004392186458, 42.329588419153332 ], [ -71.101525393298928, 42.329467420074984 ], [ -71.101392392678349, 42.329410419759625 ], [ -71.101275392989464, 42.329350420071471 ], [ -71.101163392599986, 42.329263420671296 ], [ -71.100781392662441, 42.328892420808337 ], [ -71.100389392877872, 42.328489421728207 ], [ -71.100100393618106, 42.328206421438558 ], [ -71.099615394341939, 42.328062422434911 ], [ -71.09936739437984, 42.32799542214083 ], [ -71.099424393877669, 42.327826422043266 ], [ -71.099533392800112, 42.327546422025115 ], [ -71.099621391237903, 42.327092421732779 ], [ -71.099679391469721, 42.326847422079346 ], [ -71.099744390586707, 42.326716422272035 ], [ -71.099846389553676, 42.326612421385569 ], [ -71.100112389054914, 42.326418421184016 ], [ -71.100790387765841, 42.326424420461727 ], [ -71.101185387247227, 42.326426419494879 ], [ -71.101345386345031, 42.326419419923397 ], [ -71.101690385229475, 42.326398419593033 ], [ -71.101793385041347, 42.326392419340003 ], [ -71.102124383921065, 42.326365418277412 ], [ -71.102290384468319, 42.326348418776107 ], [ -71.102697382716883, 42.326303418214152 ], [ -71.102904382372586, 42.326281417891607 ], [ -71.103673380209159, 42.326180416352649 ], [ -71.104057379773181, 42.326138416120799 ], [ -71.104187379511771, 42.326121415958347 ], [ -71.104355379206226, 42.326099415620945 ], [ -71.104617377770822, 42.326092414885835 ], [ -71.1048843771229, 42.326093414550215 ], [ -71.105230376544128, 42.326114414790972 ], [ -71.105444376645536, 42.326127413980039 ], [ -71.105646376440788, 42.326163413757882 ], [ -71.105934375224564, 42.326248413862849 ], [ -71.106286374899213, 42.326368413470156 ], [ -71.106543374304337, 42.326510412481127 ], [ -71.10659137438688, 42.326536412460825 ], [ -71.106884374150496, 42.326719412629181 ], [ -71.107079374983741, 42.326850412027568 ], [ -71.107180374145457, 42.326898412375492 ], [ -71.107394374464334, 42.32696841186381 ], [ -71.107810372771695, 42.327124411048516 ], [ -71.108214373330668, 42.327264411023272 ], [ -71.108332372518802, 42.327318410210395 ], [ -71.108587372241203, 42.327461410614575 ], [ -71.108778372407414, 42.327583410337503 ], [ -71.109253372356349, 42.327929409483644 ], [ -71.109403372271814, 42.328037408794977 ], [ -71.109820371580327, 42.328342408996079 ], [ -71.109866371784022, 42.328375408691969 ], [ -71.110014371478613, 42.328487408511627 ], [ -71.110428370546629, 42.328759407713854 ], [ -71.110640370392403, 42.328915407499125 ], [ -71.110831371143647, 42.329073407398262 ], [ -71.110905370789553, 42.329244407527533 ], [ -71.111100371286241, 42.329639407518229 ], [ -71.111296371671926, 42.33006640695195 ], [ -71.111329372743143, 42.330137406712339 ], [ -71.111592372517535, 42.330787406932082 ], [ -71.111826373414132, 42.331384406425791 ], [ -71.112013374488896, 42.331837406046226 ], [ -71.112095374665898, 42.331940406122605 ], [ -71.112297374562218, 42.332003405591472 ], [ -71.112115374964958, 42.332055405914289 ] ] ] ] } },
{ "type": "Feature", "properties": { "geoid": "25025070202", "neighborhood": "Chinatown", "sales": 387, "median_price": 535000.0, "investor_share": 0.27131782945736432, "large_inst_share": 0.072351421188630485, "small_med_share": 0.19896640826873385, "flip_rate": 0.069767441860465115, "buy_flip_rate": 0.067183462532299745, "condo_share": 0.7441860465116279, "r23_share": 0.051679586563307491, "hold_score": 1.7939353773368221, "flip_score": -2.5765560170254922, "dominant": "holding", "policy_fit": "Transfer fee on high-value sales", "r_mhi": 38854.0, "pct_nonwhite": 0.70549450549450543, "pct_black": 0.034065934065934063, "pct_latino": 0.070146520146520147, "percent_owners": 76.7 }, "geometry": { "type": "MultiPolygon", "coordinates": [ [ [ [ -71.064561527390083, 42.352383471492466 ], [ -71.064061528064727, 42.352336472242108 ], [ -71.063974528690494, 42.352328472026329 ], [ -71.063844528307342, 42.352317471893208 ], [ -71.063552528622921, 42.352312472429951 ], [ -71.063508529347843, 42.352317472258044 ], [ -71.063267529738013, 42.352316472911575 ], [ -71.063037530260885, 42.352337472959071 ], [ -71.062574531765122, 42.352399473753486 ], [ -71.062412531585807, 42.352407474310773 ], [ -71.06190953261914, 42.352446474460166 ], [ -71.061330534143266, 42.352491475658859 ], [ -71.061050534980097, 42.352516475515579 ], [ -71.060665536465663, 42.352548475926156 ], [ -71.060569536899038, 42.35255047611323 ], [ -71.060118537558495, 42.352558477355252 ], [ -71.059827537926111, 42.352548477441921 ], [ -71.059347539341786, 42.35250747794575 ], [ -71.058637540516216, 42.352446479205845 ], [ -71.058397540508437, 42.35240147892587 ], [ -71.0582585408646, 42.352382479346716 ], [ -71.058200541001369, 42.352373479659505 ], [ -71.058091541373244, 42.352360479401028 ], [ -71.0580085414298, 42.352350479681164 ], [ -71.058170541574555, 42.352288479514321 ], [ -71.058413540822272, 42.352152479089135 ], [ -71.058595539760347, 42.352033479284522 ], [ -71.058784538697736, 42.35188247905365 ], [ -71.058967538371718, 42.351700478262131 ], [ -71.059141537493858, 42.351481478491202 ], [ -71.059255536668886, 42.351285477911674 ], [ -71.059331536441007, 42.351111477934367 ], [ -71.059374535941501, 42.351120478118517 ], [ -71.059507535642254, 42.351149478139909 ], [ -71.059553535554244, 42.351158478042628 ], [ -71.059874535050255, 42.351228477290967 ], [ -71.060224531745448, 42.350262476306618 ], [ -71.06063552929372, 42.349246476194217 ], [ -71.061037526148013, 42.348240475648154 ], [ -71.061094525401572, 42.348114475734178 ], [ -71.061192524034823, 42.347930475100519 ], [ -71.061257523768404, 42.347809475235465 ], [ -71.061367523851231, 42.347640474982533 ], [ -71.061753521205802, 42.347221474479873 ], [ -71.061920521569675, 42.347118474336853 ], [ -71.062086520566965, 42.347053474197288 ], [ -71.062268519749935, 42.347007474168372 ], [ -71.06237751963782, 42.346994473661354 ], [ -71.062450520238102, 42.346985473861295 ], [ -71.062636518715919, 42.34699047294307 ], [ -71.062771519429347, 42.347005472797484 ], [ -71.062960519242097, 42.347058472867033 ], [ -71.063007518761481, 42.346931472482616 ], [ -71.063038517677583, 42.346850472971219 ], [ -71.063150517839304, 42.346880473009215 ], [ -71.064330515407704, 42.34716547066644 ], [ -71.064433516256415, 42.347186471148355 ], [ -71.064410515829763, 42.347343470703684 ], [ -71.064387516405233, 42.347439470930738 ], [ -71.064296517684298, 42.347822470832817 ], [ -71.064149518882289, 42.348405471783892 ], [ -71.06395852105527, 42.349078471772962 ], [ -71.063840521823209, 42.349485472362574 ], [ -71.063773523126329, 42.34963247188999 ], [ -71.06367752341211, 42.349822471862055 ], [ -71.063569524382459, 42.350009472364057 ], [ -71.063430524819324, 42.350211472812255 ], [ -71.06335852476208, 42.350316472480962 ], [ -71.063338525246721, 42.350345472395155 ], [ -71.063208525526576, 42.350516472762983 ], [ -71.063145526582232, 42.350620472937209 ], [ -71.063029526912004, 42.350793472695017 ], [ -71.062966527273616, 42.350916473426032 ], [ -71.062883527645411, 42.35111747323851 ], [ -71.062760529288738, 42.351508473399832 ], [ -71.063283527426535, 42.351548473161301 ], [ -71.064214525781651, 42.351659471731026 ], [ -71.064724525598322, 42.351708470820128 ], [ -71.064561527390083, 42.352383471492466 ] ] ] ] } },
{ "type": "Feature", "properties": { "geoid": "25025000805", "neighborhood": "Allston", "sales": 416, "median_price": 426500.0, "investor_share": 0.46875, "large_inst_share": 0.09375, "small_med_share": 0.375, "flip_rate": 0.10096153846153846, "buy_flip_rate": 0.09375, "condo_share": 0.4375, "r23_share": 0.27884615384615385, "hold_score": 0.38849022259737109, "flip_score": 0.72196508106498802, "dominant": "mixed", "policy_fit": "Layered approach", "r_mhi": 44625.0, "pct_nonwhite": 0.52469670710571925, "pct_black": 0.038128249566724434, "pct_latino": 0.11525129982668977, "percent_owners": 80.7 }, "geometry": { "type": "MultiPolygon", "coordinates": [ [ [ [ -71.137074367006221, 42.353712377207245 ], [ -71.136746368661392, 42.353839377349651 ], [ -71.13667836800812, 42.353866377417376 ], [ -71.136282370193726, 42.354041378181854 ], [ -71.136023370628436, 42.354143378223156 ], [ -71.135718371434066, 42.354273378633088 ], [ -71.135078373303827, 42.354543379499411 ], [ -71.134495374943768, 42.354789380682213 ], [ -71.134394376066055, 42.354836380684233 ], [ -71.134012377060586, 42.354995381293776 ], [ -71.133590378304731, 42.355170381901011 ], [ -71.13327437880686, 42.355316382120705 ], [ -71.132765380589575, 42.355537382534301 ], [ -71.132403382360664, 42.355712383034607 ], [ -71.132215382374241, 42.355783383863205 ], [ -71.131395385290432, 42.356105384377251 ], [ -71.131189385408788, 42.356095384601595 ], [ -71.130272387023254, 42.355960386217454 ], [ -71.129904387961588, 42.355921386407658 ], [ -71.128407390524657, 42.355705388575593 ], [ -71.127270393146588, 42.355550390153368 ], [ -71.126156394964909, 42.355390391085564 ], [ -71.125087397989702, 42.355236392338917 ], [ -71.124777397761775, 42.355192392931478 ], [ -71.124101399692094, 42.35509639415038 ], [ -71.122846401488516, 42.354918395156268 ], [ -71.121643404011451, 42.354746397239367 ], [ -71.12072840569283, 42.354615398466834 ], [ -71.120693405199418, 42.354479398046244 ], [ -71.120831404188209, 42.353824397944841 ], [ -71.120986402226592, 42.353101398077989 ], [ -71.121039401551855, 42.352892397805022 ], [ -71.121111400231726, 42.352529397262593 ], [ -71.121259399022307, 42.351872397374905 ], [ -71.121650397411031, 42.35192039637429 ], [ -71.122202397291474, 42.351988396142602 ], [ -71.122805395938826, 42.352062395255331 ], [ -71.123198394475878, 42.352110394639567 ], [ -71.123801393152149, 42.352195393649431 ], [ -71.124059393317978, 42.352223393369243 ], [ -71.124235392508837, 42.352242393692613 ], [ -71.1244093924971, 42.352232393422348 ], [ -71.1245743913735, 42.352223392544722 ], [ -71.124862391514355, 42.352228392355158 ], [ -71.12502339101205, 42.35223639234696 ], [ -71.125200390400224, 42.352245392245699 ], [ -71.125909389309697, 42.352324391054317 ], [ -71.126902387747478, 42.352434390037807 ], [ -71.126916387401309, 42.352435389746169 ], [ -71.12770938543585, 42.35252938844544 ], [ -71.128343384225531, 42.352604387887496 ], [ -71.129384382322058, 42.352732386686192 ], [ -71.129508382362886, 42.352747386071357 ], [ -71.13016638046328, 42.352828385632634 ], [ -71.131277378446597, 42.352949384569996 ], [ -71.132105377078787, 42.353061383514202 ], [ -71.133114374959746, 42.353173382172578 ], [ -71.13317737430188, 42.353181381363278 ], [ -71.133637374418853, 42.353238381456237 ], [ -71.134001373368221, 42.353283380486403 ], [ -71.134446372113786, 42.353338380487507 ], [ -71.134559372563785, 42.353352379757681 ], [ -71.135386370411936, 42.353454379365026 ], [ -71.135496369888415, 42.353465378345419 ], [ -71.135800369100963, 42.35349737855821 ], [ -71.136668367855208, 42.353556377634 ], [ -71.136826367806293, 42.353567377477766 ], [ -71.136933367691327, 42.353572376897958 ], [ -71.137340365903427, 42.353590376263568 ], [ -71.137074367006221, 42.353712377207245 ] ] ] ] } },
{ "type": "Feature", "properties": { "geoid": "25025081302", "neighborhood": "Roxbury", "sales": 268, "median_price": 286000.0, "investor_share": 0.44029850746268656, "large_inst_share": 0.19776119402985073, "small_med_share": 0.24253731343283583, "flip_rate": 0.085820895522388058, "buy_flip_rate": 0.085820895522388058, "condo_share": 0.41791044776119401, "r23_share": 0.22388059701492538, "hold_score": -0.84647406347818821, "flip_score": -0.39357993261138713, "dominant": "mixed", "policy_fit": "Layered approach", "r_mhi": 24597.0, "pct_nonwhite": 0.91720779220779225, "pct_black": 0.38506493506493505, "pct_latino": 0.45941558441558439, "percent_owners": 73.4 }, "geometry": { "type": "MultiPolygon", "coordinates": [ [ [ [ -71.098629386791288, 42.324116423188087 ], [ -71.098619387459564, 42.324196422741466 ], [ -71.098589387264099, 42.324337423106769 ], [ -71.098538388255847, 42.324523423432282 ], [ -71.098397390159874, 42.324934423626281 ], [ -71.098324389807701, 42.325140423576578 ], [ -71.098244390589755, 42.325391423680962 ], [ -71.097960393587996, 42.326227424614174 ], [ -71.097897394189189, 42.326252424296179 ], [ -71.097814394255977, 42.326281424225968 ], [ -71.097232395206817, 42.326258425604351 ], [ -71.096718396585771, 42.326233426206016 ], [ -71.096522397139751, 42.326202426614095 ], [ -71.096627396526287, 42.326009426008547 ], [ -71.096698395480018, 42.325867425714847 ], [ -71.096604395747178, 42.325778425922778 ], [ -71.096660395150764, 42.325616426084963 ], [ -71.096704394698875, 42.325468426033574 ], [ -71.09671939428128, 42.325307425728155 ], [ -71.096699394351262, 42.325126425947104 ], [ -71.096679394202454, 42.325026425722683 ], [ -71.096636393050119, 42.324936425416446 ], [ -71.096546393712131, 42.324799425936433 ], [ -71.096390393652968, 42.324612426405615 ], [ -71.096277393243767, 42.324469426522526 ], [ -71.096129393665507, 42.324336426520986 ], [ -71.095952393836527, 42.324161426471761 ], [ -71.095853392856313, 42.324050426831661 ], [ -71.095653393336306, 42.323727426901996 ], [ -71.095558392766108, 42.323573426736615 ], [ -71.095516393193321, 42.32351942691858 ], [ -71.095397392132625, 42.323250427540209 ], [ -71.095362392891715, 42.32313342709184 ], [ -71.095334392722449, 42.323001427126229 ], [ -71.095309391031563, 42.322472427057058 ], [ -71.095297390034759, 42.322234427616252 ], [ -71.095333390773447, 42.322112427381832 ], [ -71.095397390147994, 42.322054426863758 ], [ -71.095107390483179, 42.321923427612724 ], [ -71.094298391367388, 42.3214714281985 ], [ -71.093909391491891, 42.321246428629685 ], [ -71.093317391911526, 42.320919430172744 ], [ -71.093145392289543, 42.320800430024789 ], [ -71.093589390467059, 42.320456429623022 ], [ -71.094039388457418, 42.320071428478464 ], [ -71.09435438653442, 42.319756428160112 ], [ -71.094477386328208, 42.319637427817625 ], [ -71.095040383895267, 42.319094427555086 ], [ -71.095304383304168, 42.318825426579416 ], [ -71.096420378383456, 42.317687425654512 ], [ -71.096798376761441, 42.317326424753027 ], [ -71.096949375345091, 42.317165424745376 ], [ -71.097085374785422, 42.317028424303572 ], [ -71.096946374939819, 42.316968424786566 ], [ -71.095647375991192, 42.316307426530315 ], [ -71.095468376124657, 42.316216425939892 ], [ -71.095168376924732, 42.316067426878057 ], [ -71.094802377474124, 42.315868426910576 ], [ -71.094578377530922, 42.315757427364282 ], [ -71.094419377559589, 42.315685427992307 ], [ -71.094273378352071, 42.315634427794954 ], [ -71.094125378402282, 42.315599427632151 ], [ -71.093911378493758, 42.315565428485144 ], [ -71.093558379617775, 42.315515429115102 ], [ -71.093617378579751, 42.315240428497994 ], [ -71.093680377927939, 42.315016428514312 ], [ -71.09375537743469, 42.314785428764324 ], [ -71.093820377046427, 42.314541428444045 ], [ -71.09385837665809, 42.314457428093171 ], [ -71.093937375555072, 42.314320427984484 ], [ -71.094087375742106, 42.31414242779136 ], [ -71.094173374287635, 42.314061428225052 ], [ -71.094394373661927, 42.31387642722958 ], [ -71.094789371904412, 42.313574427039129 ], [ -71.095037371696833, 42.313382426517961 ], [ -71.095144371411521, 42.313282426488399 ], [ -71.095487370778429, 42.31354042572427 ], [ -71.096064370871787, 42.313951425384126 ], [ -71.096429370362316, 42.314211424777376 ], [ -71.09679736995048, 42.314476423856441 ], [ -71.097317369531908, 42.314845423572976 ], [ -71.097448369905834, 42.314930423835776 ], [ -71.097817369185918, 42.315207423140301 ], [ -71.098190369339321, 42.315460422492997 ], [ -71.098290369175189, 42.3156624222636 ], [ -71.098307368795247, 42.31578942263355 ], [ -71.098310369814101, 42.315929422093319 ], [ -71.098325369602037, 42.316107422688141 ], [ -71.098324370630252, 42.316284422068989 ], [ -71.098343371756982, 42.316880422825811 ], [ -71.09835937396663, 42.317688422980581 ], [ -71.098368374447631, 42.318124423034774 ], [ -71.098376374694041, 42.31840542271496 ], [ -71.09838137537065, 42.31863242292409 ], [ -71.098401376448891, 42.31904742228744 ], [ -71.098411377909983, 42.319572422693959 ], [ -71.098430379017984, 42.320368422899165 ], [ -71.098435380261876, 42.320603423043416 ], [ -71.09847238264193, 42.321726422975523 ], [ -71.098472382331934, 42.321780422718426 ], [ -71.098534384650421, 42.322604423330176 ], [ -71.098580384664885, 42.323102423098028 ], [ -71.098616386282046, 42.323564422887408 ], [ -71.098635386515909, 42.323959422711688 ], [ -71.098629386791288, 42.324116423188087 ] ] ] ] } },
{ "type": "Feature", "properties": { "geoid": "25025110106", "neighborhood": "Jamaica Plain", "sales": 447, "median_price": 359000.0, "investor_share": 0.096196868008948541, "large_inst_share": 0.029082774049217001, "small_med_share": 0.067114093959731544, "flip_rate": 0.062639821029082776, "buy_flip_rate": 0.062639821029082776, "condo_share": 0.54809843400447422, "r23_share": 0.116331096196868, "hold_score": -0.7075907410562835, "flip_score": -2.6153405558092659, "dominant": "holding", "policy_fit": "Transfer fee on high-value sales", "r_mhi": 0.0, "pct_nonwhite": 0.47640117994100295, "pct_black": 0.11799410029498525, "pct_latino": 0.25663716814159293, "percent_owners": 64.9 }, "geometry": { "type": "MultiPolygon", "coordinates": [ [ [ [ -71.119258265402379, 42.290486390469027 ], [ -71.119234265610189, 42.290751390082121 ], [ -71.119170267483653, 42.291205390488443 ], [ -71.119078268841264, 42.291715390340322 ], [ -71.118941269667502, 42.292214390458881 ], [ -71.118819270694118, 42.292527391260926 ], [ -71.118538273215194, 42.293152391840721 ], [ -71.118414273451563, 42.293409391355105 ], [ -71.118328274807666, 42.29358939181283 ], [ -71.117961277197821, 42.294298392250703 ], [ -71.117862277476476, 42.294471392501414 ], [ -71.117012283029069, 42.295828394316409 ], [ -71.116734284318568, 42.29623639461699 ], [ -71.116215285162056, 42.296068395464047 ], [ -71.116025284978633, 42.295933395639622 ], [ -71.11595528443948, 42.2958383953046 ], [ -71.115915284373557, 42.29569539575914 ], [ -71.115855284061681, 42.295411395501397 ], [ -71.115828284287446, 42.29522039575329 ], [ -71.115760283451635, 42.295054395305115 ], [ -71.115636283850165, 42.294868395552314 ], [ -71.115367283132699, 42.294572396195484 ], [ -71.115091283953774, 42.294401396529679 ], [ -71.114233284809529, 42.293896397298248 ], [ -71.113999284648813, 42.293740398082747 ], [ -71.11396828447505, 42.293714397726859 ], [ -71.11375728504909, 42.293538398561246 ], [ -71.113399284927809, 42.293118398562171 ], [ -71.113500283784504, 42.293000398253419 ], [ -71.113631283270792, 42.292824397818379 ], [ -71.113899282151962, 42.29248239737678 ], [ -71.114219280087596, 42.292022397389665 ], [ -71.11432827933659, 42.291834396906431 ], [ -71.114431278528741, 42.291572396676862 ], [ -71.11447527765074, 42.291346396838499 ], [ -71.114483278199856, 42.291188396584545 ], [ -71.11444227711209, 42.290818396565719 ], [ -71.114401276596382, 42.290649396781838 ], [ -71.114595276481538, 42.290641396521053 ], [ -71.11466727571333, 42.290629396552603 ], [ -71.114723276431093, 42.290606396149734 ], [ -71.114827276090864, 42.290553396515158 ], [ -71.115773272429735, 42.29010139524258 ], [ -71.116257270776117, 42.289887393865797 ], [ -71.116532269475243, 42.289760393403242 ], [ -71.116468269706388, 42.289647393740481 ], [ -71.116368269703202, 42.289400393713194 ], [ -71.11631826935114, 42.28927139372113 ], [ -71.116269269456055, 42.289126394192373 ], [ -71.116485268348868, 42.289105393634067 ], [ -71.116586268507533, 42.289111393527435 ], [ -71.116795268128541, 42.289154393043866 ], [ -71.116960267340531, 42.289208393064264 ], [ -71.11711126779457, 42.289316393078067 ], [ -71.117225267479526, 42.289467392275789 ], [ -71.117274267870371, 42.289634392934545 ], [ -71.11725926866356, 42.28986439237255 ], [ -71.117410267585825, 42.289821392604658 ], [ -71.117532268051718, 42.289827392245897 ], [ -71.11817126634206, 42.289883391902769 ], [ -71.118142266784602, 42.290157391235461 ], [ -71.119083265364381, 42.290208390123709 ], [ -71.119281265380337, 42.29023538990247 ], [ -71.119258265402379, 42.290486390469027 ] ] ] ] } },
{ "type": "Feature", "properties": { "geoid": "25025070502", "neighborhood": "South End", "sales": 1236, "median_price": 675000.0, "investor_share": 0.14320388349514562, "large_inst_share": 0.027508090614886731, "small_med_share": 0.1156957928802589, "flip_rate": 0.10598705501618123, "buy_flip_rate": 0.10598705501618123, "condo_share": 0.91828478964401294, "r23_share": 0.010517799352750809, "hold_score": 0.60274225005481741, "flip_score": -0.20462166897369261, "dominant": "holding", "policy_fit": "Transfer fee on high-value sales", "r_mhi": 16162.0, "pct_nonwhite": 0.54494547597995879, "pct_black": 0.074860005894488657, "pct_latino": 0.2549366342469791, "percent_owners": 53.2 }, "geometry": { "type": "MultiPolygon", "coordinates": [ [ [ [ -71.077371473027739, 42.340931453641431 ], [ -71.076591475788135, 42.341336454559531 ], [ -71.075981477526241, 42.341659455334899 ], [ -71.075348479984328, 42.341991456418683 ], [ -71.07458548244955, 42.342408456980927 ], [ -71.073815484259597, 42.342800457812558 ], [ -71.073754485044404, 42.342831458432649 ], [ -71.073156487620551, 42.343160459435495 ], [ -71.072816488278434, 42.343341459667634 ], [ -71.07231348991553, 42.343608460190197 ], [ -71.071862491240992, 42.343833460757487 ], [ -71.071583492120979, 42.343976461554938 ], [ -71.070952492660567, 42.343422462205915 ], [ -71.070323492792284, 42.34289946294966 ], [ -71.069896492709063, 42.342552463195794 ], [ -71.070592490510677, 42.342120462508099 ], [ -71.071084489120622, 42.341845461729115 ], [ -71.071413487867872, 42.341661460913329 ], [ -71.071604487520162, 42.341549461162231 ], [ -71.07207448554513, 42.341286460635509 ], [ -71.072750482412786, 42.340841459543363 ], [ -71.072527482262288, 42.340544459589225 ], [ -71.072432483173841, 42.340477459536253 ], [ -71.07182548267842, 42.340056460421131 ], [ -71.072503481066661, 42.339615460057217 ], [ -71.072644480484755, 42.339514459745928 ], [ -71.073629475897505, 42.338869458428057 ], [ -71.073786475391657, 42.338759458171793 ], [ -71.074287473381744, 42.338421457314233 ], [ -71.074994470934755, 42.337931456543231 ], [ -71.075379471334386, 42.338257455270011 ], [ -71.075568471025633, 42.338415455840988 ], [ -71.075959470590107, 42.338724454657068 ], [ -71.075589472637517, 42.338985455268713 ], [ -71.075268473706515, 42.339211455774503 ], [ -71.075588473011663, 42.339495455298412 ], [ -71.075883473634832, 42.339757454880647 ], [ -71.076955472562332, 42.34060045385543 ], [ -71.077255472935605, 42.340836453333182 ], [ -71.077371473027739, 42.340931453641431 ] ] ] ] } },
{ "type": "Feature", "properties": { "geoid": "25025000101", "neighborhood": "Allston", "sales": 299, "median_price": 510000.0, "investor_share": 0.35451505016722407, "large_inst_share": 0.14381270903010032, "small_med_share": 0.21070234113712374, "flip_rate": 0.046822742474916385, "buy_flip_rate": 0.046822742474916385, "condo_share": 0.26421404682274247, "r23_share": 0.46488294314381273, "hold_score": 0.017880947554659299, "flip_score": -1.7340110621298221, "dominant": "holding", "policy_fit": "Transfer fee on high-value sales", "r_mhi": 125357.0, "pct_nonwhite": 0.35447761194029848, "pct_black": 0.044243070362473345, "pct_latino": 0.097547974413646057, "percent_owners": 78.7 }, "geometry": { "type": "MultiPolygon", "coordinates": [ [ [ [ -71.136595382907657, 42.360161378807923 ], [ -71.13632738528382, 42.360796379167013 ], [ -71.136272385580682, 42.360903379007453 ], [ -71.136049386522302, 42.361434379357227 ], [ -71.135821388891699, 42.361959380099705 ], [ -71.135705389164386, 42.362256380115689 ], [ -71.135641390459895, 42.362421379977519 ], [ -71.135391391760905, 42.362963380424311 ], [ -71.135330392296709, 42.363175380923686 ], [ -71.134557394628729, 42.363284382030713 ], [ -71.134284395199757, 42.363324382224732 ], [ -71.133809396169738, 42.363381382876483 ], [ -71.133584396424737, 42.363396382872381 ], [ -71.133335397259586, 42.36339238374034 ], [ -71.133087398294236, 42.363383383468729 ], [ -71.13264439847417, 42.363332384000714 ], [ -71.132208399770789, 42.363246384973287 ], [ -71.131788400101698, 42.363161385290077 ], [ -71.131520400971638, 42.363088385608314 ], [ -71.131415400740252, 42.363054385797504 ], [ -71.130921401813737, 42.362893386776982 ], [ -71.130366402392653, 42.362703386811006 ], [ -71.13021740325361, 42.362694386838996 ], [ -71.130300402365521, 42.362512386985372 ], [ -71.130360401960843, 42.362353386619425 ], [ -71.130410401033132, 42.362121386780551 ], [ -71.130416400353468, 42.361957386465804 ], [ -71.130361400356421, 42.361771387054524 ], [ -71.130276400602682, 42.361611386917104 ], [ -71.13010040041604, 42.361387387207934 ], [ -71.1297674004269, 42.361072388009887 ], [ -71.12941140015117, 42.360786387594864 ], [ -71.129286400492092, 42.360705388539785 ], [ -71.12887840098459, 42.360368388687512 ], [ -71.128965399401963, 42.360209388724627 ], [ -71.129062399495481, 42.360077388131394 ], [ -71.129262399134859, 42.359878387834321 ], [ -71.129516397860428, 42.359708387366652 ], [ -71.12977939708027, 42.359564387676812 ], [ -71.130355394206376, 42.35929138656779 ], [ -71.130544394473517, 42.359208386681047 ], [ -71.130829393622335, 42.359024386156662 ], [ -71.130991392438361, 42.358917385467677 ], [ -71.131266391224386, 42.358722385385164 ], [ -71.131487390095202, 42.358595385032643 ], [ -71.131620390470317, 42.358799384765909 ], [ -71.131835390456089, 42.358732384877648 ], [ -71.132035389869358, 42.358645384451968 ], [ -71.132169389472253, 42.358597383794098 ], [ -71.132239389347347, 42.358585384369761 ], [ -71.13247538823407, 42.358570383465072 ], [ -71.133082387376362, 42.358556383084732 ], [ -71.133302387157542, 42.358581382328424 ], [ -71.133699385808953, 42.358666381755661 ], [ -71.135156383843508, 42.358950380180296 ], [ -71.135891382161191, 42.35910437898535 ], [ -71.136161381888598, 42.359169378563095 ], [ -71.136438380466984, 42.359231378257995 ], [ -71.136960379937491, 42.359315377573374 ], [ -71.136595382907657, 42.360161378807923 ] ] ] ] } },
{ "type": "Feature", "properties": { "geoid": "25025110104", "neighborhood": "Roslindale", "sales": 316, "median_price": 341000.0, "investor_share": 0.2848101265822785, "large_inst_share": 0.11392405063291139, "small_med_share": 0.17088607594936708, "flip_rate": 0.088607594936708861, "buy_flip_rate": 0.088607594936708861, "condo_share": 0.42088607594936711, "r23_share": 0.28797468354430378, "hold_score": -1.2976383792232831, "flip_score": 0.16421053661790186, "dominant": "flipping", "policy_fit": "TOPA / anti-flip / stabilization", "r_mhi": 26224.0, "pct_nonwhite": 0.80110243454294905, "pct_black": 0.24437299035369775, "pct_latino": 0.48001837390904917, "percent_owners": 68.1 }, "geometry": { "type": "MultiPolygon", "coordinates": [ [ [ [ -71.127138244967568, 42.289161378643342 ], [ -71.126706247184515, 42.289547379215051 ], [ -71.126228249204416, 42.290029380644221 ], [ -71.126179248426041, 42.290089380249015 ], [ -71.125702251139998, 42.290696381319464 ], [ -71.125196254183706, 42.291369382239424 ], [ -71.124216258516583, 42.29258138395285 ], [ -71.12351426256842, 42.293297384652199 ], [ -71.123076263842862, 42.293735385487253 ], [ -71.12280326541169, 42.294005385615364 ], [ -71.122497266246185, 42.294287385735203 ], [ -71.122171267696402, 42.29455638648389 ], [ -71.121856269214774, 42.29479138756011 ], [ -71.1212932716479, 42.2951993881723 ], [ -71.120707273699594, 42.295595389248469 ], [ -71.120159275901145, 42.295952389492918 ], [ -71.120112275947065, 42.295984390163298 ], [ -71.119531277547111, 42.296334391038087 ], [ -71.118645281310108, 42.296879391551656 ], [ -71.118073283066764, 42.297232393093772 ], [ -71.117935283207927, 42.29732439251957 ], [ -71.117182286724201, 42.297818394138233 ], [ -71.116381289973049, 42.298322394999659 ], [ -71.116162290114602, 42.298455395250286 ], [ -71.115494292737893, 42.298865396174939 ], [ -71.115433293285164, 42.298903396305946 ], [ -71.115834291041708, 42.298290396359668 ], [ -71.115533291709482, 42.298244396585233 ], [ -71.115435290920459, 42.29820639661331 ], [ -71.115501291352388, 42.298104396514383 ], [ -71.115534290884995, 42.298053395997748 ], [ -71.115830288670722, 42.297552395798498 ], [ -71.116317286215562, 42.29685139536366 ], [ -71.116734284318568, 42.29623639461699 ], [ -71.117012283029069, 42.295828394316409 ], [ -71.117862277476476, 42.294471392501414 ], [ -71.117961277197821, 42.294298392250703 ], [ -71.118328274807666, 42.29358939181283 ], [ -71.118414273451563, 42.293409391355105 ], [ -71.118538273215194, 42.293152391840721 ], [ -71.118819270694118, 42.292527391260926 ], [ -71.118941269667502, 42.292214390458881 ], [ -71.119078268841264, 42.291715390340322 ], [ -71.119170267483653, 42.291205390488443 ], [ -71.119234265610189, 42.290751390082121 ], [ -71.119258265402379, 42.290486390469027 ], [ -71.119564264705943, 42.290525389278351 ], [ -71.120068264250307, 42.290788388565673 ], [ -71.120191264049367, 42.290873389153688 ], [ -71.120353264878531, 42.291103388505341 ], [ -71.120852263005972, 42.291179387973891 ], [ -71.121114263504381, 42.291252387674255 ], [ -71.121269263340366, 42.291294387096734 ], [ -71.121635262690347, 42.291411386532516 ], [ -71.12225126146366, 42.291608386367095 ], [ -71.122418260480444, 42.2916873854983 ], [ -71.122462261003008, 42.291749386077164 ], [ -71.123071258411343, 42.291200384954436 ], [ -71.123594255726459, 42.290712384201086 ], [ -71.124135254243185, 42.290198383419849 ], [ -71.12464825128815, 42.289713382730213 ], [ -71.125599247243173, 42.288816381276412 ], [ -71.125813246969201, 42.288615380265419 ], [ -71.125964245772778, 42.288482380611732 ], [ -71.12686224520121, 42.28900537909248 ], [ -71.127138244967568, 42.289161378643342 ] ] ] ] } },
{ "type": "Feature", "properties": { "geoid": "25025000804", "neighborhood": "Allston", "sales": 935, "median_price": 393000.0, "investor_share": 0.3411764705882353, "large_inst_share": 0.13903743315508021, "small_med_share": 0.20213903743315509, "flip_rate": 0.086631016042780742, "buy_flip_rate": 0.084491978609625665, "condo_share": 0.53048128342245993, "r23_share": 0.23101604278074866, "hold_score": 0.54592452029254224, "flip_score": -0.37053859919056231, "dominant": "holding", "policy_fit": "Transfer fee on high-value sales", "r_mhi": 90551.0, "pct_nonwhite": 0.56438499868869663, "pct_black": 0.056910569105691054, "pct_latino": 0.21452924206661422, "percent_owners": 72.5 }, "geometry": { "type": "MultiPolygon", "coordinates": [ [ [ [ -71.138822365321261, 42.354554374231562 ], [ -71.138624367050738, 42.355061375085505 ], [ -71.138607366604163, 42.355173375063636 ], [ -71.13860736662167, 42.355261375461097 ], [ -71.138622367707484, 42.35534137530864 ], [ -71.138632367822538, 42.355441374634225 ], [ -71.138594368011724, 42.355664375292534 ], [ -71.138495368918427, 42.356048375312959 ], [ -71.138420369884429, 42.356313375059564 ], [ -71.138361370889484, 42.356564376056397 ], [ -71.138349370943999, 42.356612375859797 ], [ -71.138324371467903, 42.356751375435579 ], [ -71.138308370940663, 42.356793375746904 ], [ -71.138197372630444, 42.357093376028097 ], [ -71.138188371839419, 42.357134375605952 ], [ -71.138139373319774, 42.357278376371212 ], [ -71.138079373600789, 42.357419376059575 ], [ -71.137978374197033, 42.35760837605369 ], [ -71.137835374284492, 42.357880376247621 ], [ -71.137585376129508, 42.358334377061304 ], [ -71.137465377199305, 42.358578377368069 ], [ -71.137368377870473, 42.358761377277915 ], [ -71.137286377781066, 42.358861377434089 ], [ -71.137173378525119, 42.358961377908756 ], [ -71.137097378850299, 42.359056377751187 ], [ -71.136960379937491, 42.359315377573374 ], [ -71.136438380466984, 42.359231378257995 ], [ -71.136161381888598, 42.359169378563095 ], [ -71.135891382161191, 42.35910437898535 ], [ -71.135156383843508, 42.358950380180296 ], [ -71.133699385808953, 42.358666381755661 ], [ -71.133302387157542, 42.358581382328424 ], [ -71.133082387376362, 42.358556383084732 ], [ -71.13247538823407, 42.358570383465072 ], [ -71.132239389347347, 42.358585384369761 ], [ -71.132169389472253, 42.358597383794098 ], [ -71.132035389869358, 42.358645384451968 ], [ -71.131835390456089, 42.358732384877648 ], [ -71.131620390470317, 42.358799384765909 ], [ -71.131487390095202, 42.358595385032643 ], [ -71.131266391224386, 42.358722385385164 ], [ -71.130991392438361, 42.358917385467677 ], [ -71.130829393622335, 42.359024386156662 ], [ -71.130544394473517, 42.359208386681047 ], [ -71.130355394206376, 42.35929138656779 ], [ -71.12977939708027, 42.359564387676812 ], [ -71.129516397860428, 42.359708387366652 ], [ -71.129262399134859, 42.359878387834321 ], [ -71.129062399495481, 42.360077388131394 ], [ -71.128965399401963, 42.360209388724627 ], [ -71.12887840098459, 42.360368388687512 ], [ -71.129286400492092, 42.360705388539785 ], [ -71.12941140015117, 42.360786387594864 ], [ -71.1297674004269, 42.361072388009887 ], [ -71.13010040041604, 42.361387387207934 ], [ -71.130276400602682, 42.361611386917104 ], [ -71.130361400356421, 42.361771387054524 ], [ -71.130416400353468, 42.361957386465804 ], [ -71.130410401033132, 42.362121386780551 ], [ -71.130360401960843, 42.362353386619425 ], [ -71.130300402365521, 42.362512386985372 ], [ -71.13021740325361, 42.362694386838996 ], [ -71.130089403874436, 42.362867387646887 ], [ -71.129948403702087, 42.363030387529335 ], [ -71.129754404667011, 42.363198387949993 ], [ -71.1287664069404, 42.363282389115582 ], [ -71.128016409336638, 42.363339390258773 ], [ -71.12656141320069, 42.363454391816944 ], [ -71.126153413223903, 42.363494392738971 ], [ -71.125447415118884, 42.363554393808336 ], [ -71.125021416702822, 42.363586394302189 ], [ -71.124740417345649, 42.36361139473528 ], [ -71.123319420236115, 42.363743396077986 ], [ -71.123038421207738, 42.363751396750288 ], [ -71.122986421026368, 42.363603396640499 ], [ -71.122960421233017, 42.363471396969494 ], [ -71.122960420983418, 42.363447397131424 ], [ -71.122929420067081, 42.363263396715602 ], [ -71.122881420002031, 42.363055396546386 ], [ -71.123004419155677, 42.363071397087538 ], [ -71.123149420040789, 42.36309639680205 ], [ -71.123404418940893, 42.363117396327191 ], [ -71.123608418804466, 42.363113395862463 ], [ -71.123844417937818, 42.363074395681082 ], [ -71.124065417103907, 42.363007395711968 ], [ -71.124226416399452, 42.362944394715306 ], [ -71.1244094166222, 42.362832395195475 ], [ -71.124555415710319, 42.362673394930304 ], [ -71.124626414708743, 42.362565394129668 ], [ -71.124674415213391, 42.362466394052973 ], [ -71.124751413967815, 42.362234394656603 ], [ -71.124833412811839, 42.361919394264376 ], [ -71.124899412626434, 42.361597394123223 ], [ -71.124928411528089, 42.36143039363035 ], [ -71.12491341210378, 42.36132739423411 ], [ -71.124828411823017, 42.361182394188283 ], [ -71.124577411043788, 42.360882393915034 ], [ -71.124465411516326, 42.360750394753389 ], [ -71.123824411179015, 42.359917395219618 ], [ -71.123707410547425, 42.359740395179038 ], [ -71.123456410000401, 42.359431395757433 ], [ -71.123360410669676, 42.359267395796557 ], [ -71.123244410698405, 42.359093395583706 ], [ -71.123179410775364, 42.35899839595784 ], [ -71.123321409212963, 42.358932395429647 ], [ -71.123755408093984, 42.358762395397711 ], [ -71.123860407497659, 42.358724394580442 ], [ -71.124866405174188, 42.358362393790976 ], [ -71.12578240248925, 42.358061392078774 ], [ -71.126416400690488, 42.35785639178399 ], [ -71.12653040051724, 42.357820391186529 ], [ -71.127063397858294, 42.357618390484681 ], [ -71.1280263949822, 42.357261389432225 ], [ -71.129516390473583, 42.356723386832961 ], [ -71.129717390878156, 42.35665438677988 ], [ -71.1302323886392, 42.3564783857965 ], [ -71.130737387860918, 42.356360385655584 ], [ -71.130801387601323, 42.356336385021514 ], [ -71.131275385816778, 42.356158385099171 ], [ -71.131395385290432, 42.356105384377251 ], [ -71.132215382374241, 42.355783383863205 ], [ -71.132403382360664, 42.355712383034607 ], [ -71.132765380589575, 42.355537382534301 ], [ -71.13327437880686, 42.355316382120705 ], [ -71.133590378304731, 42.355170381901011 ], [ -71.134012377060586, 42.354995381293776 ], [ -71.134394376066055, 42.354836380684233 ], [ -71.134495374943768, 42.354789380682213 ], [ -71.135078373303827, 42.354543379499411 ], [ -71.135718371434066, 42.354273378633088 ], [ -71.136023370628436, 42.354143378223156 ], [ -71.136282370193726, 42.354041378181854 ], [ -71.13667836800812, 42.353866377417376 ], [ -71.136746368661392, 42.353839377349651 ], [ -71.137074367006221, 42.353712377207245 ], [ -71.137340365903427, 42.353590376263568 ], [ -71.137444366612215, 42.353595376557003 ], [ -71.137624366174464, 42.353612375728119 ], [ -71.138084364859864, 42.353676375743852 ], [ -71.139065362544855, 42.353791374224365 ], [ -71.138822365321261, 42.354554374231562 ] ] ] ] } },
{ "type": "Feature", "properties": { "geoid": "25025092000", "neighborhood": "Dorchester", "sales": 948, "median_price": 339250.0, "investor_share": 0.39345991561181437, "large_inst_share": 0.20780590717299577, "small_med_share": 0.18565400843881857, "flip_rate": 0.13185654008438819, "buy_flip_rate": 0.13818565400843882, "condo_share": 0.13924050632911392, "r23_share": 0.59493670886075944, "hold_score": -1.1875110801885937, "flip_score": 5.1316843090960234, "dominant": "flipping", "policy_fit": "TOPA / anti-flip / stabilization", "r_mhi": 55313.0, "pct_nonwhite": 0.92220077220077223, "pct_black": 0.42818532818532817, "pct_latino": 0.23648648648648649, "percent_owners": 69.3 }, "geometry": { "type": "MultiPolygon", "coordinates": [ [ [ [ -71.07364038851486, 42.299371454494533 ], [ -71.0729263899361, 42.299579455338794 ], [ -71.072742391346324, 42.299658455384204 ], [ -71.072647391720494, 42.299699455747003 ], [ -71.072434391856277, 42.299824455496243 ], [ -71.072298392370271, 42.299937455890465 ], [ -71.072183393502058, 42.30003845674981 ], [ -71.072128393420343, 42.300135456644306 ], [ -71.072067393499893, 42.300269456359082 ], [ -71.072033394638225, 42.300427456871681 ], [ -71.072015394779612, 42.300679456163159 ], [ -71.072021395915257, 42.301263456991109 ], [ -71.072010396143057, 42.301464456845935 ], [ -71.071993396853671, 42.301565456832314 ], [ -71.071943397526269, 42.301687456784975 ], [ -71.071890397617636, 42.301781456982916 ], [ -71.071858397831306, 42.301839456719897 ], [ -71.071700398710675, 42.302107457561782 ], [ -71.07159039987009, 42.302354457511662 ], [ -71.071568399810971, 42.302430457234557 ], [ -71.071511400088113, 42.302742457375373 ], [ -71.071453402145977, 42.303309457614105 ], [ -71.071425402073615, 42.303407458081146 ], [ -71.071173401903039, 42.303251457642389 ], [ -71.071102401902436, 42.303207457935031 ], [ -71.07085840265286, 42.303072458252196 ], [ -71.070473403285575, 42.30283545924047 ], [ -71.070171403819202, 42.302662459302951 ], [ -71.069522404397773, 42.302284460147959 ], [ -71.069023404899184, 42.301978460475958 ], [ -71.06889640482629, 42.301906460706789 ], [ -71.06840340444964, 42.301620462079853 ], [ -71.067872405415187, 42.301298462157419 ], [ -71.067655406281915, 42.301180462929253 ], [ -71.067366406333292, 42.301007462985389 ], [ -71.065228412473019, 42.301536466071738 ], [ -71.064447414683244, 42.301742467413284 ], [ -71.06427841451189, 42.301790467474454 ], [ -71.063978415999827, 42.301873467515342 ], [ -71.063464417528138, 42.301999468297794 ], [ -71.0636824171157, 42.302342468124365 ], [ -71.063353418412618, 42.302438468437728 ], [ -71.062743420240082, 42.302625469414025 ], [ -71.062339420870885, 42.302734469942394 ], [ -71.061795422188851, 42.302858471013842 ], [ -71.061493423473578, 42.302933471281861 ], [ -71.060575426254957, 42.30314547242105 ], [ -71.060320424795734, 42.302506472639138 ], [ -71.060148425377093, 42.302150472807973 ], [ -71.059908424611891, 42.301736473302562 ], [ -71.05979542369937, 42.301538473006964 ], [ -71.059868423941808, 42.301313473688786 ], [ -71.060014422505319, 42.300759472925961 ], [ -71.060125421499365, 42.30045647267233 ], [ -71.060162420283717, 42.300302472690468 ], [ -71.060309420788073, 42.30030347266834 ], [ -71.06037642006531, 42.300300472556884 ], [ -71.060552419526033, 42.300292472082099 ], [ -71.060914419159474, 42.300242471719912 ], [ -71.061277417892654, 42.300148470882945 ], [ -71.061856415606513, 42.299995470132309 ], [ -71.062540413956029, 42.299818469774721 ], [ -71.063057412699649, 42.299692469228802 ], [ -71.063425412289973, 42.299588468373528 ], [ -71.063756410162767, 42.299457468107001 ], [ -71.064319408493546, 42.29920546728227 ], [ -71.064859407007546, 42.298862465953185 ], [ -71.065231405459826, 42.298590465536407 ], [ -71.065537404592291, 42.2983134653593 ], [ -71.065853402983279, 42.297960464431384 ], [ -71.066111401063395, 42.297584464240224 ], [ -71.066412399573053, 42.297022463918111 ], [ -71.066975397249195, 42.296875463106169 ], [ -71.067641396338175, 42.296699462098694 ], [ -71.068623393281044, 42.296427460591389 ], [ -71.069326390479191, 42.296223459655053 ], [ -71.069850389894896, 42.296088459022009 ], [ -71.07024838785631, 42.295996458719607 ], [ -71.071148385370591, 42.295728457685684 ], [ -71.071326385168916, 42.295680456797498 ], [ -71.072116382649924, 42.295513455992811 ], [ -71.07211838335671, 42.29560845611153 ], [ -71.072158383262135, 42.295889456035077 ], [ -71.072249385018466, 42.296517455551211 ], [ -71.072268385709179, 42.296675455415553 ], [ -71.07231738506502, 42.296898456155766 ], [ -71.072376385798279, 42.29710045582349 ], [ -71.072381386205066, 42.297117455919462 ], [ -71.072472386816685, 42.29734445531696 ], [ -71.07259338610065, 42.297620455268856 ], [ -71.072701386737492, 42.297808455385855 ], [ -71.073011387629506, 42.298462454813254 ], [ -71.073071388291154, 42.298586454743713 ], [ -71.073104387204012, 42.298639454715833 ], [ -71.073244387985355, 42.298834455023588 ], [ -71.073384388071773, 42.299053454480266 ], [ -71.07364038851486, 42.299371454494533 ] ] ] ] } },
{ "type": "Feature", "properties": { "geoid": "25025092200", "neighborhood": "Dorchester", "sales": 795, "median_price": 361852.0, "investor_share": 0.30566037735849055, "large_inst_share": 0.14465408805031446, "small_med_share": 0.16100628930817609, "flip_rate": 0.10440251572327044, "buy_flip_rate": 0.1119496855345912, "condo_share": 0.2981132075471698, "r23_share": 0.31572327044025156, "hold_score": -0.53494731555494535, "flip_score": 1.6797066895085475, "dominant": "flipping", "policy_fit": "TOPA / anti-flip / stabilization", "r_mhi": 53992.0, "pct_nonwhite": 0.79150471960022206, "pct_black": 0.34841754580788453, "pct_latino": 0.15130483064963909, "percent_owners": 74.1 }, "geometry": { "type": "MultiPolygon", "coordinates": [ [ [ [ -71.072116382649924, 42.295513455992811 ], [ -71.071326385168916, 42.295680456797498 ], [ -71.071148385370591, 42.295728457685684 ], [ -71.07024838785631, 42.295996458719607 ], [ -71.069850389894896, 42.296088459022009 ], [ -71.069326390479191, 42.296223459655053 ], [ -71.068623393281044, 42.296427460591389 ], [ -71.067641396338175, 42.296699462098694 ], [ -71.066975397249195, 42.296875463106169 ], [ -71.066412399573053, 42.297022463918111 ], [ -71.066111401063395, 42.297584464240224 ], [ -71.065853402983279, 42.297960464431384 ], [ -71.065537404592291, 42.2983134653593 ], [ -71.065231405459826, 42.298590465536407 ], [ -71.064859407007546, 42.298862465953185 ], [ -71.064319408493546, 42.29920546728227 ], [ -71.063756410162767, 42.299457468107001 ], [ -71.063425412289973, 42.299588468373528 ], [ -71.063057412699649, 42.299692469228802 ], [ -71.062540413956029, 42.299818469774721 ], [ -71.061856415606513, 42.299995470132309 ], [ -71.061277417892654, 42.300148470882945 ], [ -71.060914419159474, 42.300242471719912 ], [ -71.060552419526033, 42.300292472082099 ], [ -71.06037642006531, 42.300300472556884 ], [ -71.060309420788073, 42.30030347266834 ], [ -71.060162420283717, 42.300302472690468 ], [ -71.06020341963567, 42.300133472766063 ], [ -71.060257420234123, 42.29994847288264 ], [ -71.060305418690319, 42.29975647266734 ], [ -71.060479417663203, 42.299154472440129 ], [ -71.060652416037883, 42.298647472441374 ], [ -71.060765414628278, 42.298193471427275 ], [ -71.061034412061488, 42.297205471176717 ], [ -71.061169410728553, 42.296761471405652 ], [ -71.061320408831975, 42.296220470899939 ], [ -71.061370408242311, 42.296066470519911 ], [ -71.06144440781712, 42.295820470648174 ], [ -71.061498407571577, 42.295643471031482 ], [ -71.061541406954703, 42.295473470685387 ], [ -71.061668405777468, 42.295070470073441 ], [ -71.061817404005495, 42.29458247005882 ], [ -71.061967403209138, 42.294075470033462 ], [ -71.062090401134299, 42.29365646963381 ], [ -71.062139400951466, 42.293505469355438 ], [ -71.062258399922584, 42.293010469724919 ], [ -71.064132394348889, 42.29248246657292 ], [ -71.064589393105436, 42.292347466256416 ], [ -71.065058391883809, 42.292211465189411 ], [ -71.065403389947065, 42.292098465162681 ], [ -71.065543390142778, 42.292043464705564 ], [ -71.065593389988507, 42.292024464652336 ], [ -71.065920389043313, 42.29193246393168 ], [ -71.066160388270234, 42.291855464252137 ], [ -71.066698386616991, 42.291697463263986 ], [ -71.067358384969694, 42.291509461852357 ], [ -71.067577384522309, 42.29142646156923 ], [ -71.0684623819009, 42.291160460667889 ], [ -71.068650381562023, 42.291098460343356 ], [ -71.069856377168435, 42.290714458374119 ], [ -71.070402376501875, 42.290588457787003 ], [ -71.070622374904929, 42.290514457574126 ], [ -71.0706813754487, 42.290483457288865 ], [ -71.070729375039036, 42.290422457397348 ], [ -71.070756374115234, 42.290269457203948 ], [ -71.070778373883243, 42.290148457608446 ], [ -71.071091373501304, 42.290164456892832 ], [ -71.07160137200988, 42.290218456093974 ], [ -71.071619372471076, 42.290402456004365 ], [ -71.071643372815444, 42.290652456072081 ], [ -71.071658373375911, 42.290996456517121 ], [ -71.071706375074143, 42.291694456552442 ], [ -71.071746375747736, 42.292006456085048 ], [ -71.071768376233976, 42.292298455811633 ], [ -71.071813378290699, 42.292861455769334 ], [ -71.071865378520755, 42.293289456148344 ], [ -71.071864378818887, 42.293492456225003 ], [ -71.071912380085763, 42.293933456398605 ], [ -71.071978381157408, 42.294418456496729 ], [ -71.072002381858823, 42.294607456298863 ], [ -71.072041381957021, 42.295029456126287 ], [ -71.072116382649924, 42.295513455992811 ] ] ] ] } },
{ "type": "Feature", "properties": { "geoid": "25025092300", "neighborhood": "Dorchester", "sales": 725, "median_price": 325000.0, "investor_share": 0.38896551724137929, "large_inst_share": 0.21931034482758621, "small_med_share": 0.1696551724137931, "flip_rate": 0.1393103448275862, "buy_flip_rate": 0.14206896551724138, "condo_share": 0.10482758620689656, "r23_share": 0.55310344827586211, "hold_score": -2.040853095133123, "flip_score": 5.2887473248814931, "dominant": "flipping", "policy_fit": "TOPA / anti-flip / stabilization", "r_mhi": 50568.0, "pct_nonwhite": 0.96395031808542864, "pct_black": 0.61587397758255069, "pct_latino": 0.22417449257800667, "percent_owners": 62.0 }, "geometry": { "type": "MultiPolygon", "coordinates": [ [ [ [ -71.07885137065594, 42.296708446333817 ], [ -71.078447371923176, 42.296794447574776 ], [ -71.078190372366876, 42.296854447887803 ], [ -71.077738373285342, 42.296950448378126 ], [ -71.077275374794382, 42.297062449111394 ], [ -71.077035375175669, 42.297110448929651 ], [ -71.076708376413364, 42.297173450106129 ], [ -71.076539377359424, 42.297213450086929 ], [ -71.076397377499063, 42.297265450415807 ], [ -71.076288377590984, 42.297313450648453 ], [ -71.076233377807824, 42.297253450751136 ], [ -71.076201378161841, 42.29722645066073 ], [ -71.07616737745586, 42.297205450894353 ], [ -71.076036377954338, 42.297143451045116 ], [ -71.075732378369935, 42.297024450988559 ], [ -71.075222378769169, 42.296832451464518 ], [ -71.075119379598817, 42.296787451801734 ], [ -71.074809379388725, 42.296668452307578 ], [ -71.074614379287354, 42.296598452537047 ], [ -71.074364380698711, 42.296561452799281 ], [ -71.074288381066737, 42.296556452843305 ], [ -71.074081380969005, 42.296556452993741 ], [ -71.073803381704806, 42.296563454050442 ], [ -71.073313382602251, 42.296593454466255 ], [ -71.072785384488427, 42.296632455021602 ], [ -71.072268385709179, 42.296675455415553 ], [ -71.072249385018466, 42.296517455551211 ], [ -71.072158383262135, 42.295889456035077 ], [ -71.07211838335671, 42.29560845611153 ], [ -71.072116382649924, 42.295513455992811 ], [ -71.072041381957021, 42.295029456126287 ], [ -71.072002381858823, 42.294607456298863 ], [ -71.071978381157408, 42.294418456496729 ], [ -71.071912380085763, 42.293933456398605 ], [ -71.071864378818887, 42.293492456225003 ], [ -71.071865378520755, 42.293289456148344 ], [ -71.071813378290699, 42.292861455769334 ], [ -71.071768376233976, 42.292298455811633 ], [ -71.071746375747736, 42.292006456085048 ], [ -71.071706375074143, 42.291694456552442 ], [ -71.071658373375911, 42.290996456517121 ], [ -71.071643372815444, 42.290652456072081 ], [ -71.071619372471076, 42.290402456004365 ], [ -71.07160137200988, 42.290218456093974 ], [ -71.071995371432564, 42.290217455506053 ], [ -71.072105371018552, 42.290243455336821 ], [ -71.072233370979703, 42.290280455344245 ], [ -71.072551370355669, 42.290382454493894 ], [ -71.073304369548083, 42.290601454203994 ], [ -71.074144368202923, 42.290840452883202 ], [ -71.074651367363927, 42.291004451593849 ], [ -71.075192366712827, 42.29116045120454 ], [ -71.075404366572741, 42.29122345096328 ], [ -71.075839365270113, 42.291344450001112 ], [ -71.076104365331133, 42.29142445000862 ], [ -71.077180363395414, 42.291739448448801 ], [ -71.077995361633285, 42.291975447660214 ], [ -71.078146361969374, 42.292022446827815 ], [ -71.078194363184394, 42.292498447207379 ], [ -71.078480365560196, 42.294346447425362 ], [ -71.078688367984014, 42.295647446701253 ], [ -71.07885137065594, 42.296708446333817 ] ] ] ] } },
{ "type": "Feature", "properties": { "geoid": "25025092400", "neighborhood": "Dorchester", "sales": 919, "median_price": 298000.0, "investor_share": 0.48531011969532101, "large_inst_share": 0.25571273122959737, "small_med_share": 0.22959738846572361, "flip_rate": 0.1632208922742111, "buy_flip_rate": 0.1632208922742111, "condo_share": 0.24809575625680086, "r23_share": 0.48531011969532101, "hold_score": -0.44985682054343434, "flip_score": 6.4697918333749032, "dominant": "flipping", "policy_fit": "TOPA / anti-flip / stabilization", "r_mhi": 35938.0, "pct_nonwhite": 0.97016647436954018, "pct_black": 0.49184110763144884, "pct_latino": 0.37596835338717655, "percent_owners": 66.8 }, "geometry": { "type": "MultiPolygon", "coordinates": [ [ [ [ -71.092575336184808, 42.29543242752564 ], [ -71.092328338388199, 42.295756428015785 ], [ -71.092207339119454, 42.295879428234912 ], [ -71.091714340997399, 42.296560429326902 ], [ -71.091567341429851, 42.296749429384676 ], [ -71.09143634281773, 42.296865429418048 ], [ -71.091349342622706, 42.296922429676712 ], [ -71.091181342909081, 42.297000429403774 ], [ -71.090920343629477, 42.297108429957021 ], [ -71.090479345543571, 42.297259430805973 ], [ -71.090058346970068, 42.297391431126186 ], [ -71.0896343482693, 42.297498432246293 ], [ -71.088597350709705, 42.297745433711725 ], [ -71.087419354689857, 42.29804343500674 ], [ -71.086991354847129, 42.298142435362109 ], [ -71.086935356199589, 42.298357435730779 ], [ -71.086790356821965, 42.298774436220924 ], [ -71.086691358034457, 42.299105435945044 ], [ -71.086540359163337, 42.299562436456384 ], [ -71.086403360763768, 42.300003436555642 ], [ -71.086255362181646, 42.300389437122192 ], [ -71.086163362841845, 42.30063043685734 ], [ -71.085917365315424, 42.301334437471162 ], [ -71.085902365207417, 42.301381437627036 ], [ -71.085727364794607, 42.301248437684713 ], [ -71.085286364834786, 42.300911438714969 ], [ -71.08470336598927, 42.300423438917733 ], [ -71.083906365254023, 42.299709440567071 ], [ -71.083295366497666, 42.299188441373211 ], [ -71.083141366079744, 42.299051441462773 ], [ -71.083075365718813, 42.298980441129657 ], [ -71.083037365472606, 42.298927441217558 ], [ -71.082913366268116, 42.29866344173589 ], [ -71.082302367760619, 42.298793442036811 ], [ -71.081409370144925, 42.299002443796041 ], [ -71.081329369085651, 42.298763443916847 ], [ -71.081083368450251, 42.298122443430429 ], [ -71.080864367619682, 42.297492444326508 ], [ -71.080459366446775, 42.296388444141712 ], [ -71.079995367207957, 42.296480444764292 ], [ -71.079537368521926, 42.296563446247568 ], [ -71.07885137065594, 42.296708446333817 ], [ -71.078688367984014, 42.295647446701253 ], [ -71.078480365560196, 42.294346447425362 ], [ -71.078194363184394, 42.292498447207379 ], [ -71.078146361969374, 42.292022446827815 ], [ -71.078704361360295, 42.292194446462837 ], [ -71.079533359416715, 42.292439445827448 ], [ -71.079979358979429, 42.292567444889258 ], [ -71.080609357883262, 42.29274744362688 ], [ -71.080875357840284, 42.292823443372754 ], [ -71.081212356703816, 42.292920443293781 ], [ -71.082484355131356, 42.293287441031737 ], [ -71.08307335396151, 42.293473440694733 ], [ -71.08357835268383, 42.293613439976539 ], [ -71.0846713507337, 42.293950438221245 ], [ -71.085974349569227, 42.294325436275479 ], [ -71.086953347657555, 42.294607435576758 ], [ -71.087179347060442, 42.294682435099588 ], [ -71.08746134733741, 42.294776434392134 ], [ -71.087838346773722, 42.294911434016129 ], [ -71.087996346123674, 42.294939433593903 ], [ -71.088131344574577, 42.294476433286256 ], [ -71.088139343995238, 42.294441433924391 ], [ -71.088148344751744, 42.294415433962058 ], [ -71.08860934280257, 42.294330432784768 ], [ -71.088723342873337, 42.294281433141229 ], [ -71.088849342810221, 42.294227432824343 ], [ -71.089030342142649, 42.2941244320753 ], [ -71.089211340542846, 42.293970432560378 ], [ -71.089376339795336, 42.293758432193322 ], [ -71.089414340368705, 42.29365643144898 ], [ -71.089625338615264, 42.293197431644082 ], [ -71.08977833776531, 42.292868431443644 ], [ -71.091573335436451, 42.293710429299573 ], [ -71.091679335117789, 42.293863428631333 ], [ -71.093172333867756, 42.294613427135701 ], [ -71.092575336184808, 42.29543242752564 ] ] ] ] } },
{ "type": "Feature", "properties": { "geoid": "25025100100", "neighborhood": "Dorchester", "sales": 851, "median_price": 292000.0, "investor_share": 0.3983548766157462, "large_inst_share": 0.16803760282021152, "small_med_share": 0.23031727379553465, "flip_rate": 0.13043478260869565, "buy_flip_rate": 0.13043478260869565, "condo_share": 0.16686251468860164, "r23_share": 0.41010575793184489, "hold_score": -2.0687460487754916, "flip_score": 3.7644146325067571, "dominant": "flipping", "policy_fit": "TOPA / anti-flip / stabilization", "r_mhi": 30703.0, "pct_nonwhite": 0.97361062565536527, "pct_black": 0.56081789584061514, "pct_latino": 0.32209017825934988, "percent_owners": 68.7 }, "geometry": { "type": "MultiPolygon", "coordinates": [ [ [ [ -71.095758321717895, 42.29197342324413 ], [ -71.095376323305118, 42.292239423526908 ], [ -71.094837325409074, 42.292726424352871 ], [ -71.094582326381897, 42.292980424758177 ], [ -71.094541327210791, 42.293021424799491 ], [ -71.094440327751641, 42.293122425272074 ], [ -71.094350328184134, 42.29321842459278 ], [ -71.094272327736988, 42.293302424671403 ], [ -71.093225333111988, 42.294541426776625 ], [ -71.093172333867756, 42.294613427135701 ], [ -71.091679335117789, 42.293863428631333 ], [ -71.091573335436451, 42.293710429299573 ], [ -71.08977833776531, 42.292868431443644 ], [ -71.089625338615264, 42.293197431644082 ], [ -71.089414340368705, 42.29365643144898 ], [ -71.089376339795336, 42.293758432193322 ], [ -71.089211340542846, 42.293970432560378 ], [ -71.089030342142649, 42.2941244320753 ], [ -71.088849342810221, 42.294227432824343 ], [ -71.088723342873337, 42.294281433141229 ], [ -71.08860934280257, 42.294330432784768 ], [ -71.088148344751744, 42.294415433962058 ], [ -71.088139343995238, 42.294441433924391 ], [ -71.088131344574577, 42.294476433286256 ], [ -71.087996346123674, 42.294939433593903 ], [ -71.087838346773722, 42.294911434016129 ], [ -71.08746134733741, 42.294776434392134 ], [ -71.087179347060442, 42.294682435099588 ], [ -71.086953347657555, 42.294607435576758 ], [ -71.085974349569227, 42.294325436275479 ], [ -71.0846713507337, 42.293950438221245 ], [ -71.08357835268383, 42.293613439976539 ], [ -71.08307335396151, 42.293473440694733 ], [ -71.082484355131356, 42.293287441031737 ], [ -71.081212356703816, 42.292920443293781 ], [ -71.080875357840284, 42.292823443372754 ], [ -71.080609357883262, 42.29274744362688 ], [ -71.079979358979429, 42.292567444889258 ], [ -71.079533359416715, 42.292439445827448 ], [ -71.078704361360295, 42.292194446462837 ], [ -71.078146361969374, 42.292022446827815 ], [ -71.078142361217488, 42.291624447152074 ], [ -71.07814236016246, 42.291339447391927 ], [ -71.078159359361862, 42.291095446774982 ], [ -71.078198359241057, 42.290774447486278 ], [ -71.078262357414033, 42.29042644709601 ], [ -71.078313356811663, 42.290175447085055 ], [ -71.078399356026353, 42.289810446762999 ], [ -71.078506355482176, 42.289433446714398 ], [ -71.078536354878139, 42.289335446234631 ], [ -71.078711353190812, 42.288979446407062 ], [ -71.078912352596504, 42.288577446057332 ], [ -71.079186351176759, 42.288137445283823 ], [ -71.079276350621612, 42.288142445581634 ], [ -71.079499349912538, 42.288147444579366 ], [ -71.079757349294951, 42.288113444870298 ], [ -71.080015348745093, 42.288057443877975 ], [ -71.080266347903049, 42.288003444221815 ], [ -71.08078934629178, 42.287892443539157 ], [ -71.081251344683835, 42.287794442771421 ], [ -71.083294339204556, 42.287330439746526 ], [ -71.084268336807099, 42.287105438124236 ], [ -71.085116334907227, 42.286920436652821 ], [ -71.085774332375522, 42.286774435881199 ], [ -71.085990332452525, 42.286730435890448 ], [ -71.086544330763942, 42.286611435108391 ], [ -71.087073329248327, 42.28648643404334 ], [ -71.087764326778299, 42.28633443370996 ], [ -71.088159326360071, 42.286238432709958 ], [ -71.088758324036007, 42.286110431849551 ], [ -71.089748321800329, 42.285897430433451 ], [ -71.09087931831597, 42.285644428739445 ], [ -71.091105318277869, 42.285564428226181 ], [ -71.091146317252111, 42.285430428065261 ], [ -71.091269316333793, 42.285026427911433 ], [ -71.091418315384516, 42.284618428167583 ], [ -71.091525314662022, 42.28432942773518 ], [ -71.091546314081867, 42.284273427898405 ], [ -71.091568313682743, 42.284214427300668 ], [ -71.091865313038113, 42.284372426962477 ], [ -71.091930313562614, 42.284450426883431 ], [ -71.092333312941534, 42.284631426300059 ], [ -71.092734312866966, 42.284855426475424 ], [ -71.092863312063486, 42.284951426432734 ], [ -71.092859312497723, 42.285130425794627 ], [ -71.092931313288361, 42.285322425575195 ], [ -71.093195314542584, 42.285935425903247 ], [ -71.093414314387459, 42.286510425703753 ], [ -71.09343331450529, 42.286557425701197 ], [ -71.093662315506108, 42.287119424844185 ], [ -71.093722316363639, 42.287282425177104 ], [ -71.093886316164273, 42.287668425222677 ], [ -71.094001317128132, 42.287939424642062 ], [ -71.094130317123344, 42.288247424476168 ], [ -71.094488318217941, 42.28906342394265 ], [ -71.094984319807025, 42.290156423679242 ], [ -71.095015319560332, 42.290228423829497 ], [ -71.095447321047658, 42.291215422861463 ], [ -71.095733321995127, 42.291903423294031 ], [ -71.095758321717895, 42.29197342324413 ] ] ] ] } },
{ "type": "Feature", "properties": { "geoid": "25025100200", "neighborhood": "Dorchester", "sales": 688, "median_price": 265000.0, "investor_share": 0.38953488372093026, "large_inst_share": 0.22529069767441862, "small_med_share": 0.16424418604651161, "flip_rate": 0.1816860465116279, "buy_flip_rate": 0.1816860465116279, "condo_share": 0.22674418604651161, "r23_share": 0.40988372093023256, "hold_score": -1.7643199067815301, "flip_score": 7.3242666374263869, "dominant": "flipping", "policy_fit": "TOPA / anti-flip / stabilization", "r_mhi": 30491.0, "pct_nonwhite": 0.98424117848578285, "pct_black": 0.6724905789653991, "pct_latino": 0.21274409044193218, "percent_owners": 67.1 }, "geometry": { "type": "MultiPolygon", "coordinates": [ [ [ [ -71.091546314081867, 42.284273427898405 ], [ -71.091525314662022, 42.28432942773518 ], [ -71.091418315384516, 42.284618428167583 ], [ -71.091269316333793, 42.285026427911433 ], [ -71.091146317252111, 42.285430428065261 ], [ -71.091105318277869, 42.285564428226181 ], [ -71.09087931831597, 42.285644428739445 ], [ -71.089748321800329, 42.285897430433451 ], [ -71.088758324036007, 42.286110431849551 ], [ -71.088159326360071, 42.286238432709958 ], [ -71.087764326778299, 42.28633443370996 ], [ -71.087073329248327, 42.28648643404334 ], [ -71.086544330763942, 42.286611435108391 ], [ -71.085990332452525, 42.286730435890448 ], [ -71.085774332375522, 42.286774435881199 ], [ -71.085116334907227, 42.286920436652821 ], [ -71.084268336807099, 42.287105438124236 ], [ -71.083294339204556, 42.287330439746526 ], [ -71.081251344683835, 42.287794442771421 ], [ -71.08078934629178, 42.287892443539157 ], [ -71.080266347903049, 42.288003444221815 ], [ -71.080015348745093, 42.288057443877975 ], [ -71.079757349294951, 42.288113444870298 ], [ -71.079499349912538, 42.288147444579366 ], [ -71.079276350621612, 42.288142445581634 ], [ -71.079186351176759, 42.288137445283823 ], [ -71.079506348568898, 42.287685444556011 ], [ -71.079861346975875, 42.287260444029918 ], [ -71.0799903466948, 42.287137444399853 ], [ -71.080008346328782, 42.287120444037527 ], [ -71.080370345483999, 42.286781443757611 ], [ -71.080554343580602, 42.286623443350891 ], [ -71.080892342695762, 42.286302442703601 ], [ -71.081223341428384, 42.28600744241168 ], [ -71.082051338103383, 42.285272441241879 ], [ -71.082431336205318, 42.284920440977757 ], [ -71.08279533420739, 42.28453343967832 ], [ -71.083047333680554, 42.284244439468765 ], [ -71.083282332415578, 42.283936439161572 ], [ -71.083817329286234, 42.283238438764371 ], [ -71.085462320181762, 42.281045435925769 ], [ -71.08550332009905, 42.280991435944301 ], [ -71.086033319001558, 42.281097435190112 ], [ -71.086301318511758, 42.281167434779761 ], [ -71.086540318994921, 42.28125643475046 ], [ -71.086702318685496, 42.281339434060179 ], [ -71.087047318666762, 42.281565433482761 ], [ -71.087409317415407, 42.281800432903552 ], [ -71.08797331696168, 42.28219043258769 ], [ -71.088204317138434, 42.282331432518447 ], [ -71.088544317432962, 42.282553431903949 ], [ -71.088778316667629, 42.282704431167751 ], [ -71.088928317377651, 42.282850431705512 ], [ -71.089012317476019, 42.282971431356579 ], [ -71.089107317491383, 42.283134430718533 ], [ -71.089146317117439, 42.283259431447135 ], [ -71.089239317962139, 42.283484431035518 ], [ -71.089297317590592, 42.283573430763809 ], [ -71.089428317386549, 42.283714430838657 ], [ -71.0895553178825, 42.283823430497826 ], [ -71.08966731807071, 42.283886430372647 ], [ -71.089784317910386, 42.283936430499494 ], [ -71.090677315295935, 42.284101429036269 ], [ -71.091381314311633, 42.284237427876086 ], [ -71.091568313682743, 42.284214427300668 ], [ -71.091546314081867, 42.284273427898405 ] ] ] ] } },
{ "type": "Feature", "properties": { "geoid": "25025140201", "neighborhood": "Hyde Park", "sales": 511, "median_price": 352000.0, "investor_share": 0.2446183953033268, "large_inst_share": 0.088062622309197647, "small_med_share": 0.15655577299412915, "flip_rate": 0.11350293542074363, "buy_flip_rate": 0.13698630136986301, "condo_share": 0.070450097847358117, "r23_share": 0.30528375733855184, "hold_score": -2.3865917001292685, "flip_score": 2.8024680842923071, "dominant": "flipping", "policy_fit": "TOPA / anti-flip / stabilization", "r_mhi": 86875.0, "pct_nonwhite": 0.66810904370402424, "pct_black": 0.33016010385114669, "pct_latino": 0.21332756382518389, "percent_owners": 73.1 }, "geometry": { "type": "MultiPolygon", "coordinates": [ [ [ [ -71.139240116264816, 42.233660273545027 ], [ -71.138405118407604, 42.234443278279905 ], [ -71.137748120398342, 42.235045282163959 ], [ -71.13742512201064, 42.235334284464706 ], [ -71.137241122835022, 42.235499285465757 ], [ -71.136654123795111, 42.235999288824431 ], [ -71.13656312417281, 42.236083289126533 ], [ -71.136457124020083, 42.236181290362985 ], [ -71.136309124723894, 42.236340291593251 ], [ -71.13618012521998, 42.236518291826009 ], [ -71.136080125362767, 42.236741293261446 ], [ -71.136066125437608, 42.23676629381837 ], [ -71.136026125491512, 42.236836294272607 ], [ -71.135663127070984, 42.237470297286457 ], [ -71.135555128003233, 42.237659298625623 ], [ -71.135266128199419, 42.238163302095025 ], [ -71.135114128711976, 42.238453303551395 ], [ -71.134991129840685, 42.238603304615978 ], [ -71.134852130132785, 42.238720305001543 ], [ -71.134652131184481, 42.238889305935402 ], [ -71.134036132745422, 42.239482310285744 ], [ -71.133907133247504, 42.239581310813385 ], [ -71.1337711329749, 42.239642310955965 ], [ -71.133715133511416, 42.23963131149155 ], [ -71.133567133171141, 42.239613311142755 ], [ -71.133474134085162, 42.239589311812367 ], [ -71.133357133753933, 42.239562311563162 ], [ -71.133257134229865, 42.239538311313439 ], [ -71.133075134848042, 42.239490311344582 ], [ -71.133057134863392, 42.239479311422862 ], [ -71.133008134908351, 42.239472311561855 ], [ -71.132413135396774, 42.239298311871018 ], [ -71.132150136634493, 42.239203311358935 ], [ -71.131937137248428, 42.239421313202612 ], [ -71.131857137168808, 42.239504313249299 ], [ -71.131612137697374, 42.239782315013152 ], [ -71.131432138129441, 42.240003316269046 ], [ -71.131367138266526, 42.240089317138086 ], [ -71.131306139422662, 42.24020731804508 ], [ -71.131155139561329, 42.240558319952036 ], [ -71.130867140661465, 42.241273323625634 ], [ -71.130687142017138, 42.241752326388692 ], [ -71.130162143609368, 42.243092333654978 ], [ -71.130077143872171, 42.243292334482902 ], [ -71.129703145517425, 42.244225339617273 ], [ -71.129203148746399, 42.245521346914991 ], [ -71.129057149170535, 42.245876349415255 ], [ -71.129003149245847, 42.245995349345364 ], [ -71.12890915001968, 42.246422351915115 ], [ -71.128775151330416, 42.247251356753814 ], [ -71.128703151733063, 42.247636358583428 ], [ -71.128652151564268, 42.247751358923423 ], [ -71.128612151675014, 42.247806359298302 ], [ -71.128936150493203, 42.247967359566132 ], [ -71.128960151563064, 42.247972360011765 ], [ -71.128991151191656, 42.247992359750917 ], [ -71.128432153754218, 42.249173366338518 ], [ -71.128281153306204, 42.249095366286745 ], [ -71.127775154741201, 42.248893365830668 ], [ -71.127373155277681, 42.24872136586287 ], [ -71.126929155870144, 42.248557365077893 ], [ -71.126384156744393, 42.248318364873249 ], [ -71.12579715777018, 42.248082364613943 ], [ -71.125579158560484, 42.247985364853392 ], [ -71.125504158259645, 42.247954364761945 ], [ -71.125410158891626, 42.248045365187004 ], [ -71.125079160307109, 42.24839436705944 ], [ -71.124996160507138, 42.248522368063732 ], [ -71.124948160129875, 42.248583368632978 ], [ -71.124912160181466, 42.248638369079401 ], [ -71.12490616076839, 42.248647368813344 ], [ -71.124874161276452, 42.248714369067677 ], [ -71.124866161223579, 42.248749369581063 ], [ -71.124805161708437, 42.248922370570064 ], [ -71.12477216176589, 42.249099371254118 ], [ -71.124766161905995, 42.249315372522169 ], [ -71.124758162146222, 42.249598373866327 ], [ -71.124729161595425, 42.24970337433146 ], [ -71.124681161926048, 42.24980437474057 ], [ -71.124636162157415, 42.249867375563412 ], [ -71.124519163280922, 42.249964376276573 ], [ -71.124506163281893, 42.249974375856148 ], [ -71.12446516339412, 42.249992375892482 ], [ -71.124138163682233, 42.250064377075127 ], [ -71.124055164002584, 42.250101376367773 ], [ -71.1240181647089, 42.250124376956869 ], [ -71.123916165300386, 42.250201376739547 ], [ -71.123822165364999, 42.250283376830602 ], [ -71.12375516575672, 42.250378377504909 ], [ -71.123706165626629, 42.250479377339111 ], [ -71.123603166807143, 42.250716377120312 ], [ -71.123549167203677, 42.250815378021862 ], [ -71.123490166965496, 42.250950377504473 ], [ -71.123399167998699, 42.251337377928174 ], [ -71.123361168445996, 42.251477378072693 ], [ -71.123332168998488, 42.251545377724973 ], [ -71.123319168643363, 42.251608378214598 ], [ -71.123304169289852, 42.251686378469152 ], [ -71.123211169348465, 42.251733378276555 ], [ -71.12288317037148, 42.251849378700584 ], [ -71.122771170127223, 42.25168937921989 ], [ -71.12263917104363, 42.251500378940435 ], [ -71.122533170385623, 42.2513503788321 ], [ -71.122460170460215, 42.251235379414418 ], [ -71.122436170396782, 42.251153379745773 ], [ -71.122449169618534, 42.251048379099281 ], [ -71.122542169646735, 42.250902379389373 ], [ -71.12275216785838, 42.250651378438462 ], [ -71.122826168320273, 42.250553379006099 ], [ -71.122838167450396, 42.250485378563937 ], [ -71.122814167935914, 42.250421378814835 ], [ -71.122700167728226, 42.250299379131242 ], [ -71.122689168239972, 42.250288379051732 ], [ -71.1226441674429, 42.250260379296463 ], [ -71.122438167135869, 42.250058379113234 ], [ -71.123038165923177, 42.249466375624273 ], [ -71.123539163840022, 42.248946372611435 ], [ -71.124114162561355, 42.248354368545613 ], [ -71.124179162263729, 42.248303367895069 ], [ -71.12451016089824, 42.247966366158543 ], [ -71.124842159898222, 42.247607363992643 ], [ -71.12506515967965, 42.24729636175249 ], [ -71.12524515901589, 42.247078360584574 ], [ -71.125409158253305, 42.246866358845445 ], [ -71.125546157492025, 42.246652358377496 ], [ -71.125712156836485, 42.246364356536873 ], [ -71.125841156217248, 42.246093355155232 ], [ -71.125944155955509, 42.245853353133334 ], [ -71.126065155371208, 42.24547935127034 ], [ -71.126137154301261, 42.245179349412098 ], [ -71.126183154928768, 42.244875348315269 ], [ -71.126205154322705, 42.244626346602104 ], [ -71.12623215259589, 42.242667337364011 ], [ -71.126235151378367, 42.24212033487472 ], [ -71.126183151092903, 42.241615332092834 ], [ -71.126062150915416, 42.240951328920325 ], [ -71.125912151171761, 42.240327326528799 ], [ -71.125844150663227, 42.240093325089418 ], [ -71.125771150635813, 42.239845323635386 ], [ -71.125669150596593, 42.23952732274379 ], [ -71.125801150029218, 42.239455321807725 ], [ -71.126376148709994, 42.239162319678847 ], [ -71.126295148815757, 42.239063319615767 ], [ -71.126140149121994, 42.238918318359723 ], [ -71.126078148532144, 42.238795318204154 ], [ -71.126024148887524, 42.238699317467926 ], [ -71.125950148753972, 42.238565317738399 ], [ -71.125873149124928, 42.238408316870881 ], [ -71.125768148806046, 42.238201315800993 ], [ -71.125703149287645, 42.237972314396004 ], [ -71.125680148958949, 42.23790131449713 ], [ -71.125539149598836, 42.237781313821891 ], [ -71.12547414905994, 42.237739313773531 ], [ -71.125380149660742, 42.237679313645565 ], [ -71.125241149317304, 42.237626313281041 ], [ -71.125090150136884, 42.237566313246333 ], [ -71.125042150623827, 42.237549313453577 ], [ -71.125008150181387, 42.237537313783477 ], [ -71.124852149991241, 42.237476313059148 ], [ -71.124762150286713, 42.23742931341566 ], [ -71.124688150593769, 42.237365313146597 ], [ -71.124611150507064, 42.237260312621544 ], [ -71.124545150737958, 42.237149312303174 ], [ -71.124456150521212, 42.236861310596709 ], [ -71.124235150411309, 42.236546309565 ], [ -71.124083151175029, 42.236388309307721 ], [ -71.12381215137269, 42.236183308887938 ], [ -71.123477151852924, 42.235926307400241 ], [ -71.123338152177141, 42.235853307816662 ], [ -71.123269152025088, 42.235778307656346 ], [ -71.122964152837326, 42.235576306932806 ], [ -71.12275415349697, 42.235424306778654 ], [ -71.122672153689649, 42.235406306566063 ], [ -71.122637152657788, 42.235380306607155 ], [ -71.122617152881631, 42.235310306252899 ], [ -71.122516153171262, 42.235199305819265 ], [ -71.122474152917022, 42.235050305238602 ], [ -71.122463153557263, 42.234931304212957 ], [ -71.12248315298487, 42.234847303994314 ], [ -71.122565152633982, 42.234766303055324 ], [ -71.12258015228808, 42.234708302774273 ], [ -71.122598152074701, 42.234643302501752 ], [ -71.122601152914356, 42.234515302033032 ], [ -71.122603152214921, 42.234437301744101 ], [ -71.122639152746586, 42.234376301299669 ], [ -71.122737151515906, 42.234315301081871 ], [ -71.122824151971187, 42.234286300550608 ], [ -71.122870152034977, 42.234271300242902 ], [ -71.122889151255649, 42.234265300822081 ], [ -71.122937151356751, 42.23424930050416 ], [ -71.123131150824833, 42.234231299967192 ], [ -71.123375150786359, 42.234253299331662 ], [ -71.123606149616379, 42.234289299568779 ], [ -71.123810150024795, 42.234321299026348 ], [ -71.124052148913051, 42.234322298658952 ], [ -71.124233148873671, 42.234285298475626 ], [ -71.124395148835987, 42.234203297557585 ], [ -71.124461147816248, 42.234161297671768 ], [ -71.124497148282643, 42.234123296984393 ], [ -71.124586147599331, 42.234012296501092 ], [ -71.124678147707485, 42.233841295284435 ], [ -71.124718147456804, 42.233745294924169 ], [ -71.12471414733642, 42.233641294607935 ], [ -71.124661146916225, 42.233505294502017 ], [ -71.124607146634574, 42.233311292824609 ], [ -71.124529147695242, 42.233218292780478 ], [ -71.124510147189426, 42.233157292845391 ], [ -71.124502146492659, 42.233093292116159 ], [ -71.124523147331644, 42.232904291085298 ], [ -71.124582147072076, 42.232779290722846 ], [ -71.124744145687302, 42.232622289472481 ], [ -71.124847145334527, 42.232560289136707 ], [ -71.124880145181535, 42.23254028931639 ], [ -71.124972145646538, 42.232469288499843 ], [ -71.12506314570382, 42.232359288104959 ], [ -71.125118144425542, 42.232231287150029 ], [ -71.125229144132234, 42.232057286406423 ], [ -71.125351143908688, 42.231937285419612 ], [ -71.125437144100971, 42.231900284848976 ], [ -71.125476144025214, 42.231882285121806 ], [ -71.125636143621605, 42.231873284253339 ], [ -71.125813142995952, 42.231869283991593 ], [ -71.125951143094142, 42.23181728397573 ], [ -71.126049143188283, 42.23175628362921 ], [ -71.126163142712016, 42.231635282483886 ], [ -71.126222142155257, 42.231528282159232 ], [ -71.126388140944641, 42.231371280792949 ], [ -71.126608141019176, 42.231264280035049 ], [ -71.126780140496791, 42.231226279639465 ], [ -71.126996139843342, 42.231227279522884 ], [ -71.127219139997692, 42.231207279374424 ], [ -71.127419138913794, 42.231176278838412 ], [ -71.127529139492978, 42.23111527835426 ], [ -71.127643138284824, 42.23095927689053 ], [ -71.127754137771475, 42.230781276293861 ], [ -71.127961136957495, 42.230544274824211 ], [ -71.128077136715262, 42.230372273601986 ], [ -71.128251136605996, 42.230184272391405 ], [ -71.128499135819766, 42.23000227147692 ], [ -71.128675135597305, 42.22987926983658 ], [ -71.12875113569892, 42.229836269855795 ], [ -71.128802135444715, 42.229803269833504 ], [ -71.128863135052498, 42.229721269149394 ], [ -71.128888134347676, 42.229647268422006 ], [ -71.128905134147558, 42.229511267740591 ], [ -71.12895313488302, 42.22931626694875 ], [ -71.129067133494388, 42.229139265987939 ], [ -71.12920113382755, 42.228967265033788 ], [ -71.129355132819157, 42.228855264266024 ], [ -71.129458132573092, 42.228798263735321 ], [ -71.129485132266893, 42.228782263131755 ], [ -71.129673132720256, 42.228754263028186 ], [ -71.129955131825369, 42.22873126254396 ], [ -71.130100131948396, 42.228668262043449 ], [ -71.130190131381397, 42.228595261786857 ], [ -71.130267131349996, 42.228501261160893 ], [ -71.130346131053486, 42.228316260350454 ], [ -71.130524130401909, 42.228090259025585 ], [ -71.130657129554891, 42.227984257954446 ], [ -71.130748129178954, 42.227911257772625 ], [ -71.130770128794538, 42.227926257549861 ], [ -71.130844128787245, 42.227976257723519 ], [ -71.130972128647642, 42.228063257915764 ], [ -71.131111128627481, 42.228157258143604 ], [ -71.131208128364875, 42.228222258297038 ], [ -71.131304128910017, 42.228287258759849 ], [ -71.131468128474523, 42.228398258446312 ], [ -71.131510128147767, 42.228427259151154 ], [ -71.131810127922236, 42.228629259235404 ], [ -71.131936127740119, 42.228715259772947 ], [ -71.132194126649622, 42.228899260136892 ], [ -71.132433126489488, 42.229051260413549 ], [ -71.132516126915348, 42.229104261143164 ], [ -71.132632126022486, 42.229185260956903 ], [ -71.133021125810188, 42.229449261839335 ], [ -71.135820122382071, 42.231340267072696 ], [ -71.136664119973219, 42.231910268567511 ], [ -71.136871120396492, 42.232050268640045 ], [ -71.13709712003002, 42.232209269193824 ], [ -71.138051118479837, 42.232855271229582 ], [ -71.138244117947977, 42.232981271580257 ], [ -71.138767117009266, 42.233336272439999 ], [ -71.139240116264816, 42.233660273545027 ] ] ] ] } },
{ "type": "Feature", "properties": { "geoid": "25025082100", "neighborhood": "Roxbury", "sales": 384, "median_price": 362500.0, "investor_share": 0.51822916666666663, "large_inst_share": 0.28645833333333331, "small_med_share": 0.23177083333333334, "flip_rate": 0.11979166666666667, "buy_flip_rate": 0.11979166666666667, "condo_share": 0.265625, "r23_share": 0.3984375, "hold_score": 0.35093503230101053, "flip_score": 2.9585993276482947, "dominant": "flipping", "policy_fit": "TOPA / anti-flip / stabilization", "r_mhi": 22482.0, "pct_nonwhite": 0.96860643185298623, "pct_black": 0.50861408882082693, "pct_latino": 0.39797090352220521, "percent_owners": 63.4 }, "geometry": { "type": "MultiPolygon", "coordinates": [ [ [ [ -71.092077370118986, 42.309947429851036 ], [ -71.091816371177615, 42.310259430935439 ], [ -71.091562372743326, 42.310544431133486 ], [ -71.091096375376509, 42.311154431812419 ], [ -71.090509378736755, 42.31189843214095 ], [ -71.089929381090428, 42.312629433359014 ], [ -71.089398383608142, 42.313257434263434 ], [ -71.089046383900964, 42.313152434324913 ], [ -71.088664384644972, 42.313026435456123 ], [ -71.088318384921962, 42.312895435228569 ], [ -71.088077385089591, 42.312786436275992 ], [ -71.087375386624046, 42.312434436627662 ], [ -71.086761387625046, 42.312139438066545 ], [ -71.086217387243437, 42.311872438046656 ], [ -71.085861388526254, 42.311689439042965 ], [ -71.085681388865879, 42.311579439334238 ], [ -71.085209388419202, 42.311323439903617 ], [ -71.084950388957182, 42.311156439665439 ], [ -71.084141389373571, 42.310690441178075 ], [ -71.083918389699392, 42.310576441533492 ], [ -71.083821390222695, 42.310541441523057 ], [ -71.083770389834385, 42.310537441414702 ], [ -71.083494390880134, 42.310566441544161 ], [ -71.083250392138154, 42.310604442069618 ], [ -71.083222391047599, 42.310477442554841 ], [ -71.08289239077051, 42.309937442980313 ], [ -71.082772390888636, 42.309753442885317 ], [ -71.082667390551805, 42.309535443302529 ], [ -71.082743390702277, 42.309431442957035 ], [ -71.082803389910779, 42.309331443039369 ], [ -71.08297338928584, 42.309001442168352 ], [ -71.083077387986648, 42.308772442108221 ], [ -71.08309138784152, 42.308741442467756 ], [ -71.083253386570419, 42.308469441815717 ], [ -71.083685384675974, 42.307891441345035 ], [ -71.08389738304642, 42.307590441220668 ], [ -71.084028383344659, 42.307417441169619 ], [ -71.084188381871556, 42.307191440807905 ], [ -71.084298380864752, 42.307015440300489 ], [ -71.084402380581736, 42.30679744063702 ], [ -71.084474380305494, 42.306608439986803 ], [ -71.084551378762242, 42.306378439710151 ], [ -71.084618378988623, 42.306116439912934 ], [ -71.084652378567597, 42.305931439585521 ], [ -71.084691377480354, 42.305608439583452 ], [ -71.08472037626413, 42.305447439342984 ], [ -71.084740376293894, 42.305277439598626 ], [ -71.084849374335164, 42.304706439215124 ], [ -71.084922374456937, 42.304428439095098 ], [ -71.084912375208773, 42.304905439398091 ], [ -71.084928375496403, 42.30499143888008 ], [ -71.084955375158799, 42.305082439624712 ], [ -71.085010375598841, 42.305169438786066 ], [ -71.085092375827884, 42.30524343871771 ], [ -71.085301374902087, 42.30540943928164 ], [ -71.085558375542632, 42.30553443823041 ], [ -71.086159374693736, 42.305870438119165 ], [ -71.086565374708158, 42.306111437203931 ], [ -71.087259373538771, 42.30654143643752 ], [ -71.087482373878146, 42.306673435709861 ], [ -71.087915372448691, 42.306902435813569 ], [ -71.088224372633022, 42.307043435171963 ], [ -71.088456371982289, 42.307160435169095 ], [ -71.088592372397159, 42.307233434764136 ], [ -71.089078371804561, 42.307530434221846 ], [ -71.089237371716592, 42.307640433813717 ], [ -71.089909371415516, 42.308171432730077 ], [ -71.09071337053885, 42.308780432276656 ], [ -71.091091370426085, 42.309053431758613 ], [ -71.091895370312344, 42.309665430745063 ], [ -71.092171369963282, 42.309859429684067 ], [ -71.092077370118986, 42.309947429851036 ] ] ] ] } },
{ "type": "Feature", "properties": { "geoid": "25025050500", "neighborhood": "East Boston", "sales": 448, "median_price": 306000.0, "investor_share": 0.34375, "large_inst_share": 0.098214285714285712, "small_med_share": 0.24553571428571427, "flip_rate": 0.071428571428571425, "buy_flip_rate": 0.071428571428571425, "condo_share": 0.71875, "r23_share": 0.13839285714285715, "hold_score": 0.64772494872937403, "flip_score": -1.8793205391828924, "dominant": "holding", "policy_fit": "Transfer fee on high-value sales", "r_mhi": 81875.0, "pct_nonwhite": 0.57129714811407539, "pct_black": 0.020699172033118676, "pct_latino": 0.43422263109475623, "percent_owners": 60.1 }, "geometry": { "type": "MultiPolygon", "coordinates": [ [ [ [ -71.036691627221316, 42.369541508592242 ], [ -71.036059629843436, 42.370080509673016 ], [ -71.035541632293061, 42.37052350956094 ], [ -71.034812635302075, 42.371145511379723 ], [ -71.033922639168779, 42.371932512465364 ], [ -71.034083638961633, 42.37203651229256 ], [ -71.034741638275932, 42.372461511183808 ], [ -71.034571639748151, 42.372607511404581 ], [ -71.034448639788465, 42.372711511284336 ], [ -71.034308640207186, 42.372669511669912 ], [ -71.034137640309837, 42.372637511932389 ], [ -71.03398064079353, 42.372622512083645 ], [ -71.033688641544884, 42.372616512579292 ], [ -71.033559642035982, 42.372625512994972 ], [ -71.033535642084615, 42.37262351249435 ], [ -71.033354641913618, 42.372669512619325 ], [ -71.033161643295784, 42.372727513252521 ], [ -71.033061643385437, 42.372763513395753 ], [ -71.032986643684808, 42.372790512997035 ], [ -71.03281564350165, 42.372886513508696 ], [ -71.032664645127539, 42.373003514121706 ], [ -71.032544645494212, 42.373103514269268 ], [ -71.032411645339039, 42.373204513901136 ], [ -71.03231364558421, 42.373304514073396 ], [ -71.032101647042225, 42.373495514640595 ], [ -71.031766648487647, 42.37376551530059 ], [ -71.031495648859007, 42.373904515228567 ], [ -71.031413649704149, 42.373932515237584 ], [ -71.031250650222077, 42.373980515579966 ], [ -71.031138649773823, 42.373998516104812 ], [ -71.031045649874386, 42.374007516342644 ], [ -71.030894650817885, 42.374018516392624 ], [ -71.030727651643531, 42.374017515862697 ], [ -71.030581651950158, 42.374005516399016 ], [ -71.030409652368547, 42.373972516740182 ], [ -71.030274651926348, 42.37393551663024 ], [ -71.030118652088134, 42.373875517354314 ], [ -71.029895652997482, 42.373758516946005 ], [ -71.029950652001403, 42.37364551765917 ], [ -71.029978652115545, 42.373535517663719 ], [ -71.029979651342089, 42.373426517428442 ], [ -71.029968650854428, 42.373343517143617 ], [ -71.029937651026131, 42.373266517513315 ], [ -71.029881651770779, 42.373180517279756 ], [ -71.029814650859379, 42.373096517520025 ], [ -71.029715651481681, 42.37298451758879 ], [ -71.02959665132542, 42.372850517360675 ], [ -71.029485651570823, 42.372725517500228 ], [ -71.029390650785942, 42.372618517627771 ], [ -71.029287651372513, 42.372504518512905 ], [ -71.029188651226406, 42.372401518296371 ], [ -71.029089651608459, 42.372312518395134 ], [ -71.028966650798736, 42.372202518135524 ], [ -71.028816651068254, 42.372080518861736 ], [ -71.028609651711662, 42.37190751855951 ], [ -71.028400651084397, 42.37175051952218 ], [ -71.028169651757594, 42.37155651981341 ], [ -71.027946650906557, 42.371378519979714 ], [ -71.027784651971615, 42.371244519647462 ], [ -71.027693651262283, 42.371161520254319 ], [ -71.02761365104783, 42.371083520243744 ], [ -71.027510651301284, 42.370982520559664 ], [ -71.027435650992672, 42.370899520034769 ], [ -71.027320651483819, 42.370759520747683 ], [ -71.02723365132033, 42.370644520399047 ], [ -71.02715465143585, 42.370528521124989 ], [ -71.027091650883648, 42.37042152112847 ], [ -71.027057651048594, 42.370325521204506 ], [ -71.027025651077309, 42.370222520730579 ], [ -71.027026650985306, 42.370104521122016 ], [ -71.027062650264099, 42.37000952103719 ], [ -71.027127649651035, 42.369900520875674 ], [ -71.027212649631849, 42.369818520633821 ], [ -71.027324649405074, 42.369744520489633 ], [ -71.027396649088899, 42.369691519967546 ], [ -71.027492648647396, 42.369626519860802 ], [ -71.027629647870299, 42.369568520301968 ], [ -71.027725647410904, 42.369494519799936 ], [ -71.027846646758235, 42.369382519726365 ], [ -71.028087646744368, 42.36912051925006 ], [ -71.028782645779543, 42.36941051877541 ], [ -71.029216644788676, 42.369592518105428 ], [ -71.030358643907462, 42.370173516410055 ], [ -71.030507643581373, 42.370254516754365 ], [ -71.030640643159757, 42.370306516322231 ], [ -71.030753642779018, 42.370295516519683 ], [ -71.030953642249756, 42.370232515834047 ], [ -71.031203641491317, 42.370181515922233 ], [ -71.031657639435906, 42.369868515376623 ], [ -71.031925638212613, 42.369549514147707 ], [ -71.031987637678668, 42.369425514634692 ], [ -71.031993638131951, 42.369238514608909 ], [ -71.03232363591006, 42.368905513896692 ], [ -71.032599634796782, 42.368673513394427 ], [ -71.032693635241031, 42.368595513254398 ], [ -71.032866633643607, 42.368434513743594 ], [ -71.033386631477754, 42.367734512659993 ], [ -71.033996630888396, 42.367991512183089 ], [ -71.034753629020869, 42.368310510803994 ], [ -71.035530628154262, 42.36865050966783 ], [ -71.036196627153302, 42.368940509295754 ], [ -71.036988626952123, 42.369287508002451 ], [ -71.036691627221316, 42.369541508592242 ] ] ] ] } },
{ "type": "Feature", "properties": { "geoid": "25025101101", "neighborhood": "Mattapan", "sales": 613, "median_price": 310000.0, "investor_share": 0.32952691680261009, "large_inst_share": 0.15497553017944535, "small_med_share": 0.17455138662316477, "flip_rate": 0.15171288743882544, "buy_flip_rate": 0.15171288743882544, "condo_share": 0.18760195758564438, "r23_share": 0.52365415986949426, "hold_score": -1.231734855822552, "flip_score": 5.888034136858348, "dominant": "flipping", "policy_fit": "TOPA / anti-flip / stabilization", "r_mhi": 54677.0, "pct_nonwhite": 0.96933560477001701, "pct_black": 0.69165247018739351, "pct_latino": 0.21351504826802953, "percent_owners": 68.7 }, "geometry": { "type": "MultiPolygon", "coordinates": [ [ [ [ -71.100522301777858, 42.287962415883285 ], [ -71.100330302916134, 42.288073416378914 ], [ -71.100262302828639, 42.288173415895265 ], [ -71.100172304050602, 42.288320416526801 ], [ -71.100069304174468, 42.288617416162531 ], [ -71.099935306342815, 42.289249416339437 ], [ -71.099914306968387, 42.289467417037947 ], [ -71.099925307694519, 42.289720416718822 ], [ -71.099939307559012, 42.289856416415098 ], [ -71.099945307700068, 42.289917416536419 ], [ -71.099994307488203, 42.290090417106505 ], [ -71.100113308160061, 42.290291416638269 ], [ -71.099853308995606, 42.290364416531659 ], [ -71.099642310101714, 42.29044341689923 ], [ -71.097469316258213, 42.291121420596212 ], [ -71.097402315812232, 42.291147420696738 ], [ -71.097141317377378, 42.29125142094972 ], [ -71.097004317767642, 42.291305421488353 ], [ -71.096504319231741, 42.291531421835579 ], [ -71.096264319663035, 42.29166342207531 ], [ -71.095865321915795, 42.291903422980049 ], [ -71.095758321717895, 42.29197342324413 ], [ -71.095733321995127, 42.291903423294031 ], [ -71.095447321047658, 42.291215422861463 ], [ -71.095015319560332, 42.290228423829497 ], [ -71.094984319807025, 42.290156423679242 ], [ -71.094488318217941, 42.28906342394265 ], [ -71.094130317123344, 42.288247424476168 ], [ -71.094001317128132, 42.287939424642062 ], [ -71.093886316164273, 42.287668425222677 ], [ -71.093722316363639, 42.287282425177104 ], [ -71.093662315506108, 42.287119424844185 ], [ -71.09343331450529, 42.286557425701197 ], [ -71.093414314387459, 42.286510425703753 ], [ -71.093195314542584, 42.285935425903247 ], [ -71.092931313288361, 42.285322425575195 ], [ -71.092859312497723, 42.285130425794627 ], [ -71.092863312063486, 42.284951426432734 ], [ -71.092734312866966, 42.284855426475424 ], [ -71.092333312941534, 42.284631426300059 ], [ -71.091930313562614, 42.284450426883431 ], [ -71.091865313038113, 42.284372426962477 ], [ -71.091568313682743, 42.284214427300668 ], [ -71.091679313482615, 42.283907427658853 ], [ -71.091806311770654, 42.283523426870957 ], [ -71.092108309309424, 42.282601426344648 ], [ -71.092435305895535, 42.28159542610323 ], [ -71.092648303882129, 42.280939426095429 ], [ -71.092885301788883, 42.280265425353875 ], [ -71.092967301929434, 42.280021425617377 ], [ -71.093136300421889, 42.279522424818317 ], [ -71.093163299711748, 42.279441424640829 ], [ -71.093181299960392, 42.279386424883469 ], [ -71.093381297955005, 42.278776424202789 ], [ -71.093433297643287, 42.27863042403883 ], [ -71.093453296583547, 42.278575424101156 ], [ -71.093489297075848, 42.278421423915596 ], [ -71.093521296339048, 42.278165424010126 ], [ -71.093540295190081, 42.277958423966467 ], [ -71.093554294810616, 42.277612424466383 ], [ -71.093575293286293, 42.277248423805219 ], [ -71.093762294171242, 42.277357424118044 ], [ -71.094113293749317, 42.277611423155783 ], [ -71.094610292742047, 42.277979422327448 ], [ -71.09497529239151, 42.278239421779269 ], [ -71.095395293147178, 42.278622421495236 ], [ -71.095932292550302, 42.279150420815824 ], [ -71.09628229250518, 42.279470420727662 ], [ -71.09632429326426, 42.279518420332678 ], [ -71.096806292513733, 42.279963419462163 ], [ -71.096960293047616, 42.280128419990142 ], [ -71.097095292683235, 42.280273419159819 ], [ -71.097563293171362, 42.280838418688049 ], [ -71.09792729278314, 42.281262418677471 ], [ -71.098064292990003, 42.281423418448497 ], [ -71.098319292653642, 42.281630418346047 ], [ -71.098423292189011, 42.281684417407433 ], [ -71.098449293170162, 42.281698417955376 ], [ -71.098803292737884, 42.281884417379281 ], [ -71.099300292272289, 42.282139416699522 ], [ -71.099631292012759, 42.282336416065839 ], [ -71.099450291846239, 42.282494416892831 ], [ -71.098662296156149, 42.283353417705882 ], [ -71.0977193001183, 42.284363419408706 ], [ -71.097392301848501, 42.284713419323531 ], [ -71.096772304878556, 42.285335420867909 ], [ -71.096315306433695, 42.285818421419087 ], [ -71.096104307760157, 42.286043421898107 ], [ -71.095451311127462, 42.286744422433046 ], [ -71.095227311411392, 42.286989422547123 ], [ -71.095025313052957, 42.28714342335855 ], [ -71.094895312813776, 42.287216423542894 ], [ -71.095057312829539, 42.287440423443734 ], [ -71.095195312792967, 42.287384422857919 ], [ -71.095556311724806, 42.287388422722429 ], [ -71.095646311891258, 42.287395422373457 ], [ -71.095742311270115, 42.287403422586593 ], [ -71.096235310325255, 42.287236422 ], [ -71.097467306874123, 42.28682242026531 ], [ -71.097580305956669, 42.286776419833956 ], [ -71.097795304948079, 42.286731419141447 ], [ -71.097968305559178, 42.286710419038442 ], [ -71.098142305045542, 42.286711419255816 ], [ -71.098287304472052, 42.286732418890978 ], [ -71.098612303961829, 42.286764418667026 ], [ -71.098855303386173, 42.286765417503609 ], [ -71.099056302632292, 42.28674041801829 ], [ -71.099195302241853, 42.286704417240571 ], [ -71.099340301510978, 42.286648417190023 ], [ -71.099472301674751, 42.286572417351003 ], [ -71.099706300819079, 42.286437416663048 ], [ -71.099910300093271, 42.286655416829142 ], [ -71.099950300067903, 42.286719416322725 ], [ -71.100085300632472, 42.28693941589809 ], [ -71.100287300923156, 42.287290416347396 ], [ -71.100400301654005, 42.287475416279342 ], [ -71.100483300796839, 42.287609415918865 ], [ -71.100645301292587, 42.287912415657651 ], [ -71.100522301777858, 42.287962415883285 ] ] ] ] } },
{ "type": "Feature", "properties": { "geoid": "25025101102", "neighborhood": "Mattapan", "sales": 880, "median_price": 325300.0, "investor_share": 0.37045454545454548, "large_inst_share": 0.19090909090909092, "small_med_share": 0.17954545454545454, "flip_rate": 0.16477272727272727, "buy_flip_rate": 0.16477272727272727, "condo_share": 0.25, "r23_share": 0.48636363636363639, "hold_score": -0.85197236416357347, "flip_score": 6.5836043772638613, "dominant": "flipping", "policy_fit": "TOPA / anti-flip / stabilization", "r_mhi": 41793.0, "pct_nonwhite": 0.98762064624422996, "pct_black": 0.74297104490138477, "pct_latino": 0.18338229122954258, "percent_owners": 63.0 }, "geometry": { "type": "MultiPolygon", "coordinates": [ [ [ [ -71.098331287763031, 42.279577417282958 ], [ -71.098263289504899, 42.280075417480568 ], [ -71.09822729009619, 42.28024641770979 ], [ -71.098145290873049, 42.280584418209628 ], [ -71.098023292599294, 42.281026418607574 ], [ -71.09792729278314, 42.281262418677471 ], [ -71.097563293171362, 42.280838418688049 ], [ -71.097095292683235, 42.280273419159819 ], [ -71.096960293047616, 42.280128419990142 ], [ -71.096806292513733, 42.279963419462163 ], [ -71.09632429326426, 42.279518420332678 ], [ -71.09628229250518, 42.279470420727662 ], [ -71.095932292550302, 42.279150420815824 ], [ -71.095395293147178, 42.278622421495236 ], [ -71.09497529239151, 42.278239421779269 ], [ -71.094610292742047, 42.277979422327448 ], [ -71.094113293749317, 42.277611423155783 ], [ -71.093762294171242, 42.277357424118044 ], [ -71.093575293286293, 42.277248423805219 ], [ -71.093554294810616, 42.277612424466383 ], [ -71.093540295190081, 42.277958423966467 ], [ -71.093521296339048, 42.278165424010126 ], [ -71.093489297075848, 42.278421423915596 ], [ -71.093453296583547, 42.278575424101156 ], [ -71.093433297643287, 42.27863042403883 ], [ -71.093381297955005, 42.278776424202789 ], [ -71.093181299960392, 42.279386424883469 ], [ -71.093163299711748, 42.279441424640829 ], [ -71.093136300421889, 42.279522424818317 ], [ -71.092967301929434, 42.280021425617377 ], [ -71.092885301788883, 42.280265425353875 ], [ -71.092648303882129, 42.280939426095429 ], [ -71.092435305895535, 42.28159542610323 ], [ -71.092108309309424, 42.282601426344648 ], [ -71.091806311770654, 42.283523426870957 ], [ -71.091679313482615, 42.283907427658853 ], [ -71.091568313682743, 42.284214427300668 ], [ -71.091381314311633, 42.284237427876086 ], [ -71.090677315295935, 42.284101429036269 ], [ -71.089784317910386, 42.283936430499494 ], [ -71.08966731807071, 42.283886430372647 ], [ -71.0895553178825, 42.283823430497826 ], [ -71.089428317386549, 42.283714430838657 ], [ -71.089297317590592, 42.283573430763809 ], [ -71.089239317962139, 42.283484431035518 ], [ -71.089146317117439, 42.283259431447135 ], [ -71.089107317491383, 42.283134430718533 ], [ -71.089012317476019, 42.282971431356579 ], [ -71.088928317377651, 42.282850431705512 ], [ -71.088778316667629, 42.282704431167751 ], [ -71.088544317432962, 42.282553431903949 ], [ -71.088204317138434, 42.282331432518447 ], [ -71.08797331696168, 42.28219043258769 ], [ -71.087409317415407, 42.281800432903552 ], [ -71.087047318666762, 42.281565433482761 ], [ -71.086702318685496, 42.281339434060179 ], [ -71.086540318994921, 42.28125643475046 ], [ -71.086301318511758, 42.281167434779761 ], [ -71.086033319001558, 42.281097435190112 ], [ -71.08550332009905, 42.280991435944301 ], [ -71.085840318606301, 42.280534435034959 ], [ -71.086090317218833, 42.280216434620506 ], [ -71.086319315961475, 42.279948434767654 ], [ -71.086925313428509, 42.279344433756215 ], [ -71.087542310905988, 42.278716432676994 ], [ -71.088186307930386, 42.27808343199618 ], [ -71.08877630580254, 42.277513430396596 ], [ -71.089116303412695, 42.277186429913328 ], [ -71.089877299969245, 42.276474429334627 ], [ -71.092091290732782, 42.274398425769867 ], [ -71.092704288177657, 42.273785424785835 ], [ -71.093278285108141, 42.273238424251808 ], [ -71.093516285013521, 42.273031423898935 ], [ -71.093694283435966, 42.272877423409277 ], [ -71.093693284728829, 42.273084423414041 ], [ -71.093699284408714, 42.273263423465309 ], [ -71.093701284476552, 42.273381423608342 ], [ -71.093682286633452, 42.274351423232893 ], [ -71.09396928655427, 42.27445942283228 ], [ -71.094716285746898, 42.274836422202469 ], [ -71.095153285951412, 42.275065421184962 ], [ -71.095580284412137, 42.275290421039486 ], [ -71.096027284034577, 42.275518420100987 ], [ -71.096241284077351, 42.275627420410252 ], [ -71.096912283009502, 42.276031419248326 ], [ -71.097276283183632, 42.276332418648266 ], [ -71.097567283591218, 42.276639418325701 ], [ -71.097798283174882, 42.276951418186556 ], [ -71.09793228326194, 42.277175418267213 ], [ -71.098036284277157, 42.277403417722503 ], [ -71.098123284369393, 42.27764441742044 ], [ -71.098222285038091, 42.277997417197476 ], [ -71.098291285654597, 42.278435417706561 ], [ -71.09831728612771, 42.278708417698439 ], [ -71.098321288079475, 42.279241417808166 ], [ -71.098331287763031, 42.279577417282958 ] ] ] ] } },
{ "type": "Feature", "properties": { "geoid": "25025110401", "neighborhood": "Roslindale", "sales": 951, "median_price": 328888.0, "investor_share": 0.2092534174553102, "large_inst_share": 0.083070452155625654, "small_med_share": 0.12618296529968454, "flip_rate": 0.090431125131440596, "buy_flip_rate": 0.090431125131440596, "condo_share": 0.55730809674027337, "r23_share": 0.18611987381703471, "hold_score": -0.55544604081471471, "flip_score": -0.28778909882813453, "dominant": "mixed", "policy_fit": "Layered approach", "r_mhi": 67713.0, "pct_nonwhite": 0.64634482758620693, "pct_black": 0.24882758620689654, "pct_latino": 0.3155862068965517, "percent_owners": 64.1 }, "geometry": { "type": "MultiPolygon", "coordinates": [ [ [ [ -71.128127236447767, 42.286448377394372 ], [ -71.127372239522771, 42.287100378644297 ], [ -71.127044241383913, 42.287460378555011 ], [ -71.126836242438529, 42.287644379377966 ], [ -71.126552243883751, 42.28792137974304 ], [ -71.126311244308255, 42.288149379904098 ], [ -71.125964245772778, 42.288482380611732 ], [ -71.125813246969201, 42.288615380265419 ], [ -71.125599247243173, 42.288816381276412 ], [ -71.12464825128815, 42.289713382730213 ], [ -71.124135254243185, 42.290198383419849 ], [ -71.123594255726459, 42.290712384201086 ], [ -71.123071258411343, 42.291200384954436 ], [ -71.122462261003008, 42.291749386077164 ], [ -71.122418260480444, 42.2916873854983 ], [ -71.12225126146366, 42.291608386367095 ], [ -71.121635262690347, 42.291411386532516 ], [ -71.121269263340366, 42.291294387096734 ], [ -71.121114263504381, 42.291252387674255 ], [ -71.120852263005972, 42.291179387973891 ], [ -71.120353264878531, 42.291103388505341 ], [ -71.120191264049367, 42.290873389153688 ], [ -71.120068264250307, 42.290788388565673 ], [ -71.119564264705943, 42.290525389278351 ], [ -71.119258265402379, 42.290486390469027 ], [ -71.119281265380337, 42.29023538990247 ], [ -71.119297264164032, 42.290103390389383 ], [ -71.11938426244474, 42.289429390151 ], [ -71.119487259279481, 42.287916389153764 ], [ -71.119489259310441, 42.287798389703347 ], [ -71.119522255435825, 42.286481388792922 ], [ -71.119548253614965, 42.285511389214385 ], [ -71.119564252740261, 42.285017389065615 ], [ -71.119587250594407, 42.283910388435743 ], [ -71.119617247307971, 42.282685388327458 ], [ -71.119633244599413, 42.281482388179612 ], [ -71.119671243351803, 42.280847387558467 ], [ -71.119711241477276, 42.280288387998404 ], [ -71.120674240135827, 42.280696386527609 ], [ -71.121069239983228, 42.280926386358409 ], [ -71.121320240137763, 42.281091385702595 ], [ -71.122012239016726, 42.281546384591437 ], [ -71.122432239367299, 42.281826384547685 ], [ -71.122964238877486, 42.282163383965845 ], [ -71.123541237799188, 42.282538382400048 ], [ -71.123761238095454, 42.282702382558071 ], [ -71.123975238088079, 42.282933382020957 ], [ -71.124040238521772, 42.282998382215453 ], [ -71.124161237679814, 42.283213382051834 ], [ -71.124246238508988, 42.28345038175992 ], [ -71.124367239323504, 42.283702381958676 ], [ -71.124494238619747, 42.283906381326766 ], [ -71.12476023957224, 42.28418638151399 ], [ -71.125126238749999, 42.284490380735946 ], [ -71.125685238475626, 42.284911380525294 ], [ -71.126097238486054, 42.285175379268324 ], [ -71.126655237847444, 42.285515378985387 ], [ -71.127264237096369, 42.285892378096023 ], [ -71.127435236697011, 42.286003377929916 ], [ -71.128127236447767, 42.286448377394372 ] ] ] ] } },
{ "type": "Feature", "properties": { "geoid": "25025120600", "neighborhood": "Jamaica Plain", "sales": 884, "median_price": 430000.0, "investor_share": 0.10067873303167421, "large_inst_share": 0.020361990950226245, "small_med_share": 0.08031674208144797, "flip_rate": 0.062217194570135748, "buy_flip_rate": 0.058823529411764705, "condo_share": 0.77488687782805432, "r23_share": 0.12782805429864252, "hold_score": 0.31057877362662223, "flip_score": -2.6964546312382298, "dominant": "holding", "policy_fit": "Transfer fee on high-value sales", "r_mhi": 119221.0, "pct_nonwhite": 0.27825409197194073, "pct_black": 0.045985970381917381, "pct_latino": 0.11067809820732658, "percent_owners": 55.8 }, "geometry": { "type": "MultiPolygon", "coordinates": [ [ [ [ -71.11276334107923, 42.317917403419138 ], [ -71.112386343394135, 42.318464403358902 ], [ -71.112145345514847, 42.318805404149643 ], [ -71.111933345971636, 42.319106404025476 ], [ -71.111668347414906, 42.31954040524473 ], [ -71.111057351308972, 42.320326405678927 ], [ -71.110939352020949, 42.320472406217405 ], [ -71.110692353076402, 42.320753406780526 ], [ -71.110531353137901, 42.320999406552325 ], [ -71.110090355588099, 42.321524407389632 ], [ -71.10994435588799, 42.321705407242519 ], [ -71.109795356851848, 42.321856407891985 ], [ -71.109756357296291, 42.321903407795695 ], [ -71.109756357439693, 42.321939407902775 ], [ -71.109772357849835, 42.32197840807779 ], [ -71.109793358014642, 42.322002407392425 ], [ -71.109857357335926, 42.322020408092989 ], [ -71.109937357284522, 42.322025407856941 ], [ -71.109452358092184, 42.322116408243417 ], [ -71.109254358791219, 42.322165408450772 ], [ -71.108451361346226, 42.322389409912226 ], [ -71.108269361485256, 42.32232440990343 ], [ -71.107987361927698, 42.32211441017391 ], [ -71.10749836199868, 42.32171941105107 ], [ -71.106787361841342, 42.321156411922338 ], [ -71.106675362202054, 42.321045412239393 ], [ -71.106559362498629, 42.320914412193801 ], [ -71.105855361369848, 42.319961413059097 ], [ -71.105564362122053, 42.319601413180862 ], [ -71.105447361300321, 42.319509412942899 ], [ -71.105288361417138, 42.319365413165215 ], [ -71.105130361873549, 42.319278413434972 ], [ -71.105388360345657, 42.318935413123171 ], [ -71.105528359185541, 42.318733413340681 ], [ -71.105668359560326, 42.318546413220581 ], [ -71.105794358751098, 42.318404413039246 ], [ -71.106406355185953, 42.317627411384827 ], [ -71.10659535458862, 42.317381411265757 ], [ -71.10667235354066, 42.317268411129042 ], [ -71.106837353483911, 42.317015410618879 ], [ -71.106891353028374, 42.316892411313866 ], [ -71.107068351093645, 42.316611410849042 ], [ -71.107235350337774, 42.316377410130173 ], [ -71.107448350580071, 42.316412410053729 ], [ -71.107766349995671, 42.316452409763109 ], [ -71.108131348757937, 42.316474408911688 ], [ -71.10825434862754, 42.316478409448976 ], [ -71.108440347941411, 42.316483408583423 ], [ -71.109036347105004, 42.316505408070519 ], [ -71.109357345884305, 42.316494407284019 ], [ -71.109629345088791, 42.316507406797527 ], [ -71.109858345160546, 42.316528406547008 ], [ -71.109997345352113, 42.316548406458764 ], [ -71.110120344975087, 42.316584406928115 ], [ -71.110226344396906, 42.316624406368952 ], [ -71.110391344669566, 42.316700405939351 ], [ -71.110667343685606, 42.316825406190475 ], [ -71.110838343593571, 42.316902405851067 ], [ -71.111763342439431, 42.317390404577417 ], [ -71.112417342286179, 42.317730403910616 ], [ -71.11276334107923, 42.317917403419138 ] ] ] ] } },
{ "type": "Feature", "properties": { "geoid": "25025091700", "neighborhood": "Dorchester", "sales": 748, "median_price": 310000.0, "investor_share": 0.39705882352941174, "large_inst_share": 0.2018716577540107, "small_med_share": 0.19518716577540107, "flip_rate": 0.15106951871657753, "buy_flip_rate": 0.15106951871657753, "condo_share": 0.29411764705882354, "r23_share": 0.53475935828877008, "hold_score": -2.2707546650714292, "flip_score": 5.9064266738066902, "dominant": "flipping", "policy_fit": "TOPA / anti-flip / stabilization", "r_mhi": 39750.0, "pct_nonwhite": 0.93506088042460189, "pct_black": 0.40930377770839838, "pct_latino": 0.24820480799250702, "percent_owners": 66.8 }, "geometry": { "type": "MultiPolygon", "coordinates": [ [ [ [ -71.071386402916318, 42.303479457358122 ], [ -71.07131040259172, 42.303572457690727 ], [ -71.071113403224331, 42.303677457723907 ], [ -71.070737404904207, 42.303793458793407 ], [ -71.070475404837907, 42.303869459373217 ], [ -71.070273406105656, 42.303949459546587 ], [ -71.070000406983013, 42.304070459963903 ], [ -71.069767408076899, 42.304215460218664 ], [ -71.069470408867474, 42.304423460121356 ], [ -71.068797411649101, 42.30488846175561 ], [ -71.068705411264702, 42.304951461744217 ], [ -71.068343412913023, 42.305206461697779 ], [ -71.067882415469455, 42.305541462715389 ], [ -71.067467416838781, 42.305848463671452 ], [ -71.067363416586261, 42.305934463318827 ], [ -71.067007418599786, 42.306245464111711 ], [ -71.066493420507967, 42.306709464682925 ], [ -71.066223420668805, 42.306543465207227 ], [ -71.066130421052989, 42.306476464995036 ], [ -71.066078420417895, 42.306420465396187 ], [ -71.066041420754345, 42.306364465685988 ], [ -71.065986421336902, 42.306252465041396 ], [ -71.065386420420921, 42.305315466475449 ], [ -71.065256420348092, 42.305098466084743 ], [ -71.064978419457191, 42.304682466636542 ], [ -71.06468141949118, 42.30420346708874 ], [ -71.064577419096551, 42.304017467152043 ], [ -71.06386242118208, 42.304216468002082 ], [ -71.063951420998563, 42.304369467872924 ], [ -71.064030420826924, 42.30453346832946 ], [ -71.064127421635789, 42.304708467536095 ], [ -71.064553422275395, 42.305394467285787 ], [ -71.064300422528305, 42.305459467326791 ], [ -71.063423425217664, 42.30570146906517 ], [ -71.063122423970484, 42.305002469077934 ], [ -71.062403426242298, 42.305185469828025 ], [ -71.062365426468446, 42.305179470504648 ], [ -71.062302426454394, 42.305164470200701 ], [ -71.061503428785144, 42.305370471268503 ], [ -71.061366427982136, 42.305060471957312 ], [ -71.061156427415526, 42.304559472231269 ], [ -71.060855426951164, 42.303862471901041 ], [ -71.060575426254957, 42.30314547242105 ], [ -71.061493423473578, 42.302933471281861 ], [ -71.061795422188851, 42.302858471013842 ], [ -71.062339420870885, 42.302734469942394 ], [ -71.062743420240082, 42.302625469414025 ], [ -71.063353418412618, 42.302438468437728 ], [ -71.0636824171157, 42.302342468124365 ], [ -71.063464417528138, 42.301999468297794 ], [ -71.063978415999827, 42.301873467515342 ], [ -71.06427841451189, 42.301790467474454 ], [ -71.064447414683244, 42.301742467413284 ], [ -71.065228412473019, 42.301536466071738 ], [ -71.067366406333292, 42.301007462985389 ], [ -71.067655406281915, 42.301180462929253 ], [ -71.067872405415187, 42.301298462157419 ], [ -71.06840340444964, 42.301620462079853 ], [ -71.06889640482629, 42.301906460706789 ], [ -71.069023404899184, 42.301978460475958 ], [ -71.069522404397773, 42.302284460147959 ], [ -71.070171403819202, 42.302662459302951 ], [ -71.070473403285575, 42.30283545924047 ], [ -71.07085840265286, 42.303072458252196 ], [ -71.071102401902436, 42.303207457935031 ], [ -71.071173401903039, 42.303251457642389 ], [ -71.071425402073615, 42.303407458081146 ], [ -71.071386402916318, 42.303479457358122 ] ] ] ] } },
{ "type": "Feature", "properties": { "geoid": "25025030100", "neighborhood": "North End", "sales": 615, "median_price": 430000.0, "investor_share": 0.23902439024390243, "large_inst_share": 0.026016260162601626, "small_med_share": 0.21300813008130082, "flip_rate": 0.07642276422764227, "buy_flip_rate": 0.073170731707317069, "condo_share": 0.80487804878048785, "r23_share": 0.037398373983739838, "hold_score": 1.4740469536713903, "flip_score": -2.2183081032575718, "dominant": "holding", "policy_fit": "Transfer fee on high-value sales", "r_mhi": 101315.0, "pct_nonwhite": 0.12907801418439713, "pct_black": 0.012293144208037825, "pct_latino": 0.047754137115839243, "percent_owners": 66.0 }, "geometry": { "type": "MultiPolygon", "coordinates": [ [ [ [ -71.058524572572793, 42.366952480344061 ], [ -71.058069574417104, 42.367264480747707 ], [ -71.057567577062443, 42.367647481775116 ], [ -71.057368577176547, 42.36777148203965 ], [ -71.057323577738131, 42.367799481660313 ], [ -71.056882579563407, 42.368074482529721 ], [ -71.056693579515581, 42.368180482848523 ], [ -71.056627579868277, 42.368217482498757 ], [ -71.056604580674957, 42.368226483188344 ], [ -71.056506581123671, 42.368265483232804 ], [ -71.056373581487904, 42.368292483348334 ], [ -71.056186580978732, 42.368291483116181 ], [ -71.056084581188202, 42.368282483778515 ], [ -71.055778582502327, 42.368197484115136 ], [ -71.054945582911699, 42.367986484727197 ], [ -71.054763583594124, 42.367944485257588 ], [ -71.054433583683007, 42.367868485639669 ], [ -71.054040584913338, 42.367726486501745 ], [ -71.053972584868902, 42.367702485900907 ], [ -71.053785584620272, 42.367637486511043 ], [ -71.05346758573782, 42.367544486372871 ], [ -71.053399586013697, 42.367525486538071 ], [ -71.053964583598258, 42.366908486289724 ], [ -71.054289583222143, 42.367039485493272 ], [ -71.054616580640513, 42.366558484811222 ], [ -71.054725580775639, 42.366398485047732 ], [ -71.054808580167276, 42.366265485084661 ], [ -71.054880579770696, 42.366150485203498 ], [ -71.054998578843652, 42.365964484517519 ], [ -71.055484578668683, 42.366185483682344 ], [ -71.05563057679538, 42.365950484243662 ], [ -71.055949575680373, 42.365508483569606 ], [ -71.056351575799695, 42.36572348305284 ], [ -71.056512574365399, 42.365579483055804 ], [ -71.056749574141875, 42.365400482504057 ], [ -71.056844573675463, 42.365355481964748 ], [ -71.057403571681434, 42.365308481465902 ], [ -71.057434572764862, 42.365778481514184 ], [ -71.057464572724072, 42.365842481430157 ], [ -71.057485573334645, 42.365873481734972 ], [ -71.057533573635013, 42.365941481522405 ], [ -71.057783572666835, 42.366210481247279 ], [ -71.057961573579689, 42.366419481342511 ], [ -71.058350572837668, 42.366801480530455 ], [ -71.058524572572793, 42.366952480344061 ] ] ] ] } },
{ "type": "Feature", "properties": { "geoid": "25025110502", "neighborhood": "Roslindale", "sales": 1303, "median_price": 360000.0, "investor_share": 0.16807367613200308, "large_inst_share": 0.069071373752877974, "small_med_share": 0.099002302379125093, "flip_rate": 0.076745970836531077, "buy_flip_rate": 0.077513430544896386, "condo_share": 0.44128933231005374, "r23_share": 0.18188795088257867, "hold_score": -0.88925840707516157, "flip_score": -1.2362500460536203, "dominant": "mixed", "policy_fit": "Layered approach", "r_mhi": 96326.0, "pct_nonwhite": 0.4555, "pct_black": 0.139, "pct_latino": 0.2295, "percent_owners": 65.6 }, "geometry": { "type": "MultiPolygon", "coordinates": [ [ [ [ -71.137620214523253, 42.286052363883542 ], [ -71.137569214608433, 42.286143363900713 ], [ -71.137423214606613, 42.286251364390708 ], [ -71.137002216498587, 42.286261364778738 ], [ -71.13522721954854, 42.286302367524414 ], [ -71.134231222275531, 42.286314368323168 ], [ -71.133850223502023, 42.286325369457757 ], [ -71.133381224979971, 42.286351369438123 ], [ -71.133058224662477, 42.286373370068659 ], [ -71.132255227218792, 42.286463371375945 ], [ -71.1318302284715, 42.28652837180276 ], [ -71.131663229280747, 42.286572371861482 ], [ -71.131173230084471, 42.286699373199305 ], [ -71.130948230671095, 42.28678137322364 ], [ -71.130562232274229, 42.286899373369209 ], [ -71.130055233679997, 42.287074374254438 ], [ -71.129701234526891, 42.287180375370411 ], [ -71.129554234479244, 42.2872113752411 ], [ -71.129378235145495, 42.287130375815664 ], [ -71.129279235461212, 42.287085375475492 ], [ -71.129118235990333, 42.287018375995508 ], [ -71.12895823608855, 42.286981375739799 ], [ -71.128775236609414, 42.286939376323794 ], [ -71.128636236788623, 42.286934376222845 ], [ -71.128299237568072, 42.286909376557389 ], [ -71.128173237797427, 42.286914377070453 ], [ -71.127907238504264, 42.286968377777704 ], [ -71.127658238494519, 42.287057378127656 ], [ -71.127044241383913, 42.287460378555011 ], [ -71.127372239522771, 42.287100378644297 ], [ -71.128127236447767, 42.286448377394372 ], [ -71.127435236697011, 42.286003377929916 ], [ -71.127264237096369, 42.285892378096023 ], [ -71.126655237847444, 42.285515378985387 ], [ -71.126097238486054, 42.285175379268324 ], [ -71.125685238475626, 42.284911380525294 ], [ -71.125126238749999, 42.284490380735946 ], [ -71.125935235333372, 42.283780379624311 ], [ -71.126598232648419, 42.283207379031062 ], [ -71.126699232679712, 42.283127378653226 ], [ -71.126786231483749, 42.283069378402438 ], [ -71.127257230040954, 42.282903378063281 ], [ -71.127941228865325, 42.282665377057349 ], [ -71.127809228518544, 42.282514376846549 ], [ -71.127576227988413, 42.282215377194234 ], [ -71.127764228093938, 42.28209837719843 ], [ -71.128191225540846, 42.281724376002884 ], [ -71.128611223992181, 42.281376375615345 ], [ -71.129081222437463, 42.280968375107555 ], [ -71.12944922234901, 42.28122437390887 ], [ -71.129750221453932, 42.281455373944937 ], [ -71.129953220922403, 42.281534373890466 ], [ -71.130126220843451, 42.281379373105786 ], [ -71.130576218364496, 42.281002372450693 ], [ -71.131320216068332, 42.280369371980832 ], [ -71.13154521459748, 42.280142371256346 ], [ -71.132168211966203, 42.279602370037551 ], [ -71.132500210958369, 42.279324370160637 ], [ -71.132558210217795, 42.279260369497855 ], [ -71.132595209704888, 42.279185369295647 ], [ -71.132632209644328, 42.279135369571897 ], [ -71.132668209925185, 42.279046369152944 ], [ -71.132683209004924, 42.278922368967557 ], [ -71.132691209419662, 42.278735369367851 ], [ -71.132757208698351, 42.278600369329908 ], [ -71.133047207296769, 42.278301369097143 ], [ -71.133358205634451, 42.278055368402804 ], [ -71.134204202405115, 42.277355366980139 ], [ -71.134784200460246, 42.276898366468686 ], [ -71.135344199772859, 42.277260364975142 ], [ -71.135705198977149, 42.277467365055593 ], [ -71.135895199341121, 42.277592364727759 ], [ -71.136422198770916, 42.277911363824764 ], [ -71.136997198077196, 42.278323362966113 ], [ -71.137064198854247, 42.278794363245325 ], [ -71.137117200704864, 42.279599363638006 ], [ -71.137191202888047, 42.280377363507988 ], [ -71.13722620228225, 42.280627363539104 ], [ -71.137226202480377, 42.280696363558533 ], [ -71.137245204305103, 42.281067363112896 ], [ -71.137293205268008, 42.281523363404965 ], [ -71.13728220482696, 42.281662363141706 ], [ -71.137360206065495, 42.282432363409981 ], [ -71.13738020691099, 42.282674363593529 ], [ -71.137474209493874, 42.283660363939319 ], [ -71.137500210474769, 42.284329363329526 ], [ -71.137588212846339, 42.285367363694895 ], [ -71.137614213975297, 42.285847363602898 ], [ -71.137620214523253, 42.286052363883542 ] ] ] ] } },
{ "type": "Feature", "properties": { "geoid": "25025010600", "neighborhood": "Back Bay", "sales": 1151, "median_price": 790500.0, "investor_share": 0.25543006081668113, "large_inst_share": 0.043440486533449174, "small_med_share": 0.21198957428323198, "flip_rate": 0.09556907037358818, "buy_flip_rate": 0.09556907037358818, "condo_share": 0.96698523023457861, "r23_share": 0.0034752389226759338, "hold_score": 2.4782686093002328, "flip_score": -0.96851242206308508, "dominant": "holding", "policy_fit": "Transfer fee on high-value sales", "r_mhi": 74773.0, "pct_nonwhite": 0.29951827713233214, "pct_black": 0.04222159251912723, "pct_latino": 0.070558231793709264, "percent_owners": 58.0 }, "geometry": { "type": "MultiPolygon", "coordinates": [ [ [ [ -71.085601469533501, 42.34788444335301 ], [ -71.085312470630441, 42.347960443379222 ], [ -71.083748475348088, 42.348380445857948 ], [ -71.082100479826636, 42.348819447611866 ], [ -71.081810480937946, 42.348906448482339 ], [ -71.081423481306075, 42.34901844879596 ], [ -71.08077748372834, 42.349195449631502 ], [ -71.079507487513013, 42.349508451360514 ], [ -71.077367492766072, 42.350075454670666 ], [ -71.076932492863619, 42.349280454856697 ], [ -71.076823492862971, 42.349337454701619 ], [ -71.076682492778673, 42.349395454846999 ], [ -71.076568493994145, 42.349433455207794 ], [ -71.076412494120291, 42.349478455414598 ], [ -71.075873495008267, 42.349611456344633 ], [ -71.074791498166604, 42.349860457259027 ], [ -71.072658504724998, 42.350410460879637 ], [ -71.072244503101331, 42.349532461177347 ], [ -71.072075503008946, 42.349180461318376 ], [ -71.072054503057231, 42.349137460880264 ], [ -71.071999502824497, 42.34902246093467 ], [ -71.072264502240444, 42.348950460885867 ], [ -71.072818499977316, 42.34879045987136 ], [ -71.073578498230674, 42.34858445888559 ], [ -71.07411349625437, 42.348439458394644 ], [ -71.075095494029199, 42.348159456679888 ], [ -71.075129493608316, 42.348154456906023 ], [ -71.075162493957251, 42.348159456574521 ], [ -71.075208493284606, 42.3482014567183 ], [ -71.075387493633116, 42.348575456929645 ], [ -71.076380491449584, 42.348306455822659 ], [ -71.076200490614838, 42.347911455960237 ], [ -71.076121490382391, 42.347762455556001 ], [ -71.076031490667276, 42.347577455989409 ], [ -71.075932489848412, 42.347363456264389 ], [ -71.076027489414614, 42.34730945583464 ], [ -71.076644486962479, 42.346860455200854 ], [ -71.077052485533116, 42.346564454628627 ], [ -71.077772483741455, 42.346042453703937 ], [ -71.078085482017514, 42.345821453339269 ], [ -71.078377480824898, 42.345580452580649 ], [ -71.078746479452107, 42.345277451785478 ], [ -71.079388476401135, 42.344764451417838 ], [ -71.079465476080827, 42.344710450740045 ], [ -71.080081474233367, 42.344219449998839 ], [ -71.080150474252363, 42.344263449792074 ], [ -71.080224473718133, 42.344319449780116 ], [ -71.080343474337155, 42.344400449380679 ], [ -71.080861472978782, 42.344753449432872 ], [ -71.080910473223597, 42.344787449257858 ], [ -71.081302472828526, 42.34504944843669 ], [ -71.081709473064407, 42.345339447671726 ], [ -71.081820472539164, 42.345413448354257 ], [ -71.081880472625542, 42.345522447864688 ], [ -71.082089472474209, 42.345670447467079 ], [ -71.082376472818893, 42.345801447004206 ], [ -71.082756471367958, 42.34585644654836 ], [ -71.08298347105908, 42.345846446445876 ], [ -71.08341246964352, 42.345894446130394 ], [ -71.08383246945364, 42.345945445637057 ], [ -71.084405468701192, 42.346039444370369 ], [ -71.084633468053653, 42.34608744411986 ], [ -71.084741467519109, 42.346195444143312 ], [ -71.084792468357008, 42.346269444075169 ], [ -71.084803468134453, 42.346300443913627 ], [ -71.084906467960707, 42.346480443662784 ], [ -71.085029468873387, 42.346738443814097 ], [ -71.085264468383784, 42.347176443252771 ], [ -71.085430469763637, 42.347487443267596 ], [ -71.085475469696206, 42.347571443285467 ], [ -71.085527468963662, 42.347698443015673 ], [ -71.085601469533501, 42.34788444335301 ] ] ] ] } },
{ "type": "Feature", "properties": { "geoid": "25025120500", "neighborhood": "Jamaica Plain", "sales": 701, "median_price": 460000.0, "investor_share": 0.18972895863052783, "large_inst_share": 0.038516405135520682, "small_med_share": 0.15121255349500715, "flip_rate": 0.079885877318116971, "buy_flip_rate": 0.077032810271041363, "condo_share": 0.63766048502139805, "r23_share": 0.20684736091298145, "hold_score": 0.74371766960147467, "flip_score": -1.0011639802636285, "dominant": "holding", "policy_fit": "Transfer fee on high-value sales", "r_mhi": 68681.0, "pct_nonwhite": 0.61906727197688816, "pct_black": 0.10936855138258357, "pct_latino": 0.37804374742055302, "percent_owners": 55.9 }, "geometry": { "type": "MultiPolygon", "coordinates": [ [ [ [ -71.108451361346226, 42.322389409912226 ], [ -71.107984362080913, 42.322441410598508 ], [ -71.107843362960082, 42.322445410574417 ], [ -71.10685136510287, 42.322526412246219 ], [ -71.106565365644641, 42.322564412301681 ], [ -71.105833367995302, 42.3226334131014 ], [ -71.10515536896331, 42.322702413722347 ], [ -71.104866369541554, 42.322721414725542 ], [ -71.104015371778871, 42.322819415715863 ], [ -71.103605373867211, 42.322869416200739 ], [ -71.103505373970208, 42.322882416499226 ], [ -71.103217374505093, 42.32290541682044 ], [ -71.102861374777291, 42.322919417203252 ], [ -71.102464375565319, 42.32291941739706 ], [ -71.102175377084393, 42.322914417869129 ], [ -71.1021063769509, 42.322913418371691 ], [ -71.101891377554594, 42.322901418691615 ], [ -71.101743377333932, 42.322892419093193 ], [ -71.101340378359566, 42.322858419272649 ], [ -71.10061937930773, 42.322819420174021 ], [ -71.100584379952821, 42.322814419902251 ], [ -71.10036038048348, 42.322807420545189 ], [ -71.10002238089821, 42.322772421191637 ], [ -71.100541378666207, 42.322128419936824 ], [ -71.101405374815698, 42.32110641899186 ], [ -71.102500369337548, 42.319827417697944 ], [ -71.102943367292383, 42.319298416504367 ], [ -71.103430363750562, 42.318657415439255 ], [ -71.103680363233352, 42.318291415744326 ], [ -71.103965360799478, 42.317857415123697 ], [ -71.104212359307297, 42.317456414775819 ], [ -71.104474357957628, 42.317022413794191 ], [ -71.104879357309201, 42.317033413390448 ], [ -71.105133356450423, 42.317014413759644 ], [ -71.105368356050931, 42.316974412863878 ], [ -71.105664355543581, 42.316923412930244 ], [ -71.10575435525972, 42.316929412347037 ], [ -71.105859355219565, 42.316947412750224 ], [ -71.106124355003132, 42.317023411902902 ], [ -71.106378354460915, 42.317120411806627 ], [ -71.10667235354066, 42.317268411129042 ], [ -71.10659535458862, 42.317381411265757 ], [ -71.106406355185953, 42.317627411384827 ], [ -71.105794358751098, 42.318404413039246 ], [ -71.105668359560326, 42.318546413220581 ], [ -71.105528359185541, 42.318733413340681 ], [ -71.105388360345657, 42.318935413123171 ], [ -71.105130361873549, 42.319278413434972 ], [ -71.105288361417138, 42.319365413165215 ], [ -71.105447361300321, 42.319509412942899 ], [ -71.105564362122053, 42.319601413180862 ], [ -71.105855361369848, 42.319961413059097 ], [ -71.106559362498629, 42.320914412193801 ], [ -71.106675362202054, 42.321045412239393 ], [ -71.106787361841342, 42.321156411922338 ], [ -71.10749836199868, 42.32171941105107 ], [ -71.107987361927698, 42.32211441017391 ], [ -71.108269361485256, 42.32232440990343 ], [ -71.108451361346226, 42.322389409912226 ] ] ] ] } },
{ "type": "Feature", "properties": { "geoid": "25025070600", "neighborhood": "South End", "sales": 1539, "median_price": 740000.0, "investor_share": 0.19168291098115658, "large_inst_share": 0.016894087069525665, "small_med_share": 0.17478882391163092, "flip_rate": 0.096816114359974004, "buy_flip_rate": 0.095516569200779722, "condo_share": 0.82651072124756331, "r23_share": 0.068226120857699801, "hold_score": 1.2468728112855736, "flip_score": -0.55880087346528784, "dominant": "holding", "policy_fit": "Transfer fee on high-value sales", "r_mhi": 135500.0, "pct_nonwhite": 0.21075644949715788, "pct_black": 0.043288150415391344, "pct_latino": 0.057280279842588544, "percent_owners": 56.3 }, "geometry": { "type": "MultiPolygon", "coordinates": [ [ [ [ -71.079206472988602, 42.342697451409627 ], [ -71.078560475551271, 42.343211451795085 ], [ -71.07827947538722, 42.343335452684308 ], [ -71.07819947564559, 42.343266452599309 ], [ -71.078045476790138, 42.343290453132013 ], [ -71.07766947794434, 42.343372452844484 ], [ -71.077521477399955, 42.343466453550548 ], [ -71.077386478266988, 42.343535453895086 ], [ -71.077118479561832, 42.343601454253033 ], [ -71.076797480145402, 42.343679454352873 ], [ -71.07593548233551, 42.343915455737509 ], [ -71.075687483538786, 42.343984456053761 ], [ -71.074965485687429, 42.344166456539739 ], [ -71.074487486995437, 42.344297457153061 ], [ -71.074631486613484, 42.344605457720739 ], [ -71.07473548696332, 42.344827457404648 ], [ -71.074871487631412, 42.345105457316222 ], [ -71.072745493860211, 42.345657460053459 ], [ -71.072563493685394, 42.345282460235758 ], [ -71.072374492903833, 42.344872460395976 ], [ -71.072001491408344, 42.344122460715774 ], [ -71.071862491240992, 42.343833460757487 ], [ -71.07231348991553, 42.343608460190197 ], [ -71.072816488278434, 42.343341459667634 ], [ -71.073156487620551, 42.343160459435495 ], [ -71.073754485044404, 42.342831458432649 ], [ -71.073815484259597, 42.342800457812558 ], [ -71.07458548244955, 42.342408456980927 ], [ -71.075348479984328, 42.341991456418683 ], [ -71.075981477526241, 42.341659455334899 ], [ -71.076591475788135, 42.341336454559531 ], [ -71.077371473027739, 42.340931453641431 ], [ -71.077589473018406, 42.34113445312915 ], [ -71.078355472060565, 42.341845452325977 ], [ -71.078752472952502, 42.342283451846427 ], [ -71.078834472476132, 42.3423744512395 ], [ -71.079013472447386, 42.34255145140623 ], [ -71.079120472186844, 42.342638451160042 ], [ -71.079206472988602, 42.342697451409627 ] ] ] ] } },
{ "type": "Feature", "properties": { "geoid": "25025100603", "neighborhood": "Dorchester", "sales": 925, "median_price": 327000.0, "investor_share": 0.22486486486486487, "large_inst_share": 0.082162162162162156, "small_med_share": 0.14270270270270272, "flip_rate": 0.097297297297297303, "buy_flip_rate": 0.098378378378378373, "condo_share": 0.54918918918918924, "r23_share": 0.17837837837837839, "hold_score": 0.37136844967807059, "flip_score": 0.18260528701740286, "dominant": "mixed", "policy_fit": "Layered approach", "r_mhi": 90208.0, "pct_nonwhite": 0.35957642725598526, "pct_black": 0.10405156537753223, "pct_latino": 0.068139963167587483, "percent_owners": 62.7 }, "geometry": { "type": "MultiPolygon", "coordinates": [ [ [ [ -71.044086456788861, 42.300073494860293 ], [ -71.044054456375974, 42.30003549488751 ], [ -71.043854456719373, 42.299922494801784 ], [ -71.04385445670826, 42.299841495461862 ], [ -71.044009455116992, 42.299635494603976 ], [ -71.044164454825946, 42.299534494955715 ], [ -71.044503454273141, 42.299388494460828 ], [ -71.044657453810174, 42.299376494121539 ], [ -71.044780453192004, 42.299433494249193 ], [ -71.044842453499925, 42.29943149353668 ], [ -71.044843452261389, 42.299184494011079 ], [ -71.045260451371419, 42.299010492823079 ], [ -71.045476450421887, 42.298943493188652 ], [ -71.045568450222234, 42.29894649306037 ], [ -71.045753450403254, 42.299068492453536 ], [ -71.045830450119311, 42.299072492487106 ], [ -71.046046449452419, 42.29897849260351 ], [ -71.046324448813621, 42.298901491694195 ], [ -71.046385449038254, 42.298855492006126 ], [ -71.046386448014701, 42.298810491611199 ], [ -71.04621744815563, 42.298623491517446 ], [ -71.046217447751957, 42.298533491838143 ], [ -71.046264447897983, 42.298465492053246 ], [ -71.046249447215331, 42.298375491672331 ], [ -71.04618744749915, 42.298340491592903 ], [ -71.045971448851787, 42.298340492018816 ], [ -71.045922448174593, 42.298313491919785 ], [ -71.045556448535393, 42.298108493160925 ], [ -71.04534144895824, 42.297950493168031 ], [ -71.045080449330499, 42.297685493338157 ], [ -71.0448044489994, 42.297307494049804 ], [ -71.044743448827035, 42.297159493776817 ], [ -71.044698447496017, 42.296908493729958 ], [ -71.044545447151464, 42.296609493691371 ], [ -71.044592447150279, 42.296437494219148 ], [ -71.044593446148241, 42.296140494391132 ], [ -71.044655446352721, 42.296049494295374 ], [ -71.044748445614118, 42.295993493815118 ], [ -71.044947445550548, 42.296021493574926 ], [ -71.045056445318579, 42.29603749314122 ], [ -71.045226444196402, 42.29600249322214 ], [ -71.045364444000313, 42.296005492524571 ], [ -71.045502444611628, 42.296088492623156 ], [ -71.045578444487191, 42.296383493038419 ], [ -71.045793445528631, 42.29674949242537 ], [ -71.045915445809158, 42.297026491828703 ], [ -71.045929445861006, 42.297471492257799 ], [ -71.045959447113148, 42.297561492540055 ], [ -71.046097446177768, 42.29775749161184 ], [ -71.046373446653377, 42.298031491926636 ], [ -71.046465446887296, 42.298101491633645 ], [ -71.046496446474748, 42.298101491513798 ], [ -71.046543446159404, 42.29805549141247 ], [ -71.046543446505055, 42.29796549172746 ], [ -71.046375445784136, 42.297423491870795 ], [ -71.045887443686837, 42.296225492120996 ], [ -71.045781442865746, 42.295880492032261 ], [ -71.045291441934154, 42.294988492784064 ], [ -71.045215442180705, 42.294814492892868 ], [ -71.04495544145972, 42.294413493031641 ], [ -71.0445884410926, 42.293740493735726 ], [ -71.044434441770306, 42.293635494053639 ], [ -71.044142441097762, 42.293509494651595 ], [ -71.043993441852678, 42.293408494445089 ], [ -71.043773442484508, 42.293259495197859 ], [ -71.043327442798017, 42.292992495146159 ], [ -71.042897442911993, 42.292671496410264 ], [ -71.042375442046819, 42.292122496788423 ], [ -71.04226844225964, 42.291917497219018 ], [ -71.042254442558971, 42.291791496984679 ], [ -71.042238441972657, 42.291711497029112 ], [ -71.042224441375055, 42.291540496867711 ], [ -71.042025441627942, 42.291264497149776 ], [ -71.041933441493825, 42.291000497021891 ], [ -71.041920439617954, 42.290442497652769 ], [ -71.04195243965836, 42.290257497363847 ], [ -71.041953438004768, 42.289915497205833 ], [ -71.041832437646747, 42.289471497727767 ], [ -71.041770438235034, 42.289409497719035 ], [ -71.041724437565279, 42.289410497285189 ], [ -71.041662438708855, 42.289478497632274 ], [ -71.041629439602403, 42.290042497870147 ], [ -71.041626441722812, 42.290794497764779 ], [ -71.041747441676137, 42.291377498041633 ], [ -71.04182344295171, 42.291650497879694 ], [ -71.04206744356712, 42.292177497526772 ], [ -71.042158443991156, 42.292509497072075 ], [ -71.042248445124415, 42.293138497467964 ], [ -71.042248444935666, 42.293232497316858 ], [ -71.042201445697728, 42.293278497507025 ], [ -71.04136944755389, 42.293252498007703 ], [ -71.041293448035532, 42.29324049884066 ], [ -71.041231447145364, 42.293192498324295 ], [ -71.041185447121848, 42.293112498222762 ], [ -71.041077446949345, 42.293033498357254 ], [ -71.041000447995103, 42.293043498437932 ], [ -71.040939448218808, 42.293089498917844 ], [ -71.040862447715327, 42.293090498559167 ], [ -71.040538448233804, 42.293020499671137 ], [ -71.039769450538813, 42.292939500453556 ], [ -71.039676450113689, 42.292859500570003 ], [ -71.039615449958788, 42.292653500672365 ], [ -71.039524449814351, 42.292583501149842 ], [ -71.039369450670307, 42.292559500891471 ], [ -71.039278449752288, 42.292502501563305 ], [ -71.039277450439982, 42.29245750124435 ], [ -71.039571449365354, 42.292217500554052 ], [ -71.039571448873829, 42.292150500797369 ], [ -71.039479449233298, 42.29210250066523 ], [ -71.039309449237393, 42.292181500756946 ], [ -71.039232449799371, 42.292183501344851 ], [ -71.039171449460753, 42.292125501325373 ], [ -71.039172449655169, 42.2919185010295 ], [ -71.039095449344899, 42.29181650104541 ], [ -71.039111448401286, 42.291658501444672 ], [ -71.038912449403512, 42.291473501781795 ], [ -71.039051448096259, 42.291335501610412 ], [ -71.039051448146836, 42.291281501340109 ], [ -71.038974448711286, 42.291224501187948 ], [ -71.038912447828338, 42.291198501930921 ], [ -71.038882448304875, 42.291212501940521 ], [ -71.038712448537623, 42.291323501585289 ], [ -71.038589449325286, 42.291312502152628 ], [ -71.038143449164551, 42.291013502905926 ], [ -71.037867449307939, 42.290798503452891 ], [ -71.037852449605097, 42.290740503118997 ], [ -71.037898449314795, 42.290590502852019 ], [ -71.037898448961485, 42.290545502915315 ], [ -71.037899449066458, 42.290432503376266 ], [ -71.037838447994488, 42.290132503365911 ], [ -71.037901447543547, 42.289915503231676 ], [ -71.037903447262437, 42.289586502928636 ], [ -71.037872446225492, 42.289438503169585 ], [ -71.037750446738613, 42.289125503111009 ], [ -71.037413446406134, 42.288667503276841 ], [ -71.037306445699727, 42.28845350390349 ], [ -71.037307445669526, 42.288381503317765 ], [ -71.037416444788221, 42.288131503322276 ], [ -71.037416444254802, 42.287924503325378 ], [ -71.037679442863279, 42.287699503145845 ], [ -71.037741442836904, 42.287585502916038 ], [ -71.037773442999679, 42.28744550270671 ], [ -71.037897442213151, 42.287263503204272 ], [ -71.03836144027288, 42.286831501953877 ], [ -71.038484438903509, 42.286752501736899 ], [ -71.038869438823426, 42.28692650174078 ], [ -71.038992438077329, 42.286923501167749 ], [ -71.039038438238435, 42.286891501583426 ], [ -71.039038438318428, 42.286819501458396 ], [ -71.038993438682255, 42.286766500918986 ], [ -71.038993437655591, 42.286662501230744 ], [ -71.038947438122818, 42.286501501416211 ], [ -71.038425438312871, 42.286087501664589 ], [ -71.038431438008104, 42.286060502191091 ], [ -71.038441437859177, 42.286019501926454 ], [ -71.038708436884434, 42.285815501542729 ], [ -71.03941443382142, 42.285277500973244 ], [ -71.039754433311543, 42.285086500347276 ], [ -71.039971432223922, 42.284925499717126 ], [ -71.040137431110935, 42.284755499501138 ], [ -71.040221430465849, 42.284668499672769 ], [ -71.040388431160352, 42.284760499273901 ], [ -71.040666430284887, 42.284906498865226 ], [ -71.040898430032428, 42.285028498216747 ], [ -71.041001429893015, 42.285082498579314 ], [ -71.041278429084201, 42.285227497837234 ], [ -71.04165842886151, 42.285415497153551 ], [ -71.041994428417993, 42.285544496572591 ], [ -71.042532427986814, 42.285719496482322 ], [ -71.042718427301139, 42.285792496215649 ], [ -71.04282042779262, 42.285835495521361 ], [ -71.042942427669558, 42.285886496071164 ], [ -71.043026427420443, 42.28592249574352 ], [ -71.043314426850401, 42.286078494996659 ], [ -71.043858426646921, 42.286333494709915 ], [ -71.044149425785406, 42.286455493819176 ], [ -71.044461425057705, 42.286588493435289 ], [ -71.045290423957994, 42.286933492055532 ], [ -71.047460418385683, 42.286389489643845 ], [ -71.048514415316944, 42.286135488398507 ], [ -71.049085416609316, 42.287389487307422 ], [ -71.049369417299388, 42.288012486813294 ], [ -71.050696413503829, 42.287797485410238 ], [ -71.050895414063874, 42.288181485137521 ], [ -71.051152414652805, 42.28867748472932 ], [ -71.051359415736286, 42.289077484409987 ], [ -71.051471415380362, 42.289314483761224 ], [ -71.051357416099847, 42.289327483909439 ], [ -71.050323418539861, 42.289607485848052 ], [ -71.048417423917613, 42.290058488314543 ], [ -71.048710424158628, 42.290420487551778 ], [ -71.049415424805986, 42.291301487068395 ], [ -71.049761425317882, 42.291725486341363 ], [ -71.050154425260672, 42.292185486185268 ], [ -71.050632425099181, 42.29278248581462 ], [ -71.049957427502832, 42.293035486667826 ], [ -71.049712428039967, 42.293095486563452 ], [ -71.049003430563076, 42.293268488064534 ], [ -71.048416431333351, 42.293411488455966 ], [ -71.048306431350696, 42.293204488686236 ], [ -71.048176432212998, 42.293132489054578 ], [ -71.048066431312947, 42.293081489176146 ], [ -71.047985432519738, 42.293079488859483 ], [ -71.047893432446031, 42.293092489284533 ], [ -71.047821432724163, 42.293109489153053 ], [ -71.047745432929702, 42.293138489590248 ], [ -71.047730433213147, 42.293186489679044 ], [ -71.047542433348255, 42.293485489618455 ], [ -71.047455434019156, 42.293594489862883 ], [ -71.047430434770845, 42.293625489711964 ], [ -71.047371435368504, 42.293710490015556 ], [ -71.047313434940989, 42.293785490048187 ], [ -71.047276434902429, 42.293832490505672 ], [ -71.047217435556178, 42.293930490213206 ], [ -71.047172436502976, 42.294032490183746 ], [ -71.047160436290071, 42.29419549059233 ], [ -71.04716243631097, 42.294236490197406 ], [ -71.047170437250031, 42.294359490591972 ], [ -71.047200437527778, 42.294515490057101 ], [ -71.047293437177274, 42.294816490284823 ], [ -71.047313437617461, 42.294882490188435 ], [ -71.047385438265238, 42.295069490405254 ], [ -71.04747843757427, 42.295272489714321 ], [ -71.047554437741454, 42.295453489727187 ], [ -71.047654438793785, 42.295691489620637 ], [ -71.047592439634215, 42.295945489440093 ], [ -71.047540439712591, 42.296235490292972 ], [ -71.047532441007178, 42.296528490393193 ], [ -71.047575440718802, 42.296819489998789 ], [ -71.047674442031308, 42.297028489803061 ], [ -71.048186442638979, 42.298006488817492 ], [ -71.048292442758253, 42.298315488762867 ], [ -71.047758444545849, 42.298528490094661 ], [ -71.047615445515888, 42.298591489617678 ], [ -71.047495445408757, 42.298643490483414 ], [ -71.047369446244872, 42.298699490151982 ], [ -71.047070446474748, 42.298811491127935 ], [ -71.046367449536788, 42.299140491942829 ], [ -71.045603451633866, 42.29947249290548 ], [ -71.044954453276148, 42.299748493365051 ], [ -71.044473455552449, 42.299915494744731 ], [ -71.044086456788861, 42.300073494860293 ] ] ] ] } },
{ "type": "Feature", "properties": { "geoid": "25025140107", "neighborhood": "Hyde Park", "sales": 812, "median_price": 316750.0, "investor_share": 0.19950738916256158, "large_inst_share": 0.10098522167487685, "small_med_share": 0.098522167487684734, "flip_rate": 0.093596059113300489, "buy_flip_rate": 0.10098522167487685, "condo_share": 0.15763546798029557, "r23_share": 0.24261083743842365, "hold_score": -2.5630786701292183, "flip_score": 0.507986046313192, "dominant": "flipping", "policy_fit": "TOPA / anti-flip / stabilization", "r_mhi": 0.0, "pct_nonwhite": 0.7311015118790497, "pct_black": 0.37149028077753782, "pct_latino": 0.2685385169186465, "percent_owners": 66.9 }, "geometry": { "type": "MultiPolygon", "coordinates": [ [ [ [ -71.133964151239098, 42.254313363661424 ], [ -71.133532153225076, 42.254757364206355 ], [ -71.132737157395908, 42.255615364916842 ], [ -71.132353158915819, 42.256040365812723 ], [ -71.131272163515661, 42.257168367866058 ], [ -71.130983164216858, 42.25705336835091 ], [ -71.130159164991184, 42.256770369294308 ], [ -71.130010165549081, 42.256947369525605 ], [ -71.129121170807679, 42.257908370396869 ], [ -71.129035169982188, 42.257967370648068 ], [ -71.12892717071901, 42.258084371312599 ], [ -71.129116170584652, 42.258101370857062 ], [ -71.12914717021637, 42.258068371190845 ], [ -71.129219169734739, 42.258045370315372 ], [ -71.129424170066443, 42.258075370098844 ], [ -71.130375168549307, 42.258233369519303 ], [ -71.130755167275055, 42.258303368679904 ], [ -71.130947166985351, 42.258449367971025 ], [ -71.1336141666538, 42.261021364952654 ], [ -71.131508174263345, 42.262221368361224 ], [ -71.13034117469121, 42.26114236918626 ], [ -71.129886174737067, 42.260857370067328 ], [ -71.129219177411869, 42.261102371041019 ], [ -71.128811177388883, 42.260730371557258 ], [ -71.128194177730407, 42.260509372416131 ], [ -71.127796179572087, 42.260933373529888 ], [ -71.127602180555328, 42.26103437309591 ], [ -71.127297181959236, 42.261272373680441 ], [ -71.126962182789498, 42.261609374460541 ], [ -71.126921183921652, 42.261867374198253 ], [ -71.127796185656521, 42.263392373924574 ], [ -71.127752185398109, 42.263552374032116 ], [ -71.12766018601657, 42.263737373984107 ], [ -71.127508187528122, 42.264132374448238 ], [ -71.12733318857174, 42.264503374474415 ], [ -71.126931189067207, 42.264191375379326 ], [ -71.12679618934142, 42.264094375586005 ], [ -71.126368189790554, 42.263720376028573 ], [ -71.126129189206907, 42.263534375991945 ], [ -71.125907190134228, 42.263424376057024 ], [ -71.125590189887461, 42.263257376587291 ], [ -71.125403190697497, 42.263164376755775 ], [ -71.125046190445715, 42.262978377631484 ], [ -71.124611191856374, 42.262751378317539 ], [ -71.123896191660492, 42.262358379166244 ], [ -71.123564192852342, 42.262206379838993 ], [ -71.123708191470854, 42.261674379384743 ], [ -71.123817189169301, 42.261128378677014 ], [ -71.123909187640081, 42.26055137865162 ], [ -71.124298183009074, 42.259015378277994 ], [ -71.124494180430617, 42.258062377082886 ], [ -71.124707178419783, 42.257227377375052 ], [ -71.1248641771747, 42.256756376346644 ], [ -71.125062175739515, 42.256239376297323 ], [ -71.125306173221503, 42.25565337607491 ], [ -71.125591172905189, 42.255613375646703 ], [ -71.125635172977326, 42.255460375105386 ], [ -71.125778172091486, 42.255171375384329 ], [ -71.125808171279118, 42.255008375361278 ], [ -71.125880170252003, 42.254842374558805 ], [ -71.126017170325895, 42.254666374979905 ], [ -71.126141169152802, 42.254561374322897 ], [ -71.126390168467253, 42.254399373916605 ], [ -71.126650167044076, 42.254239374090908 ], [ -71.126720167740203, 42.254191373963117 ], [ -71.126804167568494, 42.254134373894509 ], [ -71.127156165014441, 42.253834373380784 ], [ -71.127326165136608, 42.253648372491924 ], [ -71.127421163534123, 42.253483372632701 ], [ -71.127540163215912, 42.253290372650405 ], [ -71.127731162410569, 42.252917371667387 ], [ -71.127862161418363, 42.252739371527319 ], [ -71.128052160227824, 42.252533371890856 ], [ -71.128218160038742, 42.252341371459302 ], [ -71.128372158571381, 42.252201370602343 ], [ -71.128532158389461, 42.252078370537511 ], [ -71.128603157637016, 42.252043370216249 ], [ -71.128816157270379, 42.25190836986345 ], [ -71.129604154733855, 42.251472368672992 ], [ -71.130114153364019, 42.251171368523416 ], [ -71.130479152754845, 42.251613367920001 ], [ -71.13058815309634, 42.251776368003405 ], [ -71.130761153484102, 42.25197636747766 ], [ -71.130957153463015, 42.252223367276422 ], [ -71.131141153870644, 42.252459366954248 ], [ -71.131265152982266, 42.252598366427456 ], [ -71.131590153678843, 42.252993366441103 ], [ -71.131843153698085, 42.253322366437793 ], [ -71.1320751539442, 42.25357236600194 ], [ -71.132194153548369, 42.253683365985175 ], [ -71.132293153638358, 42.253750365958346 ], [ -71.132476153185365, 42.25385836541156 ], [ -71.132655153515202, 42.253936365269112 ], [ -71.132729153141611, 42.25397436525823 ], [ -71.13306715317654, 42.254075364203544 ], [ -71.133350152234073, 42.254150364008609 ], [ -71.133673152252797, 42.254229363808406 ], [ -71.133964151239098, 42.254313363661424 ] ] ] ] } },
{ "type": "Feature", "properties": { "geoid": "25025051101", "neighborhood": "East Boston", "sales": 1037, "median_price": 362500.0, "investor_share": 0.25650916104146576, "large_inst_share": 0.076181292189006752, "small_med_share": 0.18032786885245902, "flip_rate": 0.077145612343297976, "buy_flip_rate": 0.079074252651880422, "condo_share": 0.29604628736740596, "r23_share": 0.37704918032786883, "hold_score": -0.53794588516811204, "flip_score": -0.05958418209030647, "dominant": "mixed", "policy_fit": "Layered approach", "r_mhi": 53622.0, "pct_nonwhite": 0.57569659442724452, "pct_black": 0.042569659442724457, "pct_latino": 0.43668730650154797, "percent_owners": 73.5 }, "geometry": { "type": "MultiPolygon", "coordinates": [ [ [ [ -70.996728752465216, 42.390291560384263 ], [ -70.996271750902736, 42.389980561891214 ], [ -70.995567748478166, 42.389492563093988 ], [ -70.995346747981458, 42.389362563299571 ], [ -70.995670747830928, 42.389055562694537 ], [ -70.996402747318385, 42.388414561114921 ], [ -70.996677748334733, 42.388346560625187 ], [ -70.997700749200092, 42.388268559487081 ], [ -70.999078750550865, 42.388136556894082 ], [ -70.999213750451432, 42.388173556477668 ], [ -70.99931375118598, 42.388231556829751 ], [ -70.99938775086251, 42.388331556779882 ], [ -71.000099750501334, 42.387926555267953 ], [ -71.000530749209517, 42.387646555322753 ], [ -71.000739748058805, 42.387497554274944 ], [ -71.000998746768119, 42.387223553976803 ], [ -71.001133746116139, 42.387097554208736 ], [ -71.001141746946999, 42.387028553896769 ], [ -71.001104745899184, 42.386965554301021 ], [ -70.999280746859242, 42.386377556978701 ], [ -70.998731746347104, 42.386305557930015 ], [ -70.99675074105734, 42.385571560725651 ], [ -70.996181740057466, 42.385396561694229 ], [ -70.995823739935375, 42.385238562562854 ], [ -70.995644739564909, 42.385088562642345 ], [ -70.99561473865819, 42.384845562939169 ], [ -70.995658738035232, 42.384662562256707 ], [ -70.995807738200185, 42.384498562123881 ], [ -70.995977737440057, 42.384381561514232 ], [ -70.996221738553274, 42.384351561712819 ], [ -70.996422738517467, 42.384351560847826 ], [ -70.99811874140704, 42.384927558918712 ], [ -70.999580744871025, 42.38547955636632 ], [ -70.999730745734908, 42.385559556270238 ], [ -70.999869745331537, 42.385618555758647 ], [ -71.000017745640505, 42.38562955569072 ], [ -71.000272744649934, 42.385244555584201 ], [ -71.000759741477722, 42.384512554952806 ], [ -70.999303741482819, 42.38396355652042 ], [ -70.999132740706983, 42.38389955728821 ], [ -70.997837738175136, 42.383440558551548 ], [ -70.996882736230489, 42.383100560151462 ], [ -70.996506735791783, 42.382982560696206 ], [ -70.996365735826231, 42.382951561714648 ], [ -70.996300735386328, 42.382936561130208 ], [ -70.996079735072584, 42.382880561726381 ], [ -70.995871734717454, 42.382849562255018 ], [ -70.995681733886798, 42.382816562511721 ], [ -70.995412733821098, 42.382786562505245 ], [ -70.994730732891483, 42.382719563458188 ], [ -70.994680732870634, 42.382709564095023 ], [ -70.994717732017364, 42.382572563840633 ], [ -70.99477873209166, 42.382382563556149 ], [ -70.99482573134479, 42.382345563598925 ], [ -70.99494873201192, 42.382316563129521 ], [ -70.995102731857116, 42.382354563024876 ], [ -70.995218732221019, 42.382361562942108 ], [ -70.99529573264212, 42.382333563125243 ], [ -70.995326732317992, 42.382242562760396 ], [ -70.995287731816404, 42.38209456330015 ], [ -70.995279731490498, 42.381977562600404 ], [ -70.995295731040258, 42.381927563161668 ], [ -70.995349731119262, 42.381859562509803 ], [ -70.995556731199457, 42.381657562725543 ], [ -70.995611731782418, 42.381629562599507 ], [ -70.995757731953049, 42.381654562400755 ], [ -70.995942731615457, 42.381745562000702 ], [ -70.996073731728131, 42.381734561545336 ], [ -70.996143731654769, 42.381638561350286 ], [ -70.99622773218033, 42.38158256104181 ], [ -70.996944732294438, 42.381291560090816 ], [ -70.997075732891915, 42.381252560395538 ], [ -70.997376732185174, 42.381243559818117 ], [ -70.99759273316424, 42.381279559325044 ], [ -70.997916733710596, 42.381364558836829 ], [ -70.99839473481444, 42.38153655838493 ], [ -70.998687735209614, 42.381679557680961 ], [ -70.998787735436551, 42.381740557488939 ], [ -70.998888735658241, 42.38182955695931 ], [ -70.999420737036516, 42.382040556462272 ], [ -70.999493737239746, 42.382061556294481 ], [ -71.000454738556058, 42.382621554837641 ], [ -71.000627738379094, 42.382730554608315 ], [ -71.000974737813593, 42.382900554280987 ], [ -71.001397736781627, 42.383158554120413 ], [ -71.001829737117816, 42.383388553644856 ], [ -71.002128736870517, 42.383546552713369 ], [ -71.002734735548444, 42.383783552105285 ], [ -71.002839735978455, 42.383840551978793 ], [ -71.003302734374316, 42.383976551024695 ], [ -71.003668734537541, 42.384042551109303 ], [ -71.004380732758577, 42.384101549969849 ], [ -71.004623732369339, 42.384106549361164 ], [ -71.004650731891232, 42.384092549951319 ], [ -71.004698731642947, 42.383915550050197 ], [ -71.004804731438909, 42.383931549680739 ], [ -71.00522373103685, 42.383996549357441 ], [ -71.005170730808032, 42.384123549354577 ], [ -71.005228731190584, 42.384149548771575 ], [ -71.006094728854478, 42.384251547639408 ], [ -71.00634572854743, 42.384314547291133 ], [ -71.00667272809784, 42.384453546830969 ], [ -71.006894727840248, 42.384503546840044 ], [ -71.007760726128708, 42.384582546071776 ], [ -71.007982726286315, 42.384619545615365 ], [ -71.008569724671077, 42.384618544312829 ], [ -71.008935723358789, 42.384584544288259 ], [ -71.0093117227063, 42.384492544164139 ], [ -71.009610722102451, 42.384392543384898 ], [ -71.009880720394705, 42.384257542964569 ], [ -71.010083719683209, 42.38410054266933 ], [ -71.010315718959475, 42.383867542442438 ], [ -71.010711716705131, 42.383328542398367 ], [ -71.011040714936442, 42.382665541378394 ], [ -71.011158712626099, 42.381839541805334 ], [ -71.011150710787547, 42.381132541743099 ], [ -71.011103710293739, 42.380930541457253 ], [ -71.011118709858863, 42.380803541120308 ], [ -71.011122460854921, 42.38077447502593 ], [ -71.011122710161104, 42.380772541364372 ], [ -71.011171709561893, 42.380718541320284 ], [ -71.011224634016486, 42.380682706848106 ], [ -71.01126770985465, 42.380653541278939 ], [ -71.011452709757577, 42.380994541429963 ], [ -71.011644710288508, 42.381250540492211 ], [ -71.012157710081851, 42.381968540241211 ], [ -71.012170710196557, 42.38189854029914 ], [ -71.012211709574274, 42.381824540215653 ], [ -71.012283709636179, 42.381761539784272 ], [ -71.012380709957355, 42.381707540090538 ], [ -71.012440709127816, 42.381680539864774 ], [ -71.012542709232363, 42.381662539447611 ], [ -71.01307870872121, 42.382215539301285 ], [ -71.013394709467846, 42.382899538388877 ], [ -71.01323871027698, 42.383012539168838 ], [ -71.012308714064886, 42.383714540388155 ], [ -71.011622716651388, 42.38419954068366 ], [ -71.011236717880649, 42.384474541641794 ], [ -71.010983719245871, 42.384661541574708 ], [ -71.010692720368326, 42.384860542284571 ], [ -71.010408721618191, 42.385006542374065 ], [ -71.010148722366466, 42.38510054245004 ], [ -71.010358722340669, 42.385418542697231 ], [ -71.010398721680517, 42.385478542397301 ], [ -71.010841722900025, 42.386132541470985 ], [ -71.008908728259655, 42.386817544655926 ], [ -71.008400729749852, 42.387008545246225 ], [ -71.008219730719532, 42.387076544964366 ], [ -71.008045730927492, 42.387120545638624 ], [ -71.009809730292361, 42.388499543098128 ], [ -71.010680730110693, 42.389198542083548 ], [ -71.010837729782992, 42.389320542033914 ], [ -71.011443729650097, 42.38978554115657 ], [ -71.011828729560676, 42.390088540361511 ], [ -71.012051729633555, 42.390308540152873 ], [ -71.012268728838166, 42.390506539867722 ], [ -71.012445729038376, 42.390703539666482 ], [ -71.012661729050066, 42.390976539955922 ], [ -71.013047729212275, 42.391468539021162 ], [ -71.013122729733269, 42.391632539179199 ], [ -71.013050729564242, 42.391726539596348 ], [ -71.013010730958172, 42.391778539265772 ], [ -71.012658732435838, 42.392193539908739 ], [ -71.012475733265177, 42.392415539890557 ], [ -71.012215734858628, 42.392731539882526 ], [ -71.011873736246187, 42.393171540887117 ], [ -71.011608737281719, 42.393493541185137 ], [ -71.011436737166363, 42.393476541278524 ], [ -71.009993740751952, 42.393457543159613 ], [ -71.009212742700527, 42.393447543701477 ], [ -71.008827743686112, 42.393417544247178 ], [ -71.008578743292205, 42.393387544431626 ], [ -71.008256744249564, 42.393336545454467 ], [ -71.005971748544823, 42.392821547899892 ], [ -71.005944748597514, 42.392820547928949 ], [ -71.005396749339752, 42.392796548838561 ], [ -71.005006749935376, 42.392761549102687 ], [ -71.004563751897109, 42.392693549494865 ], [ -71.0043837511448, 42.392662550143562 ], [ -71.004014752909526, 42.392589550834295 ], [ -71.003645753394949, 42.392470551077224 ], [ -71.003533753429707, 42.392693550734492 ], [ -71.002302756095261, 42.392384552428666 ], [ -71.000384758248074, 42.391570555352324 ], [ -70.999640758187851, 42.391198555998557 ], [ -70.998722755754059, 42.390881557186546 ], [ -70.998640756180862, 42.390831557310051 ], [ -70.998359754160816, 42.390443557816901 ], [ -70.99829375444402, 42.390351557872378 ], [ -70.998232754114284, 42.390266558709989 ], [ -70.995085757415069, 42.3935115635133 ], [ -70.995075757553849, 42.393529563205682 ], [ -70.995046757211441, 42.393566563837808 ], [ -70.995021757799407, 42.39354756344764 ], [ -70.994941756803343, 42.393504564067044 ], [ -70.994805757051182, 42.393446564075077 ], [ -70.994773756903783, 42.393422564220621 ], [ -70.994579756670461, 42.393329564596478 ], [ -70.994453756844578, 42.393316564831942 ], [ -70.994474756040177, 42.393284564514985 ], [ -70.994730756278969, 42.392888563668791 ], [ -70.994949755023725, 42.392549563638283 ], [ -70.995657753893795, 42.391462562900863 ], [ -70.995857752686646, 42.391169562647811 ], [ -70.996075753108698, 42.390898561949271 ], [ -70.996415752036711, 42.390559561130075 ], [ -70.996728752465216, 42.390291560384263 ] ] ] ] } },
{ "type": "Feature", "properties": { "geoid": "25025981202", "neighborhood": "South Boston Waterfront", "sales": 260, "median_price": 720000.0, "investor_share": 0.12692307692307692, "large_inst_share": 0.030769230769230771, "small_med_share": 0.096153846153846159, "flip_rate": 0.061538461538461542, "buy_flip_rate": 0.061538461538461542, "condo_share": 0.91923076923076918, "r23_share": 0.0038461538461538464, "hold_score": 2.419031149516579, "flip_score": -3.3309683930361631, "dominant": "holding", "policy_fit": "Transfer fee on high-value sales", "r_mhi": 0.0, "pct_nonwhite": 0.83333333333333337, "pct_black": 0.0, "pct_latino": 0.33333333333333331, "percent_owners": 63.9 }, "geometry": { "type": "MultiPolygon", "coordinates": [ [ [ [ -71.037450567872298, 42.343214506101383 ], [ -71.037747566668784, 42.343208505888491 ], [ -71.038448565791171, 42.343677504550087 ], [ -71.038711565304112, 42.343677504506807 ], [ -71.038712563476608, 42.342817504615127 ], [ -71.040791553666793, 42.340601501255065 ], [ -71.040807553177572, 42.340429501616491 ], [ -71.040885553053783, 42.340257501908418 ], [ -71.040962552884054, 42.340179501581837 ], [ -71.041473550700175, 42.339801501049195 ], [ -71.041813550007049, 42.33965550024844 ], [ -71.041905549226513, 42.339572500283587 ], [ -71.041905549670503, 42.339527499923328 ], [ -71.0418295489755, 42.339484499769767 ], [ -71.041690548999938, 42.339446499952281 ], [ -71.041613549229069, 42.339388500353003 ], [ -71.041475549730833, 42.339193500843663 ], [ -71.04139854929241, 42.339136500420508 ], [ -71.041045549634816, 42.338944501513687 ], [ -71.040982550425809, 42.338940501257831 ], [ -71.040905550719643, 42.339054501729109 ], [ -71.040920551378903, 42.339284501571733 ], [ -71.040842550979747, 42.339434501714038 ], [ -71.040687551694049, 42.33954950142985 ], [ -71.040595551848497, 42.339569502253646 ], [ -71.040425552501077, 42.339558502073778 ], [ -71.040302552629697, 42.339479502036916 ], [ -71.040210552851889, 42.33936450234993 ], [ -71.040134552219868, 42.339167502824374 ], [ -71.040089552158776, 42.338884502238884 ], [ -71.040079551952019, 42.338664502930101 ], [ -71.040041550743112, 42.338466502886554 ], [ -71.039998551326732, 42.338436502310202 ], [ -71.039976551085175, 42.338467502420983 ], [ -71.039967552238494, 42.338679502252411 ], [ -71.03996555226361, 42.339030502392902 ], [ -71.039902553280854, 42.339338502559272 ], [ -71.03987055392939, 42.339419502865816 ], [ -71.039917553940654, 42.339468503115583 ], [ -71.039916554701747, 42.339905502514455 ], [ -71.039775554440311, 42.33992550291552 ], [ -71.039632555572183, 42.339964503080168 ], [ -71.039541556096367, 42.340006503083465 ], [ -71.039485555796361, 42.340048503616508 ], [ -71.039409555670034, 42.3401715037282 ], [ -71.039363556313518, 42.34033450343231 ], [ -71.03906556057629, 42.341600503839473 ], [ -71.038194562527551, 42.341597504994404 ], [ -71.037750563761449, 42.341596505511916 ], [ -71.037687563206404, 42.341597505496949 ], [ -71.037345564670517, 42.34160850661597 ], [ -71.036238567051541, 42.341641507684685 ], [ -71.035914567119207, 42.341683508567307 ], [ -71.035745568256871, 42.341684508265303 ], [ -71.035267568482411, 42.341685509147865 ], [ -71.035221568966136, 42.341659509099664 ], [ -71.035205568914066, 42.341628509393303 ], [ -71.035207568394071, 42.34132150866278 ], [ -71.035224567809664, 42.341321508938549 ], [ -71.035215567328109, 42.340664508987508 ], [ -71.034710568013267, 42.340664509817195 ], [ -71.034709567316284, 42.340448509563558 ], [ -71.033800569045169, 42.340441510872445 ], [ -71.033802572258196, 42.341486510899252 ], [ -71.032479574868347, 42.341523512931502 ], [ -71.032477574798236, 42.341640512601678 ], [ -71.030568579801013, 42.341653515492318 ], [ -71.030413579262841, 42.341654514971587 ], [ -71.030371577175202, 42.340246515059235 ], [ -71.029516578063436, 42.340247516640595 ], [ -71.029501581170749, 42.341382516704918 ], [ -71.029423582462883, 42.341636516710075 ], [ -71.029284582991096, 42.341760517303697 ], [ -71.028220584403755, 42.341770518291391 ], [ -71.027834585880683, 42.341731518878113 ], [ -71.027773585725214, 42.341687518562743 ], [ -71.027712586012939, 42.341513519112731 ], [ -71.027650585386141, 42.341460518865148 ], [ -71.027311585804043, 42.341398519080137 ], [ -71.02703458711234, 42.341273520295012 ], [ -71.026896587402831, 42.341271520334971 ], [ -71.026526587814942, 42.34132752032184 ], [ -71.026386588758868, 42.341581520544004 ], [ -71.026339588338857, 42.341614520893678 ], [ -71.026169588750491, 42.341648520743703 ], [ -71.025599590554961, 42.341636521638961 ], [ -71.025352591169607, 42.341582521931315 ], [ -71.025124590973604, 42.341509521968987 ], [ -71.025125592127566, 42.341833522779027 ], [ -71.019560604208948, 42.341924529416517 ], [ -71.014208616592313, 42.342012536654245 ], [ -71.01075661941907, 42.339799541116321 ], [ -71.010971563824342, 42.339655939614559 ], [ -71.010991618827546, 42.339642541141131 ], [ -71.011640616530428, 42.33931054049738 ], [ -71.013365611787435, 42.338887537592754 ], [ -71.01483860803647, 42.33881953604083 ], [ -71.01512560756872, 42.338839535622071 ], [ -71.015676607020239, 42.33887453455953 ], [ -71.016524604345349, 42.338871534056999 ], [ -71.017309602571629, 42.338850532455986 ], [ -71.018004601050421, 42.338817531806384 ], [ -71.018282600769808, 42.338797531510743 ], [ -71.018686599147912, 42.338767530765082 ], [ -71.019309597932875, 42.338702530433878 ], [ -71.019669596742688, 42.338654529951235 ], [ -71.020089596721874, 42.338577528999465 ], [ -71.020494595361129, 42.338472528661931 ], [ -71.021044593397704, 42.338277527701216 ], [ -71.021488591851494, 42.33808352719452 ], [ -71.021787591438425, 42.337939526910937 ], [ -71.021946590455585, 42.337847526708927 ], [ -71.022065590635094, 42.337965526248894 ], [ -71.02224858977803, 42.3380915259931 ], [ -71.022448590500275, 42.338190525918101 ], [ -71.023721587583466, 42.338646524025336 ], [ -71.023839588163995, 42.338692524438009 ], [ -71.02397958720006, 42.338713523620541 ], [ -71.024128587516984, 42.338721523584788 ], [ -71.024289587320609, 42.338712523176255 ], [ -71.024442586420378, 42.338677523107712 ], [ -71.024550586800729, 42.338640522715863 ], [ -71.02489558526733, 42.338460522525601 ], [ -71.025132583953749, 42.338310522536801 ], [ -71.025225583816095, 42.338326522148975 ], [ -71.025932582925179, 42.338306521632802 ], [ -71.026216581490146, 42.33830152043496 ], [ -71.026792580228886, 42.338291520050028 ], [ -71.027254579041553, 42.338271519485026 ], [ -71.028799576263694, 42.338248517596142 ], [ -71.029316574038404, 42.33823851669792 ], [ -71.029989572843064, 42.338231516215231 ], [ -71.031059570750799, 42.338219514090021 ], [ -71.031898568555704, 42.338202513376793 ], [ -71.032607567341643, 42.338182512376207 ], [ -71.033409565601033, 42.338170511661374 ], [ -71.034227564007736, 42.338150509804585 ], [ -71.035485560365515, 42.33814150818732 ], [ -71.036443558960485, 42.338124507458694 ], [ -71.037521555561511, 42.338095505967395 ], [ -71.037792555566384, 42.338091505164158 ], [ -71.03876855351308, 42.338077504073468 ], [ -71.039991550238568, 42.338055502479406 ], [ -71.040519549477324, 42.3380485022074 ], [ -71.041605547155797, 42.338028500058343 ], [ -71.042474544863552, 42.338010499214597 ], [ -71.043981540578542, 42.337988497107155 ], [ -71.044382540023378, 42.337980496493842 ], [ -71.044768539650065, 42.33820549639583 ], [ -71.045284538879272, 42.338555495587777 ], [ -71.045558538800805, 42.338718494915483 ], [ -71.046093538480889, 42.33905149498387 ], [ -71.046663537741708, 42.339434494226616 ], [ -71.047071537602108, 42.33970149341426 ], [ -71.046278541587725, 42.340373494425478 ], [ -71.044895546768487, 42.341534496304917 ], [ -71.043837551132185, 42.342447497323413 ], [ -71.043410552617601, 42.342791498129223 ], [ -71.042905555493206, 42.343228499315373 ], [ -71.041405562001927, 42.344526501312124 ], [ -71.041334561414203, 42.344507501078056 ], [ -71.04121356242149, 42.344485501459197 ], [ -71.041078562184026, 42.344466501447393 ], [ -71.039740565183791, 42.344484503261228 ], [ -71.039492566223714, 42.344487503392777 ], [ -71.039344566000338, 42.344390503593829 ], [ -71.038981566242015, 42.344163504670782 ], [ -71.038375566776963, 42.343783504880925 ], [ -71.038046566724745, 42.343627505205866 ], [ -71.037726567236504, 42.343408505712411 ], [ -71.037450567872298, 42.343214506101383 ] ] ], [ [ [ -71.033212956225242, 42.35071579445124 ], [ -71.034776585258925, 42.348673509786906 ], [ -71.034735073632632, 42.348654651780663 ], [ -71.034790585546389, 42.348579510001692 ], [ -71.034079585899548, 42.348267510844749 ], [ -71.033472588356446, 42.34862351158737 ], [ -71.03314659057358, 42.349052512332712 ], [ -71.032785591705178, 42.349560513002395 ], [ -71.032644592085319, 42.349495512468593 ], [ -71.033782587330791, 42.348214510803558 ], [ -71.033622586467374, 42.348142511161946 ], [ -71.03343658758115, 42.348058512057563 ], [ -71.03301058731995, 42.347867512655299 ], [ -71.032425590302879, 42.348316512988056 ], [ -71.031188595351495, 42.349264514854845 ], [ -71.030966595025859, 42.349137514642116 ], [ -71.031159594753674, 42.348987514817757 ], [ -71.032722587765363, 42.347773512785686 ], [ -71.031950589078193, 42.347427513977046 ], [ -71.029520599596552, 42.349397516525478 ], [ -71.029422599595733, 42.349337517071788 ], [ -71.02929959875695, 42.349261516934298 ], [ -71.031701589350277, 42.347323513998603 ], [ -71.030707590500313, 42.346859514893389 ], [ -71.029211596849592, 42.348105517474494 ], [ -71.029114597263629, 42.3480425175444 ], [ -71.029014596602011, 42.347978517619346 ], [ -71.030388591612336, 42.346815515543852 ], [ -71.029887592108082, 42.346738516722553 ], [ -71.029754593044586, 42.346718516783909 ], [ -71.029081593586938, 42.346703517537627 ], [ -71.026860601502619, 42.348092519918012 ], [ -71.02654160269833, 42.348292520343506 ], [ -71.025518604388125, 42.347869522089113 ], [ -71.023275607002489, 42.346941524566553 ], [ -71.023242605019902, 42.345703525283682 ], [ -71.026577596896601, 42.345640520828006 ], [ -71.03063258783574, 42.345527515494943 ], [ -71.030972586579139, 42.345368514944695 ], [ -71.030972586135604, 42.345296514765479 ], [ -71.030631587533108, 42.345185515516292 ], [ -71.026578597072486, 42.345284520377348 ], [ -71.026556596117445, 42.345041520296583 ], [ -71.025399599234817, 42.345066522002767 ], [ -71.025396598342525, 42.344913522456714 ], [ -71.025806597703806, 42.344915521442246 ], [ -71.02574759705918, 42.344722521371743 ], [ -71.025480597886883, 42.344727522333052 ], [ -71.025464597691496, 42.344462521928804 ], [ -71.021965604813104, 42.344514526482982 ], [ -71.021961605331825, 42.344382526539064 ], [ -71.021937603017719, 42.34358052628432 ], [ -71.021936603489721, 42.343538526937351 ], [ -71.034331574177514, 42.343279510403214 ], [ -71.037313567212735, 42.343216506485952 ], [ -71.037309568042929, 42.343443506046306 ], [ -71.037292568403714, 42.343726506548428 ], [ -71.037260569932371, 42.343877506694383 ], [ -71.037267570198864, 42.34411950616991 ], [ -71.037264569731946, 42.344300506446352 ], [ -71.037072570926455, 42.344526506354079 ], [ -71.03693057233528, 42.344629507336514 ], [ -71.036859571681447, 42.344748506894 ], [ -71.036804572004485, 42.34480950724663 ], [ -71.036462574626512, 42.345185507730477 ], [ -71.0358185766936, 42.345863508870735 ], [ -71.035133579875691, 42.346600509808397 ], [ -71.035647580414334, 42.34711850866185 ], [ -71.035714580604832, 42.347186508259725 ], [ -71.035776580638114, 42.347254508343397 ], [ -71.035656580805266, 42.347298508401309 ], [ -71.035986580639133, 42.347703508604624 ], [ -71.035777580871766, 42.347757508501545 ], [ -71.035399582630191, 42.348223509505459 ], [ -71.035357583140993, 42.348182508820742 ], [ -71.03504558532704, 42.348543509262051 ], [ -71.034920585456064, 42.348665509613021 ], [ -71.033403594080369, 42.350864512254446 ], [ -71.033212956225242, 42.35071579445124 ] ] ] ] } },
{ "type": "Feature", "properties": { "geoid": "25025092101", "neighborhood": "Dorchester", "sales": 2025, "median_price": 310000.0, "investor_share": 0.28493827160493829, "large_inst_share": 0.11012345679012346, "small_med_share": 0.17481481481481481, "flip_rate": 0.10567901234567902, "buy_flip_rate": 0.11308641975308642, "condo_share": 0.53037037037037038, "r23_share": 0.23753086419753086, "hold_score": -0.47294362632390058, "flip_score": 1.3193177551215496, "dominant": "flipping", "policy_fit": "TOPA / anti-flip / stabilization", "r_mhi": 32071.0, "pct_nonwhite": 0.72547319751480999, "pct_black": 0.18205461638491546, "pct_latino": 0.13278427972836296, "percent_owners": 64.4 }, "geometry": { "type": "MultiPolygon", "coordinates": [ [ [ [ -71.048181454150537, 42.303267489769439 ], [ -71.048094454359585, 42.30324648943148 ], [ -71.048036454773737, 42.303228489429188 ], [ -71.047770454964905, 42.303144490276601 ], [ -71.047774455349483, 42.303130490114739 ], [ -71.047942453949261, 42.30265448966847 ], [ -71.047943451977005, 42.302262489468966 ], [ -71.0479284525845, 42.302231489794067 ], [ -71.047820452774872, 42.302161489626656 ], [ -71.047189454164737, 42.302172491175625 ], [ -71.047111454059717, 42.30221949114636 ], [ -71.046894455428344, 42.302637491595192 ], [ -71.046894456475201, 42.302754491256621 ], [ -71.046985455832086, 42.302869490803992 ], [ -71.047016456056582, 42.302972491392005 ], [ -71.047000455745589, 42.303004490790521 ], [ -71.046862457233928, 42.303097490925232 ], [ -71.043702462164603, 42.302433495189504 ], [ -71.043368461343462, 42.301831496036939 ], [ -71.043454460044984, 42.301082496079246 ], [ -71.043510460201986, 42.30103149578671 ], [ -71.043881459233518, 42.300894494900788 ], [ -71.044035457979007, 42.300792494832727 ], [ -71.044237456551258, 42.300451494300496 ], [ -71.044253456044942, 42.300325494663383 ], [ -71.044192456092674, 42.300200495129737 ], [ -71.044086456788861, 42.300073494860293 ], [ -71.044473455552449, 42.299915494744731 ], [ -71.044954453276148, 42.299748493365051 ], [ -71.045603451633866, 42.29947249290548 ], [ -71.046367449536788, 42.299140491942829 ], [ -71.047070446474748, 42.298811491127935 ], [ -71.047369446244872, 42.298699490151982 ], [ -71.047495445408757, 42.298643490483414 ], [ -71.047615445515888, 42.298591489617678 ], [ -71.047758444545849, 42.298528490094661 ], [ -71.048292442758253, 42.298315488762867 ], [ -71.048186442638979, 42.298006488817492 ], [ -71.047674442031308, 42.297028489803061 ], [ -71.047575440718802, 42.296819489998789 ], [ -71.047532441007178, 42.296528490393193 ], [ -71.047540439712591, 42.296235490292972 ], [ -71.047592439634215, 42.295945489440093 ], [ -71.047654438793785, 42.295691489620637 ], [ -71.047554437741454, 42.295453489727187 ], [ -71.04747843757427, 42.295272489714321 ], [ -71.047385438265238, 42.295069490405254 ], [ -71.047313437617461, 42.294882490188435 ], [ -71.047293437177274, 42.294816490284823 ], [ -71.047200437527778, 42.294515490057101 ], [ -71.047170437250031, 42.294359490591972 ], [ -71.04716243631097, 42.294236490197406 ], [ -71.047160436290071, 42.29419549059233 ], [ -71.047172436502976, 42.294032490183746 ], [ -71.047217435556178, 42.293930490213206 ], [ -71.047276434902429, 42.293832490505672 ], [ -71.047313434940989, 42.293785490048187 ], [ -71.047371435368504, 42.293710490015556 ], [ -71.047430434770845, 42.293625489711964 ], [ -71.047455434019156, 42.293594489862883 ], [ -71.047542433348255, 42.293485489618455 ], [ -71.047730433213147, 42.293186489679044 ], [ -71.047745432929702, 42.293138489590248 ], [ -71.047821432724163, 42.293109489153053 ], [ -71.047893432446031, 42.293092489284533 ], [ -71.047985432519738, 42.293079488859483 ], [ -71.048066431312947, 42.293081489176146 ], [ -71.048176432212998, 42.293132489054578 ], [ -71.048306431350696, 42.293204488686236 ], [ -71.048416431333351, 42.293411488455966 ], [ -71.049003430563076, 42.293268488064534 ], [ -71.049712428039967, 42.293095486563452 ], [ -71.049957427502832, 42.293035486667826 ], [ -71.050632425099181, 42.29278248581462 ], [ -71.05087942546551, 42.293086485453422 ], [ -71.051121425152417, 42.293385484522481 ], [ -71.051327426107704, 42.29360148488918 ], [ -71.051463425360581, 42.293743484038316 ], [ -71.051740425537076, 42.293979483660017 ], [ -71.051905425505353, 42.294102483737831 ], [ -71.052430425236452, 42.294476483495124 ], [ -71.052588424549583, 42.294410482548038 ], [ -71.05275542367184, 42.294349482480335 ], [ -71.053325421963294, 42.294143481582452 ], [ -71.053795420780972, 42.293973480818856 ], [ -71.054650418604439, 42.29370348038303 ], [ -71.055490416563273, 42.293505478560185 ], [ -71.056128413749803, 42.293377477860787 ], [ -71.057295410697506, 42.293125476430085 ], [ -71.057954409234085, 42.292961474954836 ], [ -71.059035406488277, 42.292704474099423 ], [ -71.060122403363238, 42.292414471935352 ], [ -71.060359402916148, 42.292351471683013 ], [ -71.06059140235574, 42.292295471489695 ], [ -71.061268400318511, 42.292134471054048 ], [ -71.061847398704941, 42.291991470042767 ], [ -71.062610395757176, 42.291809468573625 ], [ -71.06248839740671, 42.292210469203482 ], [ -71.062342399133087, 42.292728469003116 ], [ -71.062258399922584, 42.293010469724919 ], [ -71.062139400951466, 42.293505469355438 ], [ -71.062090401134299, 42.29365646963381 ], [ -71.061967403209138, 42.294075470033462 ], [ -71.061817404005495, 42.29458247005882 ], [ -71.061668405777468, 42.295070470073441 ], [ -71.061541406954703, 42.295473470685387 ], [ -71.061498407571577, 42.295643471031482 ], [ -71.06144440781712, 42.295820470648174 ], [ -71.061370408242311, 42.296066470519911 ], [ -71.061320408831975, 42.296220470899939 ], [ -71.061169410728553, 42.296761471405652 ], [ -71.061034412061488, 42.297205471176717 ], [ -71.060765414628278, 42.298193471427275 ], [ -71.060652416037883, 42.298647472441374 ], [ -71.060479417663203, 42.299154472440129 ], [ -71.060305418690319, 42.29975647266734 ], [ -71.060257420234123, 42.29994847288264 ], [ -71.06020341963567, 42.300133472766063 ], [ -71.060162420283717, 42.300302472690468 ], [ -71.060125421499365, 42.30045647267233 ], [ -71.060014422505319, 42.300759472925961 ], [ -71.059868423941808, 42.301313473688786 ], [ -71.05979542369937, 42.301538473006964 ], [ -71.059688424995315, 42.301954473353582 ], [ -71.059587426639709, 42.302410473546765 ], [ -71.059524427718486, 42.30276447374402 ], [ -71.05942842902904, 42.303127473757741 ], [ -71.059302429230627, 42.303149473968105 ], [ -71.05908642926039, 42.303227474204363 ], [ -71.058775429960235, 42.303333475205811 ], [ -71.058061433336405, 42.303623476036641 ], [ -71.057371435205809, 42.303907477015784 ], [ -71.056317438310643, 42.304327478812134 ], [ -71.056090438715074, 42.304437478992476 ], [ -71.055972439569132, 42.304517478655278 ], [ -71.055868439654887, 42.304472478643206 ], [ -71.055562439492888, 42.304365479897442 ], [ -71.055506439707443, 42.304349479279296 ], [ -71.055431440651816, 42.304323479331309 ], [ -71.055317440688569, 42.304284479360525 ], [ -71.054281441688175, 42.303843481202009 ], [ -71.053834442463511, 42.303621481954821 ], [ -71.053332442393014, 42.303361482471537 ], [ -71.052563443921855, 42.302937483531423 ], [ -71.051998444146633, 42.302504483874365 ], [ -71.051590443911891, 42.302213484580093 ], [ -71.051302444156875, 42.301981485447406 ], [ -71.05105144475057, 42.301747485579831 ], [ -71.050781444535303, 42.301542486142864 ], [ -71.050316445256001, 42.301290486505174 ], [ -71.049815446022038, 42.30101748756158 ], [ -71.0494594458807, 42.300822487162343 ], [ -71.049267447602787, 42.301197488159069 ], [ -71.049195447716144, 42.301337488182945 ], [ -71.049137447957378, 42.301439488203087 ], [ -71.048929449886785, 42.301889488530605 ], [ -71.048629451813454, 42.302388488970159 ], [ -71.048374453177104, 42.30285648885382 ], [ -71.048243453892837, 42.303135489012462 ], [ -71.048181454150537, 42.303267489769439 ] ] ] ] } },
{ "type": "Feature", "properties": { "geoid": "25025110301", "neighborhood": "Jamaica Plain", "sales": 852, "median_price": 326500.0, "investor_share": 0.16901408450704225, "large_inst_share": 0.066901408450704219, "small_med_share": 0.10211267605633803, "flip_rate": 0.083333333333333329, "buy_flip_rate": 0.073943661971830985, "condo_share": 0.38262910798122068, "r23_share": 0.15023474178403756, "hold_score": -0.89964598436300547, "flip_score": -1.3087683206058769, "dominant": "mixed", "policy_fit": "Layered approach", "r_mhi": 73906.0, "pct_nonwhite": 0.5912, "pct_black": 0.2428, "pct_latino": 0.2656, "percent_owners": 68.7 }, "geometry": { "type": "MultiPolygon", "coordinates": [ [ [ [ -71.119522255435825, 42.286481388792922 ], [ -71.119489259310441, 42.287798389703347 ], [ -71.119487259279481, 42.287916389153764 ], [ -71.11938426244474, 42.289429390151 ], [ -71.119297264164032, 42.290103390389383 ], [ -71.119281265380337, 42.29023538990247 ], [ -71.119083265364381, 42.290208390123709 ], [ -71.118142266784602, 42.290157391235461 ], [ -71.11817126634206, 42.289883391902769 ], [ -71.117532268051718, 42.289827392245897 ], [ -71.117410267585825, 42.289821392604658 ], [ -71.11725926866356, 42.28986439237255 ], [ -71.117274267870371, 42.289634392934545 ], [ -71.117225267479526, 42.289467392275789 ], [ -71.11711126779457, 42.289316393078067 ], [ -71.116960267340531, 42.289208393064264 ], [ -71.116795268128541, 42.289154393043866 ], [ -71.116586268507533, 42.289111393527435 ], [ -71.116485268348868, 42.289105393634067 ], [ -71.116269269456055, 42.289126394192373 ], [ -71.11631826935114, 42.28927139372113 ], [ -71.116368269703202, 42.289400393713194 ], [ -71.116468269706388, 42.289647393740481 ], [ -71.116532269475243, 42.289760393403242 ], [ -71.116257270776117, 42.289887393865797 ], [ -71.115773272429735, 42.29010139524258 ], [ -71.114827276090864, 42.290553396515158 ], [ -71.114723276431093, 42.290606396149734 ], [ -71.11466727571333, 42.290629396552603 ], [ -71.114595276481538, 42.290641396521053 ], [ -71.114401276596382, 42.290649396781838 ], [ -71.11444227711209, 42.290818396565719 ], [ -71.114483278199856, 42.291188396584545 ], [ -71.11447527765074, 42.291346396838499 ], [ -71.114431278528741, 42.291572396676862 ], [ -71.11432827933659, 42.291834396906431 ], [ -71.114219280087596, 42.292022397389665 ], [ -71.113899282151962, 42.29248239737678 ], [ -71.113631283270792, 42.292824397818379 ], [ -71.113500283784504, 42.293000398253419 ], [ -71.113399284927809, 42.293118398562171 ], [ -71.112951284937679, 42.292559399438538 ], [ -71.112627284672314, 42.292191399339295 ], [ -71.112455284781589, 42.292045399317324 ], [ -71.111986284067612, 42.29170240033617 ], [ -71.111137285120776, 42.291054401388003 ], [ -71.110332285537197, 42.290437402134117 ], [ -71.109407285826521, 42.289729403723172 ], [ -71.107946287383356, 42.288616405517935 ], [ -71.107366287307741, 42.288180406224988 ], [ -71.107053287715402, 42.28795640643348 ], [ -71.106754287557067, 42.287741407177471 ], [ -71.106651288194627, 42.28766340725641 ], [ -71.106349287380084, 42.287440407375342 ], [ -71.105677287641569, 42.286941408784472 ], [ -71.105400288148061, 42.286718408408774 ], [ -71.105870286661272, 42.286321408052686 ], [ -71.106411284361428, 42.285951406829739 ], [ -71.106843282506219, 42.285708406743311 ], [ -71.107412281483334, 42.285425405459769 ], [ -71.107971279434395, 42.2851934053717 ], [ -71.108602276696672, 42.284951404173597 ], [ -71.108690277096741, 42.284922403526785 ], [ -71.108763276351141, 42.284897404002216 ], [ -71.108964275888056, 42.284845403348079 ], [ -71.109311274638955, 42.284726403141079 ], [ -71.109372275247992, 42.284686403015868 ], [ -71.109427274705638, 42.284652402782797 ], [ -71.109559273419435, 42.284500402264328 ], [ -71.109746272624122, 42.284267402730499 ], [ -71.110204271180393, 42.28375940139226 ], [ -71.110377270425886, 42.283612401519726 ], [ -71.110557269604683, 42.283521401406361 ], [ -71.110696269452689, 42.283463401351739 ], [ -71.110877268951853, 42.283406400443184 ], [ -71.11103926803932, 42.283365400834725 ], [ -71.110910268296266, 42.283092400281888 ], [ -71.111841263988538, 42.282314399574169 ], [ -71.112182262026749, 42.281936398404959 ], [ -71.111791262902841, 42.281602399238672 ], [ -71.11153426285145, 42.281340399733715 ], [ -71.11142426290894, 42.281175399364507 ], [ -71.111374261770536, 42.281051399932949 ], [ -71.111379261675125, 42.280966399452325 ], [ -71.111347262091968, 42.28084539947028 ], [ -71.11123726186527, 42.280735400200172 ], [ -71.110850262774591, 42.280597399976124 ], [ -71.110893261230956, 42.28035039984114 ], [ -71.111394259865165, 42.280305399223934 ], [ -71.112141258999159, 42.280189398160317 ], [ -71.11223125813062, 42.280214398111447 ], [ -71.112207259168983, 42.280339397998631 ], [ -71.112218259464001, 42.280499398226624 ], [ -71.112277258651375, 42.280585397971322 ], [ -71.112463259058799, 42.280755398472621 ], [ -71.113244258389983, 42.281351396728333 ], [ -71.113607258396001, 42.281582396722364 ], [ -71.113673257894135, 42.28161539684266 ], [ -71.114852257212803, 42.282357394528141 ], [ -71.114983256514932, 42.28242339443198 ], [ -71.116006255860427, 42.283078393157894 ], [ -71.116426255530754, 42.283336392749845 ], [ -71.116646255809499, 42.283482392415095 ], [ -71.116841254998363, 42.283602392199811 ], [ -71.117206255270503, 42.283855391581376 ], [ -71.117869255189618, 42.284300390946633 ], [ -71.118192254591435, 42.284526390558995 ], [ -71.118531254628493, 42.284750390572619 ], [ -71.118908253840331, 42.284960389853012 ], [ -71.118857254332866, 42.285306389410287 ], [ -71.118816255099816, 42.28550139019967 ], [ -71.119548253614965, 42.285511389214385 ], [ -71.119522255435825, 42.286481388792922 ] ] ] ] } },
{ "type": "Feature", "properties": { "geoid": "25025100500", "neighborhood": "Dorchester", "sales": 1475, "median_price": 330000.0, "investor_share": 0.36, "large_inst_share": 0.16474576271186442, "small_med_share": 0.1952542372881356, "flip_rate": 0.14779661016949153, "buy_flip_rate": 0.14983050847457627, "condo_share": 0.32271186440677968, "r23_share": 0.37084745762711863, "hold_score": -1.447104556923694, "flip_score": 4.8178843481561309, "dominant": "flipping", "policy_fit": "TOPA / anti-flip / stabilization", "r_mhi": 24450.0, "pct_nonwhite": 0.85796836982968372, "pct_black": 0.46532846715328469, "pct_latino": 0.21608880778588807, "percent_owners": 65.0 }, "geometry": { "type": "MultiPolygon", "coordinates": [ [ [ [ -71.078506355482176, 42.289433446714398 ], [ -71.078399356026353, 42.289810446762999 ], [ -71.078313356811663, 42.290175447085055 ], [ -71.078262357414033, 42.29042644709601 ], [ -71.078198359241057, 42.290774447486278 ], [ -71.078159359361862, 42.291095446774982 ], [ -71.07814236016246, 42.291339447391927 ], [ -71.078142361217488, 42.291624447152074 ], [ -71.078146361969374, 42.292022446827815 ], [ -71.077995361633285, 42.291975447660214 ], [ -71.077180363395414, 42.291739448448801 ], [ -71.076104365331133, 42.29142445000862 ], [ -71.075839365270113, 42.291344450001112 ], [ -71.075404366572741, 42.29122345096328 ], [ -71.075192366712827, 42.29116045120454 ], [ -71.074651367363927, 42.291004451593849 ], [ -71.074144368202923, 42.290840452883202 ], [ -71.073304369548083, 42.290601454203994 ], [ -71.072551370355669, 42.290382454493894 ], [ -71.072233370979703, 42.290280455344245 ], [ -71.072105371018552, 42.290243455336821 ], [ -71.071995371432564, 42.290217455506053 ], [ -71.07160137200988, 42.290218456093974 ], [ -71.071091373501304, 42.290164456892832 ], [ -71.070778373883243, 42.290148457608446 ], [ -71.070756374115234, 42.290269457203948 ], [ -71.070729375039036, 42.290422457397348 ], [ -71.0706813754487, 42.290483457288865 ], [ -71.070622374904929, 42.290514457574126 ], [ -71.070402376501875, 42.290588457787003 ], [ -71.069856377168435, 42.290714458374119 ], [ -71.068650381562023, 42.291098460343356 ], [ -71.0684623819009, 42.291160460667889 ], [ -71.067577384522309, 42.29142646156923 ], [ -71.067358384969694, 42.291509461852357 ], [ -71.066698386616991, 42.291697463263986 ], [ -71.066160388270234, 42.291855464252137 ], [ -71.065920389043313, 42.29193246393168 ], [ -71.065593389988507, 42.292024464652336 ], [ -71.065543390142778, 42.292043464705564 ], [ -71.065403389947065, 42.292098465162681 ], [ -71.065058391883809, 42.292211465189411 ], [ -71.064589393105436, 42.292347466256416 ], [ -71.064132394348889, 42.29248246657292 ], [ -71.062258399922584, 42.293010469724919 ], [ -71.062342399133087, 42.292728469003116 ], [ -71.06248839740671, 42.292210469203482 ], [ -71.062610395757176, 42.291809468573625 ], [ -71.06269239540778, 42.29151646902632 ], [ -71.062804394384273, 42.291121468428187 ], [ -71.062932392370172, 42.290624468345136 ], [ -71.063114390856811, 42.289966467728547 ], [ -71.063145390396315, 42.289887467796703 ], [ -71.06326038912556, 42.289459467515393 ], [ -71.06344938801486, 42.288766467425624 ], [ -71.063514386784192, 42.288547466948053 ], [ -71.063642385880357, 42.288112467085782 ], [ -71.063725384612439, 42.287778466970231 ], [ -71.063795383607371, 42.287492466653966 ], [ -71.063964382272601, 42.28693446668597 ], [ -71.06412438112271, 42.286345466320348 ], [ -71.064136380591549, 42.286276466608093 ], [ -71.064178379851924, 42.286168466058761 ], [ -71.064251379250194, 42.285869465568744 ], [ -71.064302379101349, 42.285699466332957 ], [ -71.06485137759374, 42.285555464995809 ], [ -71.065492375393859, 42.285368463794612 ], [ -71.065803373839657, 42.28526946336234 ], [ -71.066100373049707, 42.28519546379799 ], [ -71.066335372687206, 42.285154463337456 ], [ -71.066695371878936, 42.285130462489455 ], [ -71.068098369572908, 42.285227460923601 ], [ -71.068757367974399, 42.285229459620908 ], [ -71.06926036674389, 42.285248459136994 ], [ -71.070020364770599, 42.285288458236522 ], [ -71.071176362164564, 42.285348456293221 ], [ -71.07124436193412, 42.285165455854759 ], [ -71.071301361547867, 42.28506545567506 ], [ -71.071522359472269, 42.284560455802627 ], [ -71.071540360134918, 42.284497455719034 ], [ -71.07201335915056, 42.284589454937034 ], [ -71.072269358307651, 42.284631454771933 ], [ -71.072475358341833, 42.284634454120344 ], [ -71.072643357736794, 42.284617453776541 ], [ -71.072912356291894, 42.284566454101018 ], [ -71.075923348501135, 42.283940449510055 ], [ -71.076460346589542, 42.283833449130178 ], [ -71.076630346883462, 42.283775448696019 ], [ -71.07683034721812, 42.284036447946846 ], [ -71.077084347450494, 42.284425448211032 ], [ -71.07725434808458, 42.285000447736984 ], [ -71.077501348480823, 42.28566444777514 ], [ -71.07779634999973, 42.286587447270776 ], [ -71.078081351343002, 42.287438446954908 ], [ -71.078197351424407, 42.287713446356044 ], [ -71.077989352179031, 42.287887446868133 ], [ -71.07781235393503, 42.287990447752442 ], [ -71.077863353704643, 42.288049447405264 ], [ -71.077908354044482, 42.288118447173332 ], [ -71.078057353895531, 42.288553447292557 ], [ -71.07821635456267, 42.289053447037382 ], [ -71.078265355690434, 42.289282446957039 ], [ -71.07827535534733, 42.289411446637565 ], [ -71.078536354878139, 42.289335446234631 ], [ -71.078506355482176, 42.289433446714398 ] ] ] ] } },
{ "type": "Feature", "properties": { "geoid": "25025091001", "neighborhood": "Dorchester", "sales": 1046, "median_price": 340000.0, "investor_share": 0.25908221797323133, "large_inst_share": 0.092734225621414909, "small_med_share": 0.16634799235181644, "flip_rate": 0.094646271510516258, "buy_flip_rate": 0.094646271510516258, "condo_share": 0.60420650095602291, "r23_share": 0.16921606118546845, "hold_score": 1.1653392516240213, "flip_score": -0.09094805274964575, "dominant": "holding", "policy_fit": "Transfer fee on high-value sales", "r_mhi": 90268.0, "pct_nonwhite": 0.45745007680491556, "pct_black": 0.084485407066052232, "pct_latino": 0.095545314900153611, "percent_owners": 67.5 }, "geometry": { "type": "MultiPolygon", "coordinates": [ [ [ [ -71.046699479234334, 42.313016491788538 ], [ -71.046837478705356, 42.313030491734594 ], [ -71.046917478661101, 42.313057491953089 ], [ -71.046976479430427, 42.313077491460419 ], [ -71.047590478779199, 42.313548491258032 ], [ -71.04783747813967, 42.313697490331208 ], [ -71.048052478194194, 42.313788489990792 ], [ -71.048160478318238, 42.313813490003739 ], [ -71.048344477454052, 42.313809490057899 ], [ -71.048699476011578, 42.313731489449687 ], [ -71.04886947606208, 42.313629489179569 ], [ -71.048931475906912, 42.313551489193493 ], [ -71.048931475652267, 42.313479489504822 ], [ -71.048824475527525, 42.31340048964455 ], [ -71.048624475292527, 42.313354489690688 ], [ -71.048285476206175, 42.313333490221957 ], [ -71.048100476743997, 42.313296490074116 ], [ -71.047916477026988, 42.313137490296178 ], [ -71.047793476457116, 42.312941491061281 ], [ -71.04764047682248, 42.312827490921578 ], [ -71.047224477840615, 42.312699491621174 ], [ -71.047085477448675, 42.312688491594514 ], [ -71.04686947794201, 42.312823492109004 ], [ -71.046780478787738, 42.312824491724726 ], [ -71.046684479503071, 42.312826491811521 ], [ -71.046592478716875, 42.312801492280059 ], [ -71.04658447896189, 42.312801492239061 ], [ -71.046367479987566, 42.312801492355582 ], [ -71.04614148041091, 42.312800493207511 ], [ -71.046022480781986, 42.312752492890404 ], [ -71.04574548011054, 42.31253749363885 ], [ -71.045699480825377, 42.312479493681138 ], [ -71.045699479705078, 42.312375493683597 ], [ -71.045669480062443, 42.312353493326633 ], [ -71.045638480642452, 42.312340493814325 ], [ -71.045329481533003, 42.312454494365262 ], [ -71.045144481273098, 42.312453494244288 ], [ -71.044791481651288, 42.312216494696152 ], [ -71.044484481756001, 42.311929495372667 ], [ -71.04400848196255, 42.311401496032417 ], [ -71.04391648200064, 42.311218496081587 ], [ -71.043917481629052, 42.311092495766843 ], [ -71.044056480525214, 42.310887495896267 ], [ -71.044304480091213, 42.310725495108507 ], [ -71.044550479096102, 42.310658494595366 ], [ -71.044889478032914, 42.310661494637472 ], [ -71.044998477722103, 42.310614494670553 ], [ -71.044936477643759, 42.310421493969102 ], [ -71.044984476910074, 42.310213493917686 ], [ -71.044876477629501, 42.310143494742356 ], [ -71.043982478767433, 42.310132495523725 ], [ -71.043165481212142, 42.310336496432271 ], [ -71.042764481955331, 42.310343497334884 ], [ -71.04254848299108, 42.310288497503862 ], [ -71.042392483033524, 42.31016049753994 ], [ -71.042380482879253, 42.310152497411678 ], [ -71.042349482933645, 42.309976497508607 ], [ -71.042380481939389, 42.309899497532086 ], [ -71.042520481456151, 42.309739497786346 ], [ -71.042659480979296, 42.309647497226713 ], [ -71.043322478606754, 42.309419496602985 ], [ -71.043577477855891, 42.309275496066149 ], [ -71.0436784782556, 42.309214495610611 ], [ -71.043847477521908, 42.30918049575348 ], [ -71.044125476222902, 42.309184495722278 ], [ -71.044403476215152, 42.309116495250436 ], [ -71.044665474475494, 42.308922494816308 ], [ -71.045068472930907, 42.308501494483451 ], [ -71.0454864704123, 42.30793049342963 ], [ -71.045859468883492, 42.307289492881672 ], [ -71.045968467703688, 42.306936493071191 ], [ -71.046184466693106, 42.30672049223859 ], [ -71.046293465281323, 42.306443491933152 ], [ -71.046403464745424, 42.305987492119627 ], [ -71.046451463159372, 42.305518492070284 ], [ -71.04657646218827, 42.305200491814759 ], [ -71.046731461828244, 42.304959491874627 ], [ -71.046979459477996, 42.304653490969429 ], [ -71.047138459769485, 42.304488490798072 ], [ -71.047272459223237, 42.304391490762491 ], [ -71.047334458358719, 42.304390490720124 ], [ -71.047477458119914, 42.304424490982768 ], [ -71.047621458634353, 42.304458490503656 ], [ -71.047811457917035, 42.304503489733811 ], [ -71.04784445813803, 42.304529489718647 ], [ -71.047904457598989, 42.304573490284213 ], [ -71.04808745809531, 42.304849489731417 ], [ -71.048087457830377, 42.304984489955821 ], [ -71.047976460505026, 42.305603489785426 ], [ -71.047960461077821, 42.305981489554306 ], [ -71.047929460645676, 42.306081490158881 ], [ -71.04783646164195, 42.306173489895464 ], [ -71.047819462297923, 42.306484490648174 ], [ -71.047741462293459, 42.306674490382065 ], [ -71.047648463360389, 42.306838490654137 ], [ -71.047631464675462, 42.307144490169783 ], [ -71.047754463817697, 42.307318490095 ], [ -71.047769463884862, 42.307399490684311 ], [ -71.047923464661693, 42.307522490576936 ], [ -71.048215464086383, 42.30766148997467 ], [ -71.048476464122231, 42.307751489518076 ], [ -71.049108462649698, 42.307915488733912 ], [ -71.050171460065684, 42.307874487052729 ], [ -71.050875458727162, 42.307939486574661 ], [ -71.051558456868335, 42.308002484914063 ], [ -71.051958455829862, 42.308004484902355 ], [ -71.052406454980286, 42.307933484055461 ], [ -71.05299245303955, 42.307774483494796 ], [ -71.053177452908486, 42.307649482938388 ], [ -71.053270452116919, 42.307480482501191 ], [ -71.053302451419398, 42.307331482820459 ], [ -71.053303450950835, 42.307088482889547 ], [ -71.053227450639355, 42.306689482948556 ], [ -71.053166450210213, 42.306609482776722 ], [ -71.053119450610453, 42.306591483113394 ], [ -71.053027450651498, 42.306562483240221 ], [ -71.05304345063324, 42.306417482647774 ], [ -71.053074450413206, 42.306394483448258 ], [ -71.053243450252481, 42.306403482586298 ], [ -71.053490449392413, 42.306418482486784 ], [ -71.053192448313339, 42.305649482933909 ], [ -71.052951447827255, 42.305253482918303 ], [ -71.052718447145864, 42.304910483613099 ], [ -71.052370447268927, 42.304516484097967 ], [ -71.051862447509151, 42.304058484873842 ], [ -71.051587447489382, 42.303809484648134 ], [ -71.050851448008473, 42.303178485874554 ], [ -71.050209448336688, 42.302609486595074 ], [ -71.049455447837687, 42.301916488098236 ], [ -71.049331448648957, 42.302017487633975 ], [ -71.049269449333877, 42.302108488341226 ], [ -71.048835452373439, 42.302908488386642 ], [ -71.048556453753491, 42.303156489384349 ], [ -71.0484334537812, 42.303307489229553 ], [ -71.048340454223123, 42.30330448955165 ], [ -71.048181454150537, 42.303267489769439 ], [ -71.048243453892837, 42.303135489012462 ], [ -71.048374453177104, 42.30285648885382 ], [ -71.048629451813454, 42.302388488970159 ], [ -71.048929449886785, 42.301889488530605 ], [ -71.049137447957378, 42.301439488203087 ], [ -71.049195447716144, 42.301337488182945 ], [ -71.049267447602787, 42.301197488159069 ], [ -71.0494594458807, 42.300822487162343 ], [ -71.049815446022038, 42.30101748756158 ], [ -71.050316445256001, 42.301290486505174 ], [ -71.050781444535303, 42.301542486142864 ], [ -71.05105144475057, 42.301747485579831 ], [ -71.051302444156875, 42.301981485447406 ], [ -71.051590443911891, 42.302213484580093 ], [ -71.051998444146633, 42.302504483874365 ], [ -71.052563443921855, 42.302937483531423 ], [ -71.053332442393014, 42.303361482471537 ], [ -71.053834442463511, 42.303621481954821 ], [ -71.054281441688175, 42.303843481202009 ], [ -71.055317440688569, 42.304284479360525 ], [ -71.055431440651816, 42.304323479331309 ], [ -71.055506439707443, 42.304349479279296 ], [ -71.055562439492888, 42.304365479897442 ], [ -71.055868439654887, 42.304472478643206 ], [ -71.055972439569132, 42.304517478655278 ], [ -71.056228439587741, 42.304657478283417 ], [ -71.056554438926597, 42.304858478114141 ], [ -71.056919438703289, 42.305116477755412 ], [ -71.057229438574495, 42.305337477170475 ], [ -71.057387439008565, 42.305480477273221 ], [ -71.057414438366976, 42.305513477329747 ], [ -71.057538439014692, 42.305688477143235 ], [ -71.057581438700154, 42.305825476687609 ], [ -71.057602438809027, 42.305943477123684 ], [ -71.057573439392087, 42.306281477103944 ], [ -71.057566440836325, 42.306484477004545 ], [ -71.057586440545492, 42.306652477181387 ], [ -71.057606440694116, 42.306763476609511 ], [ -71.05773344137333, 42.307004477042028 ], [ -71.057814440579946, 42.307094476605648 ], [ -71.0582204407944, 42.307472475850091 ], [ -71.058236440712705, 42.307518476076282 ], [ -71.058396440773279, 42.307678475555136 ], [ -71.058418440556082, 42.307579475691306 ], [ -71.058718440702265, 42.307582475146013 ], [ -71.058813440361604, 42.307583475405444 ], [ -71.059233438994568, 42.307605474794663 ], [ -71.05928843889663, 42.307737474355449 ], [ -71.059422439024132, 42.307989474337838 ], [ -71.059499438896012, 42.308059474285749 ], [ -71.059648439714209, 42.308151474264633 ], [ -71.059835438829467, 42.308242474368882 ], [ -71.059967438580898, 42.308325473347224 ], [ -71.060061438613829, 42.308399473196225 ], [ -71.060158438468449, 42.308506473247476 ], [ -71.060308439535959, 42.308656473523897 ], [ -71.060424439259606, 42.30873047348441 ], [ -71.060595438784901, 42.308788472765251 ], [ -71.060664438903842, 42.308800472804876 ], [ -71.060799437758192, 42.308822472529201 ], [ -71.06094343769621, 42.30881947272659 ], [ -71.061093437094385, 42.308803471907801 ], [ -71.061386436569364, 42.308742472218434 ], [ -71.061269437828642, 42.309071471679424 ], [ -71.061033439341884, 42.309611472830106 ], [ -71.061000439497377, 42.309683472549558 ], [ -71.060828440712427, 42.310058472959646 ], [ -71.060745441511912, 42.31020547282769 ], [ -71.060453441418858, 42.310097473106708 ], [ -71.060223441944373, 42.310072473520613 ], [ -71.060060442333778, 42.310080473811738 ], [ -71.059992442465699, 42.310100473907831 ], [ -71.059890442702155, 42.310147474341527 ], [ -71.059809443750126, 42.310190474042521 ], [ -71.059771443954602, 42.310237474537836 ], [ -71.059573444754903, 42.3105514745005 ], [ -71.059508445353075, 42.310681474546932 ], [ -71.059433445756099, 42.310882474391931 ], [ -71.059378446796472, 42.311039474863371 ], [ -71.059254447539544, 42.311409474700582 ], [ -71.058926450259335, 42.312474475866075 ], [ -71.058880450507743, 42.312651475627199 ], [ -71.058880451592003, 42.312771475659574 ], [ -71.058644451384154, 42.31280347581032 ], [ -71.058097453915849, 42.312855476206245 ], [ -71.058024452915959, 42.3128634765296 ], [ -71.05774545459964, 42.312891476945197 ], [ -71.057206455372565, 42.312960478122314 ], [ -71.056539457144055, 42.312936479109091 ], [ -71.056212458213253, 42.312893479366522 ], [ -71.056020458599804, 42.312864479422302 ], [ -71.055966457632309, 42.312844479570913 ], [ -71.055644458810363, 42.312696480258303 ], [ -71.055386458577445, 42.312569480376709 ], [ -71.055266458614597, 42.312491480594097 ], [ -71.054982459660707, 42.3123314804565 ], [ -71.054414459254971, 42.311993481938387 ], [ -71.054100459916057, 42.311816481776944 ], [ -71.053664460746816, 42.31160248286546 ], [ -71.053251461228015, 42.311393482798898 ], [ -71.053149461593719, 42.31133648359733 ], [ -71.052861462959697, 42.31203048365979 ], [ -71.052458466671098, 42.3130464839995 ], [ -71.052164468443138, 42.31384448480091 ], [ -71.05205547040201, 42.314339485154527 ], [ -71.052003471421543, 42.314655484857759 ], [ -71.051980471767394, 42.314975485025968 ], [ -71.051994472864692, 42.315530485070347 ], [ -71.052059474344659, 42.316182484848149 ], [ -71.052118476353826, 42.317231484927255 ], [ -71.052137477875974, 42.31788448550023 ], [ -71.052165480196152, 42.318815484690546 ], [ -71.052171480934391, 42.31902448540972 ], [ -71.052152481027562, 42.319342485131564 ], [ -71.052142481645603, 42.31951548538288 ], [ -71.052135481665346, 42.319626485643049 ], [ -71.052123482063834, 42.319836484864219 ], [ -71.052160483014518, 42.320055485270508 ], [ -71.052248483561428, 42.320671485414962 ], [ -71.052307484340005, 42.32100448525447 ], [ -71.052388485079632, 42.321255485090909 ], [ -71.052455485331464, 42.321466485025972 ], [ -71.052286485872443, 42.321465484962033 ], [ -71.052092486457042, 42.321469485650709 ], [ -71.052036485569516, 42.321464485093685 ], [ -71.051993486412357, 42.321460485886227 ], [ -71.051808487121065, 42.321444485926115 ], [ -71.051551487771235, 42.321435486478066 ], [ -71.051367487779132, 42.321410486721767 ], [ -71.051249487665515, 42.321308486083502 ], [ -71.051132487789317, 42.321188486859143 ], [ -71.05103448805734, 42.321070486543469 ], [ -71.050924487281151, 42.320876486489205 ], [ -71.050651486757715, 42.320390487585236 ], [ -71.049849485688284, 42.318933488560845 ], [ -71.049793485510023, 42.318731487999138 ], [ -71.049632484519648, 42.318411488088323 ], [ -71.049202483755806, 42.317594489322509 ], [ -71.048848482824766, 42.316960489266577 ], [ -71.048296481835209, 42.315941490329074 ], [ -71.048208482505856, 42.315780490593717 ], [ -71.048082481597802, 42.31549549079439 ], [ -71.047903481763555, 42.315065490832097 ], [ -71.047786480995441, 42.314817490555235 ], [ -71.047755481192468, 42.31475149097782 ], [ -71.04761448059395, 42.314504490856635 ], [ -71.047540480240698, 42.314374490739425 ], [ -71.047252479844872, 42.313943491600561 ], [ -71.047005479344762, 42.313587491590276 ], [ -71.046724478895698, 42.313063492398456 ], [ -71.046699479234334, 42.313016491788538 ] ] ] ] } },
{ "type": "Feature", "properties": { "geoid": "25025040401", "neighborhood": "Charlestown", "sales": 1133, "median_price": 525000.0, "investor_share": 0.12444836716681378, "large_inst_share": 0.03265666372462489, "small_med_share": 0.091791703442188885, "flip_rate": 0.089143865842894965, "buy_flip_rate": 0.083848190644307152, "condo_share": 0.76522506619594, "r23_share": 0.03618711385701677, "hold_score": -0.4983897305616507, "flip_score": -1.4117833303815923, "dominant": "holding", "policy_fit": "Transfer fee on high-value sales", "r_mhi": 85390.0, "pct_nonwhite": 0.24503764544832307, "pct_black": 0.023271731690622861, "pct_latino": 0.069815195071868577, "percent_owners": 56.0 }, "geometry": { "type": "MultiPolygon", "coordinates": [ [ [ [ -71.060663574675573, 42.370059477912456 ], [ -71.060783574953192, 42.369977477730387 ], [ -71.06089557487536, 42.36990147702317 ], [ -71.061220573600053, 42.369778477029129 ], [ -71.061328573090975, 42.369708477271566 ], [ -71.061328572128943, 42.369605477087752 ], [ -71.061115572015211, 42.368942476654475 ], [ -71.060904572206752, 42.368959477551556 ], [ -71.060847571891458, 42.368749477501943 ], [ -71.061657569769721, 42.36866047650706 ], [ -71.061871569463889, 42.368636476008973 ], [ -71.061924568652771, 42.368653476285616 ], [ -71.061964569614219, 42.368679475854186 ], [ -71.06197656979262, 42.368710476154398 ], [ -71.061964569071023, 42.368738476254208 ], [ -71.061897569529179, 42.368793476374577 ], [ -71.061840570038953, 42.368861475988382 ], [ -71.061837570371026, 42.368943476336931 ], [ -71.061854569709055, 42.369010475709722 ], [ -71.061977570265469, 42.369251475849246 ], [ -71.062115570940151, 42.369356475959869 ], [ -71.062270570034414, 42.369390475413141 ], [ -71.0625295698309, 42.3693964750193 ], [ -71.062601569217776, 42.369397475268727 ], [ -71.06273656956121, 42.369400474968081 ], [ -71.062813568946325, 42.369402474499388 ], [ -71.064029566185837, 42.369313473584668 ], [ -71.064229566591578, 42.369519473492424 ], [ -71.064495566440371, 42.369719473055419 ], [ -71.065041616210323, 42.369907324619916 ], [ -71.065084565316951, 42.369946472135602 ], [ -71.065211564906917, 42.370064472081907 ], [ -71.06533956497664, 42.37018147184137 ], [ -71.065409565148556, 42.370245471229445 ], [ -71.065615565176813, 42.370435471593396 ], [ -71.065706564609599, 42.370518471416823 ], [ -71.065990565296801, 42.370781470902038 ], [ -71.06623856442819, 42.371009470312671 ], [ -71.066368565174159, 42.371128470566966 ], [ -71.066434564385986, 42.3711894706788 ], [ -71.066508564618715, 42.371258470240157 ], [ -71.066579564386743, 42.371323470176314 ], [ -71.066698564499916, 42.371432470527154 ], [ -71.066978564671558, 42.371693469990653 ], [ -71.06711456416248, 42.371816469417368 ], [ -71.06715856502845, 42.371823469921431 ], [ -71.067386563831619, 42.371859469153684 ], [ -71.067450564112789, 42.37186946886753 ], [ -71.067613563201022, 42.371894469359617 ], [ -71.067666563039566, 42.371903468810778 ], [ -71.067771563828217, 42.371919468850528 ], [ -71.067905563692207, 42.371939468734062 ], [ -71.06800056254697, 42.371955468817795 ], [ -71.06814956216175, 42.371978468668146 ], [ -71.068216562056946, 42.37198946862793 ], [ -71.068301562940007, 42.372003468319221 ], [ -71.068443561594165, 42.372025468311769 ], [ -71.068699561734078, 42.372065467291335 ], [ -71.068952560837388, 42.372105467061893 ], [ -71.069003561346051, 42.372114467408679 ], [ -71.069056561088729, 42.372122466898226 ], [ -71.069111560530246, 42.372130466649075 ], [ -71.069317561081775, 42.372163467237392 ], [ -71.069444560729067, 42.372182466812497 ], [ -71.069655559510352, 42.372216466808759 ], [ -71.069686560158118, 42.372221466800966 ], [ -71.069742559485377, 42.372230466606496 ], [ -71.069905559183539, 42.372255465644898 ], [ -71.070063559165803, 42.37228046557771 ], [ -71.070116558450053, 42.372289465695303 ], [ -71.070214559245059, 42.372304465938051 ], [ -71.07032855911838, 42.372322465276532 ], [ -71.070421558957534, 42.372337465574837 ], [ -71.070449557865743, 42.37234146563938 ], [ -71.070502557975416, 42.372349465362568 ], [ -71.070544558674356, 42.372356465204874 ], [ -71.0704475591657, 42.372468465298695 ], [ -71.070399558407331, 42.372523465607763 ], [ -71.070321558671736, 42.372613465983896 ], [ -71.070193559370423, 42.372761466021728 ], [ -71.069994560384998, 42.373018465769199 ], [ -71.069879561193474, 42.373167466532202 ], [ -71.069742562513724, 42.37334246623918 ], [ -71.069709561988176, 42.373378466863272 ], [ -71.069695562657046, 42.373393466414008 ], [ -71.069669562244172, 42.3734204669246 ], [ -71.06964356229642, 42.373448466749565 ], [ -71.069617563059026, 42.373475466352332 ], [ -71.069585562870671, 42.373511466180219 ], [ -71.069548563459236, 42.373541466691726 ], [ -71.069519563703849, 42.373565466995295 ], [ -71.069492563407593, 42.373591467107083 ], [ -71.069417563422448, 42.37365046679367 ], [ -71.069378563675812, 42.37367446655449 ], [ -71.069363563275658, 42.373683467306897 ], [ -71.069201564937657, 42.373782466901524 ], [ -71.069135564751761, 42.373807467446333 ], [ -71.06887056517283, 42.373909467743545 ], [ -71.068506566179465, 42.374059467772199 ], [ -71.068404566362972, 42.374092467896865 ], [ -71.068373566633682, 42.374117467831027 ], [ -71.068259567581279, 42.374241467940436 ], [ -71.06822056755054, 42.374311468369712 ], [ -71.068207568493321, 42.374369468295718 ], [ -71.068184568674113, 42.374436468672592 ], [ -71.068040568063708, 42.374535468443234 ], [ -71.067906568714221, 42.374627468944873 ], [ -71.068216569356622, 42.375124468229018 ], [ -71.068323570207696, 42.375297468143366 ], [ -71.068679569750273, 42.375912468134388 ], [ -71.068771569886906, 42.376084467865837 ], [ -71.069060570462099, 42.376631467998443 ], [ -71.069351571024882, 42.377178467600423 ], [ -71.069602571628394, 42.377573467315152 ], [ -71.069942572856277, 42.378200466984403 ], [ -71.070429573165526, 42.37907346647917 ], [ -71.070692573271799, 42.379527465395427 ], [ -71.070900574028101, 42.379871465156413 ], [ -71.070776574704368, 42.379927465964712 ], [ -71.070513575597559, 42.380047466056702 ], [ -71.06998657724975, 42.380309466382563 ], [ -71.069684576646281, 42.380007467491481 ], [ -71.069518577688086, 42.379834467168905 ], [ -71.069105577268132, 42.379410467844458 ], [ -71.068746577372622, 42.379056468517817 ], [ -71.068470577029188, 42.3787924684815 ], [ -71.068127577314314, 42.378470469294342 ], [ -71.067826576927771, 42.378206469266622 ], [ -71.067042581146708, 42.378920470649362 ], [ -71.066659580739582, 42.378674470878288 ], [ -71.066587581114703, 42.37862747128807 ], [ -71.066391581650421, 42.378466471216171 ], [ -71.066218581228526, 42.378322471172396 ], [ -71.065916581655273, 42.378101471717478 ], [ -71.065658582099275, 42.377905471925786 ], [ -71.065502581069865, 42.377791472157099 ], [ -71.065304581001641, 42.37758647283367 ], [ -71.064969581195044, 42.377305472618126 ], [ -71.064258582435201, 42.376844473746523 ], [ -71.063927582842823, 42.376685474412341 ], [ -71.06377858301876, 42.376630473863294 ], [ -71.063499583809914, 42.376525474223861 ], [ -71.063688581769625, 42.376279474573948 ], [ -71.064003581270256, 42.375969473520996 ], [ -71.064071580679894, 42.375907473598851 ], [ -71.064459578357443, 42.375546473753417 ], [ -71.064320579499409, 42.375463473199552 ], [ -71.064158579574425, 42.375378474052525 ], [ -71.063966579016011, 42.375276474319094 ], [ -71.06367257970615, 42.375091474520289 ], [ -71.06331557971258, 42.374867474837593 ], [ -71.063091579972195, 42.374689475085418 ], [ -71.062797582822881, 42.375368475852767 ], [ -71.062621583275799, 42.375777475438163 ], [ -71.062497584241797, 42.375993476269365 ], [ -71.062441584586267, 42.376075475752764 ], [ -71.062387584448942, 42.376117475863069 ], [ -71.061872585283766, 42.375951476789297 ], [ -71.062044583934167, 42.375594476301913 ], [ -71.062220583561597, 42.375193476621327 ], [ -71.062495581544766, 42.374806476216833 ], [ -71.062785580809816, 42.374493475420138 ], [ -71.063197577971977, 42.373941475025404 ], [ -71.063386578005407, 42.373844474210287 ], [ -71.063753576822123, 42.373699473994499 ], [ -71.06399857618166, 42.373580473469943 ], [ -71.064151574549797, 42.373408473390747 ], [ -71.064181574866296, 42.373367473594236 ], [ -71.064203574744326, 42.373261473352336 ], [ -71.064226574450302, 42.373123473473676 ], [ -71.064206573942514, 42.372830473007234 ], [ -71.064151572951673, 42.372677473304861 ], [ -71.064062573336088, 42.372400473308332 ], [ -71.064003572324012, 42.372296473621191 ], [ -71.063955572190608, 42.372212474063893 ], [ -71.06383957277896, 42.371916473604728 ], [ -71.063605572257586, 42.371787474564499 ], [ -71.063186573196418, 42.371607474735633 ], [ -71.063038572753882, 42.371548475132229 ], [ -71.062706573489464, 42.371416475017064 ], [ -71.062664573336164, 42.371400475731633 ], [ -71.062633573463501, 42.371388475007763 ], [ -71.06237557412058, 42.371292475894926 ], [ -71.062236574125848, 42.371236475928633 ], [ -71.062051574857719, 42.371163476147267 ], [ -71.062019574416439, 42.371150475729792 ], [ -71.061960574624052, 42.371131476539432 ], [ -71.061919575157816, 42.371118476046902 ], [ -71.061884575390565, 42.371107476316105 ], [ -71.061836574979921, 42.371093475926436 ], [ -71.061291575046596, 42.370751476689946 ], [ -71.061078575268596, 42.370578477102441 ], [ -71.060901574969861, 42.370384477526279 ], [ -71.060663574675573, 42.370059477912456 ] ] ] ] } },
{ "type": "Feature", "properties": { "geoid": "25025100601", "neighborhood": "Dorchester", "sales": 1798, "median_price": 290000.0, "investor_share": 0.23804226918798665, "large_inst_share": 0.10011123470522804, "small_med_share": 0.13793103448275862, "flip_rate": 0.10622914349276974, "buy_flip_rate": 0.10622914349276974, "condo_share": 0.59454949944382651, "r23_share": 0.22691879866518352, "hold_score": -0.046612588270805277, "flip_score": 1.0417171511926706, "dominant": "flipping", "policy_fit": "TOPA / anti-flip / stabilization", "r_mhi": 109188.0, "pct_nonwhite": 0.60782478472482215, "pct_black": 0.2059153874953201, "pct_latino": 0.11081991763384501, "percent_owners": 60.9 }, "geometry": { "type": "MultiPolygon", "coordinates": [ [ [ [ -71.063725384612439, 42.287778466970231 ], [ -71.063642385880357, 42.288112467085782 ], [ -71.063514386784192, 42.288547466948053 ], [ -71.06344938801486, 42.288766467425624 ], [ -71.06326038912556, 42.289459467515393 ], [ -71.063145390396315, 42.289887467796703 ], [ -71.063114390856811, 42.289966467728547 ], [ -71.062932392370172, 42.290624468345136 ], [ -71.062804394384273, 42.291121468428187 ], [ -71.06269239540778, 42.29151646902632 ], [ -71.062610395757176, 42.291809468573625 ], [ -71.061847398704941, 42.291991470042767 ], [ -71.061268400318511, 42.292134471054048 ], [ -71.06059140235574, 42.292295471489695 ], [ -71.060359402916148, 42.292351471683013 ], [ -71.060122403363238, 42.292414471935352 ], [ -71.059035406488277, 42.292704474099423 ], [ -71.057954409234085, 42.292961474954836 ], [ -71.057295410697506, 42.293125476430085 ], [ -71.056128413749803, 42.293377477860787 ], [ -71.055490416563273, 42.293505478560185 ], [ -71.054650418604439, 42.29370348038303 ], [ -71.053795420780972, 42.293973480818856 ], [ -71.053325421963294, 42.294143481582452 ], [ -71.05275542367184, 42.294349482480335 ], [ -71.052588424549583, 42.294410482548038 ], [ -71.052430425236452, 42.294476483495124 ], [ -71.051905425505353, 42.294102483737831 ], [ -71.051740425537076, 42.293979483660017 ], [ -71.051463425360581, 42.293743484038316 ], [ -71.051327426107704, 42.29360148488918 ], [ -71.051121425152417, 42.293385484522481 ], [ -71.05087942546551, 42.293086485453422 ], [ -71.050632425099181, 42.29278248581462 ], [ -71.050154425260672, 42.292185486185268 ], [ -71.049761425317882, 42.291725486341363 ], [ -71.049415424805986, 42.291301487068395 ], [ -71.048710424158628, 42.290420487551778 ], [ -71.048417423917613, 42.290058488314543 ], [ -71.050323418539861, 42.289607485848052 ], [ -71.051357416099847, 42.289327483909439 ], [ -71.051471415380362, 42.289314483761224 ], [ -71.051904414769098, 42.289202483419515 ], [ -71.052157413413951, 42.289137482741779 ], [ -71.052737412057638, 42.288990481913181 ], [ -71.053582409156377, 42.28875748088376 ], [ -71.054330407362698, 42.288552479607198 ], [ -71.054887406572377, 42.288403479105789 ], [ -71.055346404422622, 42.28824247832415 ], [ -71.055458404287563, 42.288442478476576 ], [ -71.055591405272565, 42.288844478144725 ], [ -71.055702406182533, 42.289158477872348 ], [ -71.055994404728139, 42.289093478185713 ], [ -71.056579403732954, 42.288962476616966 ], [ -71.056842402184202, 42.288909476468071 ], [ -71.057363400874365, 42.288782476230217 ], [ -71.057862399413608, 42.288634474929196 ], [ -71.058623397840677, 42.288442473652204 ], [ -71.059071396721734, 42.288368473379691 ], [ -71.05976739433315, 42.28828847222902 ], [ -71.060008394346482, 42.288268472145141 ], [ -71.060164393243539, 42.288277471857448 ], [ -71.060281393034131, 42.288310471893723 ], [ -71.060365393142476, 42.28831247144528 ], [ -71.060488393689425, 42.288294471298691 ], [ -71.061446390323894, 42.288057470077995 ], [ -71.06211838896057, 42.287863469259669 ], [ -71.06286538581584, 42.287687467811708 ], [ -71.06341438462195, 42.28754446726041 ], [ -71.063646383781233, 42.287496467320999 ], [ -71.063795383607371, 42.287492466653966 ], [ -71.063725384612439, 42.287778466970231 ] ] ] ] } },
{ "type": "Feature", "properties": { "geoid": "25025090100", "neighborhood": "Dorchester", "sales": 780, "median_price": 325000.0, "investor_share": 0.40769230769230769, "large_inst_share": 0.1935897435897436, "small_med_share": 0.21410256410256409, "flip_rate": 0.15384615384615385, "buy_flip_rate": 0.15641025641025641, "condo_share": 0.14102564102564102, "r23_share": 0.69615384615384612, "hold_score": -2.0878430059706781, "flip_score": 7.1047991738097842, "dominant": "flipping", "policy_fit": "TOPA / anti-flip / stabilization", "r_mhi": 31077.0, "pct_nonwhite": 0.97427963643395865, "pct_black": 0.56662154322181402, "pct_latino": 0.3165731966737575, "percent_owners": 61.8 }, "geometry": { "type": "MultiPolygon", "coordinates": [ [ [ [ -71.085902365207417, 42.301381437627036 ], [ -71.085726366651414, 42.301953437603622 ], [ -71.085557368670791, 42.302495438387943 ], [ -71.085361370250112, 42.303093438272477 ], [ -71.085245370721651, 42.303446438831159 ], [ -71.084999373539944, 42.304178439172077 ], [ -71.084922374456937, 42.304428439095098 ], [ -71.084849374335164, 42.304706439215124 ], [ -71.084740376293894, 42.305277439598626 ], [ -71.08472037626413, 42.305447439342984 ], [ -71.084691377480354, 42.305608439583452 ], [ -71.084652378567597, 42.305931439585521 ], [ -71.084618378988623, 42.306116439912934 ], [ -71.084551378762242, 42.306378439710151 ], [ -71.084474380305494, 42.306608439986803 ], [ -71.084402380581736, 42.30679744063702 ], [ -71.084298380864752, 42.307015440300489 ], [ -71.084188381871556, 42.307191440807905 ], [ -71.084028383344659, 42.307417441169619 ], [ -71.08389738304642, 42.307590441220668 ], [ -71.083685384675974, 42.307891441345035 ], [ -71.083253386570419, 42.308469441815717 ], [ -71.083160386585945, 42.3083184422741 ], [ -71.082864386164275, 42.308001442791699 ], [ -71.082734387019727, 42.307778442234117 ], [ -71.082643386372183, 42.307635442358666 ], [ -71.082519385630874, 42.307416442636303 ], [ -71.082337385483584, 42.307169443412057 ], [ -71.082200385883681, 42.306968443490007 ], [ -71.082168385518514, 42.306917443156514 ], [ -71.081812386118926, 42.306518444024078 ], [ -71.081633385739067, 42.306343444287634 ], [ -71.081357385871954, 42.306103444127693 ], [ -71.080794385662344, 42.305623444859165 ], [ -71.080562385831797, 42.305440445412074 ], [ -71.080453385776067, 42.305354445329812 ], [ -71.080361386710663, 42.305270445552239 ], [ -71.07991738695074, 42.304911446183965 ], [ -71.079560386839503, 42.304622446519986 ], [ -71.079414386150859, 42.304510447168845 ], [ -71.079252387052634, 42.304319447159195 ], [ -71.078939386096053, 42.303937447092409 ], [ -71.078805386713483, 42.303742447213295 ], [ -71.078533386272113, 42.303388447893752 ], [ -71.078424385943336, 42.303227448110313 ], [ -71.078607384913084, 42.30294844803214 ], [ -71.078865382981448, 42.302365447021828 ], [ -71.078972382683062, 42.302040446996322 ], [ -71.079064381428338, 42.301736447248651 ], [ -71.079153380500784, 42.301448446474396 ], [ -71.079216379459041, 42.301191446823282 ], [ -71.079261378757451, 42.300811446979807 ], [ -71.079279377096299, 42.300191446906105 ], [ -71.079274375717148, 42.299715446727902 ], [ -71.079225375413913, 42.299211446330396 ], [ -71.079150373891181, 42.298690446602386 ], [ -71.07885137065594, 42.296708446333817 ], [ -71.079537368521926, 42.296563446247568 ], [ -71.079995367207957, 42.296480444764292 ], [ -71.080459366446775, 42.296388444141712 ], [ -71.080864367619682, 42.297492444326508 ], [ -71.081083368450251, 42.298122443430429 ], [ -71.081329369085651, 42.298763443916847 ], [ -71.081409370144925, 42.299002443796041 ], [ -71.082302367760619, 42.298793442036811 ], [ -71.082913366268116, 42.29866344173589 ], [ -71.083037365472606, 42.298927441217558 ], [ -71.083075365718813, 42.298980441129657 ], [ -71.083141366079744, 42.299051441462773 ], [ -71.083295366497666, 42.299188441373211 ], [ -71.083906365254023, 42.299709440567071 ], [ -71.08470336598927, 42.300423438917733 ], [ -71.085286364834786, 42.300911438714969 ], [ -71.085727364794607, 42.301248437684713 ], [ -71.085902365207417, 42.301381437627036 ] ] ] ] } },
{ "type": "Feature", "properties": { "geoid": "25025091100", "neighborhood": "Dorchester", "sales": 1459, "median_price": 354000.0, "investor_share": 0.23646333104866346, "large_inst_share": 0.069225496915695683, "small_med_share": 0.16723783413296778, "flip_rate": 0.07402330363262509, "buy_flip_rate": 0.076764907470870461, "condo_share": 0.57847840986977384, "r23_share": 0.26387936943111723, "hold_score": -0.28672929971784811, "flip_score": -0.89148110075205111, "dominant": "mixed", "policy_fit": "Layered approach", "r_mhi": 90972.0, "pct_nonwhite": 0.48576078112286414, "pct_black": 0.087469487388120423, "pct_latino": 0.087469487388120423, "percent_owners": 62.2 }, "geometry": { "type": "MultiPolygon", "coordinates": [ [ [ [ -71.060028452819409, 42.314664474194672 ], [ -71.060017453168896, 42.314738474499229 ], [ -71.059966454049501, 42.314880474351625 ], [ -71.059854454127375, 42.315225474161991 ], [ -71.059718455857279, 42.315658474393864 ], [ -71.059622456492789, 42.315986474542633 ], [ -71.059543457539888, 42.31620247502395 ], [ -71.059457458328581, 42.316485474966598 ], [ -71.059367458599411, 42.316718474910601 ], [ -71.05921346004358, 42.317254475240169 ], [ -71.059112461279867, 42.317578475484147 ], [ -71.059049462458631, 42.317800476193185 ], [ -71.058964463104047, 42.31812147572245 ], [ -71.058895464432283, 42.318444475803076 ], [ -71.058833464871725, 42.318600475712927 ], [ -71.058789464519805, 42.318664476540405 ], [ -71.058716465224578, 42.318738476402736 ], [ -71.058617465660021, 42.318696476486785 ], [ -71.057617467500904, 42.318503477694364 ], [ -71.057362467600157, 42.318477477841128 ], [ -71.057102468630305, 42.31848547864606 ], [ -71.056725469017721, 42.318490479080829 ], [ -71.056723469420163, 42.318663479046293 ], [ -71.056324470695969, 42.3187554792298 ], [ -71.055953470963146, 42.318834479625444 ], [ -71.055760472245993, 42.318875480007854 ], [ -71.055517473171847, 42.318906480724763 ], [ -71.055157473684261, 42.318929481096433 ], [ -71.054860474159142, 42.318949481400288 ], [ -71.054467474863202, 42.318962481868432 ], [ -71.053914476640699, 42.318948482469487 ], [ -71.053853475910785, 42.31894248296274 ], [ -71.053647477114069, 42.318947483130756 ], [ -71.053511476695192, 42.318958483386005 ], [ -71.05338447701854, 42.318988483236133 ], [ -71.053172478272813, 42.319071483630708 ], [ -71.053059478853086, 42.319123484112488 ], [ -71.052951478612528, 42.319192484454689 ], [ -71.052745479917917, 42.319303484173084 ], [ -71.052569480041697, 42.319363484914589 ], [ -71.052214479764388, 42.318882484911668 ], [ -71.052165480196152, 42.318815484690546 ], [ -71.052137477875974, 42.31788448550023 ], [ -71.052118476353826, 42.317231484927255 ], [ -71.052059474344659, 42.316182484848149 ], [ -71.051994472864692, 42.315530485070347 ], [ -71.051980471767394, 42.314975485025968 ], [ -71.052003471421543, 42.314655484857759 ], [ -71.05205547040201, 42.314339485154527 ], [ -71.052164468443138, 42.31384448480091 ], [ -71.052458466671098, 42.3130464839995 ], [ -71.052861462959697, 42.31203048365979 ], [ -71.053149461593719, 42.31133648359733 ], [ -71.053251461228015, 42.311393482798898 ], [ -71.053664460746816, 42.31160248286546 ], [ -71.054100459916057, 42.311816481776944 ], [ -71.054414459254971, 42.311993481938387 ], [ -71.054982459660707, 42.3123314804565 ], [ -71.055266458614597, 42.312491480594097 ], [ -71.055386458577445, 42.312569480376709 ], [ -71.055644458810363, 42.312696480258303 ], [ -71.055966457632309, 42.312844479570913 ], [ -71.056020458599804, 42.312864479422302 ], [ -71.056212458213253, 42.312893479366522 ], [ -71.056539457144055, 42.312936479109091 ], [ -71.057206455372565, 42.312960478122314 ], [ -71.05774545459964, 42.312891476945197 ], [ -71.058024452915959, 42.3128634765296 ], [ -71.058097453915849, 42.312855476206245 ], [ -71.058644451384154, 42.31280347581032 ], [ -71.058880451592003, 42.312771475659574 ], [ -71.058890451079492, 42.312816475887736 ], [ -71.058923451358496, 42.312903475107987 ], [ -71.05901045212461, 42.313055475127285 ], [ -71.0592234526396, 42.313525474936355 ], [ -71.059330453079355, 42.313750474712791 ], [ -71.059424452749795, 42.313853474511703 ], [ -71.059607452156882, 42.313978474596368 ], [ -71.059865452339011, 42.314169474386127 ], [ -71.059959452074594, 42.314264474574586 ], [ -71.060014451979924, 42.314418474188365 ], [ -71.060031452363717, 42.314575473998183 ], [ -71.060028452819409, 42.314664474194672 ] ] ] ] } },
{ "type": "Feature", "properties": { "geoid": "25025091200", "neighborhood": "Dorchester", "sales": 764, "median_price": 350000.0, "investor_share": 0.23821989528795812, "large_inst_share": 0.10340314136125654, "small_med_share": 0.13481675392670156, "flip_rate": 0.094240837696335081, "buy_flip_rate": 0.094240837696335081, "condo_share": 0.61125654450261779, "r23_share": 0.2356020942408377, "hold_score": -1.0282287419971397, "flip_score": 0.25806412386191957, "dominant": "flipping", "policy_fit": "TOPA / anti-flip / stabilization", "r_mhi": 40625.0, "pct_nonwhite": 0.6433121019108281, "pct_black": 0.17388535031847133, "pct_latino": 0.24235668789808917, "percent_owners": 63.6 }, "geometry": { "type": "MultiPolygon", "coordinates": [ [ [ [ -71.067428435938567, 42.314603463872878 ], [ -71.067145438273258, 42.314992464844629 ], [ -71.06677043993605, 42.315449465523578 ], [ -71.066596439987265, 42.31564846533422 ], [ -71.066401441401894, 42.315882465817047 ], [ -71.066123443199444, 42.316195466362224 ], [ -71.065577445184559, 42.316818466477464 ], [ -71.065465445965486, 42.316910466960998 ], [ -71.065199446172713, 42.317071467292799 ], [ -71.064863447923088, 42.317242468204292 ], [ -71.064642448443252, 42.317370467860158 ], [ -71.06431245008514, 42.317637468887646 ], [ -71.064156451269639, 42.317791468745547 ], [ -71.063977451412541, 42.318041469098311 ], [ -71.063718452784926, 42.318409469313337 ], [ -71.063571453750754, 42.318618469321649 ], [ -71.063158455844729, 42.319194470049254 ], [ -71.062851457831002, 42.319563470666353 ], [ -71.062683458933819, 42.319740471396642 ], [ -71.062522458524043, 42.319893471354362 ], [ -71.062109461097705, 42.32018947196282 ], [ -71.061756462080496, 42.320400472184105 ], [ -71.061480462667262, 42.320500472893031 ], [ -71.061383462283132, 42.320388473146352 ], [ -71.061225462337134, 42.320205472615683 ], [ -71.060845462950553, 42.319911473560282 ], [ -71.060240462815429, 42.31941847431402 ], [ -71.060094463551565, 42.31928547472026 ], [ -71.059743463178734, 42.318997475327741 ], [ -71.059595463478203, 42.318869474880046 ], [ -71.059446463231083, 42.318774475341101 ], [ -71.059270463377928, 42.318695475747333 ], [ -71.059121463800963, 42.318653475451029 ], [ -71.058833464871725, 42.318600475712927 ], [ -71.058895464432283, 42.318444475803076 ], [ -71.058964463104047, 42.31812147572245 ], [ -71.059049462458631, 42.317800476193185 ], [ -71.059112461279867, 42.317578475484147 ], [ -71.05921346004358, 42.317254475240169 ], [ -71.059367458599411, 42.316718474910601 ], [ -71.059457458328581, 42.316485474966598 ], [ -71.059543457539888, 42.31620247502395 ], [ -71.059622456492789, 42.315986474542633 ], [ -71.059718455857279, 42.315658474393864 ], [ -71.059854454127375, 42.315225474161991 ], [ -71.059966454049501, 42.314880474351625 ], [ -71.060017453168896, 42.314738474499229 ], [ -71.060028452819409, 42.314664474194672 ], [ -71.060031452363717, 42.314575473998183 ], [ -71.060014451979924, 42.314418474188365 ], [ -71.059959452074594, 42.314264474574586 ], [ -71.059865452339011, 42.314169474386127 ], [ -71.059607452156882, 42.313978474596368 ], [ -71.059424452749795, 42.313853474511703 ], [ -71.059330453079355, 42.313750474712791 ], [ -71.0592234526396, 42.313525474936355 ], [ -71.05901045212461, 42.313055475127285 ], [ -71.058923451358496, 42.312903475107987 ], [ -71.058890451079492, 42.312816475887736 ], [ -71.058880451592003, 42.312771475659574 ], [ -71.058958450918183, 42.312770475791901 ], [ -71.05914445079047, 42.312795474794733 ], [ -71.059548449869609, 42.312886474397338 ], [ -71.060139448971412, 42.313034474032726 ], [ -71.060395448422511, 42.313104473788037 ], [ -71.060404448729088, 42.313006473700256 ], [ -71.060385448662174, 42.312946473514465 ], [ -71.0603124482342, 42.312803473467021 ], [ -71.060266448113097, 42.31267447367123 ], [ -71.060229447647473, 42.312513473822584 ], [ -71.06040244741294, 42.312552473835723 ], [ -71.060739446735326, 42.312675473468815 ], [ -71.06146844576881, 42.312959472329467 ], [ -71.062371444258943, 42.313332470884056 ], [ -71.063011444262699, 42.313593470411092 ], [ -71.063258443493552, 42.313688469569506 ], [ -71.063769443022068, 42.313880469135313 ], [ -71.063998442003452, 42.31397546860947 ], [ -71.064110442027001, 42.314031468773685 ], [ -71.064212441921029, 42.314105468411874 ], [ -71.064301442845661, 42.314178467978472 ], [ -71.064422442964386, 42.314322468354426 ], [ -71.064514441972804, 42.314483468025749 ], [ -71.064565442439886, 42.314630468444768 ], [ -71.064601443121049, 42.314769467792367 ], [ -71.065169441910754, 42.314817467030323 ], [ -71.065639440513053, 42.314849466752712 ], [ -71.065857440253453, 42.314833466300186 ], [ -71.066059439986049, 42.314803465717389 ], [ -71.06639243910702, 42.314736465990912 ], [ -71.066744437618013, 42.314678465165983 ], [ -71.066870437536991, 42.314657465107864 ], [ -71.067217436831996, 42.314614464586569 ], [ -71.067428435938567, 42.314603463872878 ] ] ] ] } },
{ "type": "Feature", "properties": { "geoid": "25025091400", "neighborhood": "Dorchester", "sales": 422, "median_price": 257854.5, "investor_share": 0.29383886255924169, "large_inst_share": 0.15165876777251186, "small_med_share": 0.14218009478672985, "flip_rate": 0.10900473933649289, "buy_flip_rate": 0.10900473933649289, "condo_share": 0.23933649289099526, "r23_share": 0.3009478672985782, "hold_score": -1.7551039150421268, "flip_score": 1.6551833325419505, "dominant": "flipping", "policy_fit": "TOPA / anti-flip / stabilization", "r_mhi": 24050.0, "pct_nonwhite": 0.93035343035343032, "pct_black": 0.41753291753291755, "pct_latino": 0.31531531531531531, "percent_owners": 70.7 }, "geometry": { "type": "MultiPolygon", "coordinates": [ [ [ [ -71.073144422201537, 42.314217456265261 ], [ -71.073120422476379, 42.31440945664545 ], [ -71.07308342385204, 42.31471245605627 ], [ -71.073026425495925, 42.315511456349967 ], [ -71.072984426721433, 42.315823456280732 ], [ -71.072954427243531, 42.315999456689084 ], [ -71.072836428402098, 42.31647645724815 ], [ -71.0728244285214, 42.316544457193999 ], [ -71.072829428732362, 42.31666045667437 ], [ -71.072852428724019, 42.316733457269414 ], [ -71.072925428475102, 42.316861456446787 ], [ -71.073010428686629, 42.317035456754418 ], [ -71.072790429378713, 42.31720045727554 ], [ -71.072395431200164, 42.317485457377273 ], [ -71.072181432450535, 42.317634458244022 ], [ -71.071996432657613, 42.317738458141747 ], [ -71.071915433505325, 42.317767458576149 ], [ -71.07182943393741, 42.317782458704784 ], [ -71.07173943308436, 42.317782458405851 ], [ -71.071680433283504, 42.317778458270794 ], [ -71.071513433827931, 42.317743459029224 ], [ -71.070387435700724, 42.317441460073219 ], [ -71.070166438006439, 42.317927460315232 ], [ -71.069979438720623, 42.318340461463251 ], [ -71.069697440687904, 42.31894746127012 ], [ -71.069103441086185, 42.318728462007122 ], [ -71.068746442305525, 42.318594462797783 ], [ -71.068241443361771, 42.318405463059548 ], [ -71.067967443804221, 42.318289463922689 ], [ -71.067425444505375, 42.318058464867768 ], [ -71.067238444665662, 42.317984464271099 ], [ -71.066836445277687, 42.317816465481478 ], [ -71.06655844518194, 42.317686465348302 ], [ -71.066215445211313, 42.317545466147187 ], [ -71.065416446605596, 42.317180466705594 ], [ -71.065199446172713, 42.317071467292799 ], [ -71.065465445965486, 42.316910466960998 ], [ -71.065577445184559, 42.316818466477464 ], [ -71.066123443199444, 42.316195466362224 ], [ -71.066401441401894, 42.315882465817047 ], [ -71.066596439987265, 42.31564846533422 ], [ -71.06677043993605, 42.315449465523578 ], [ -71.067145438273258, 42.314992464844629 ], [ -71.067428435938567, 42.314603463872878 ], [ -71.067897433112023, 42.313765463051752 ], [ -71.068236431591259, 42.313189463233023 ], [ -71.068498429159021, 42.312726462509517 ], [ -71.068634428976665, 42.312574462231225 ], [ -71.068724428686878, 42.312494462608115 ], [ -71.06929742584424, 42.311985461436009 ], [ -71.069719424908627, 42.311639460482318 ], [ -71.069935424212687, 42.311493460542948 ], [ -71.070216423023197, 42.311334459816685 ], [ -71.070389422735971, 42.311404460101691 ], [ -71.070931421449529, 42.311610458765387 ], [ -71.071296421455401, 42.311756458927775 ], [ -71.071511421329163, 42.311844458051993 ], [ -71.071622420988206, 42.311881458073522 ], [ -71.071931420618853, 42.311985457434204 ], [ -71.07219741947587, 42.312033457605693 ], [ -71.072785419064033, 42.312153456420049 ], [ -71.073170417570211, 42.312222455715421 ], [ -71.073052418120497, 42.312374456157634 ], [ -71.072609420377532, 42.312946457118478 ], [ -71.072230422978109, 42.313409457643473 ], [ -71.072137423295885, 42.313657458062892 ], [ -71.072979421185423, 42.313675456162201 ], [ -71.073211421228976, 42.313683456127215 ], [ -71.073144422201537, 42.314217456265261 ] ] ] ] } },
{ "type": "Feature", "properties": { "geoid": "25025091500", "neighborhood": "Dorchester", "sales": 1143, "median_price": 322000.0, "investor_share": 0.33333333333333331, "large_inst_share": 0.15660542432195976, "small_med_share": 0.17672790901137359, "flip_rate": 0.14348206474190725, "buy_flip_rate": 0.14173228346456693, "condo_share": 0.48556430446194226, "r23_share": 0.39195100612423445, "hold_score": -0.57807607414855688, "flip_score": 4.5074735867480733, "dominant": "flipping", "policy_fit": "TOPA / anti-flip / stabilization", "r_mhi": 41989.0, "pct_nonwhite": 0.8646469049694856, "pct_black": 0.28160418482999128, "pct_latino": 0.23605056669572799, "percent_owners": 62.5 }, "geometry": { "type": "MultiPolygon", "coordinates": [ [ [ [ -71.070216423023197, 42.311334459816685 ], [ -71.069935424212687, 42.311493460542948 ], [ -71.069719424908627, 42.311639460482318 ], [ -71.06929742584424, 42.311985461436009 ], [ -71.068724428686878, 42.312494462608115 ], [ -71.068634428976665, 42.312574462231225 ], [ -71.068498429159021, 42.312726462509517 ], [ -71.068236431591259, 42.313189463233023 ], [ -71.067897433112023, 42.313765463051752 ], [ -71.067428435938567, 42.314603463872878 ], [ -71.067217436831996, 42.314614464586569 ], [ -71.066870437536991, 42.314657465107864 ], [ -71.066744437618013, 42.314678465165983 ], [ -71.06639243910702, 42.314736465990912 ], [ -71.066059439986049, 42.314803465717389 ], [ -71.065857440253453, 42.314833466300186 ], [ -71.065639440513053, 42.314849466752712 ], [ -71.065169441910754, 42.314817467030323 ], [ -71.064601443121049, 42.314769467792367 ], [ -71.064565442439886, 42.314630468444768 ], [ -71.064514441972804, 42.314483468025749 ], [ -71.064422442964386, 42.314322468354426 ], [ -71.064301442845661, 42.314178467978472 ], [ -71.064212441921029, 42.314105468411874 ], [ -71.064110442027001, 42.314031468773685 ], [ -71.063998442003452, 42.31397546860947 ], [ -71.063769443022068, 42.313880469135313 ], [ -71.063258443493552, 42.313688469569506 ], [ -71.063011444262699, 42.313593470411092 ], [ -71.062371444258943, 42.313332470884056 ], [ -71.06146844576881, 42.312959472329467 ], [ -71.060739446735326, 42.312675473468815 ], [ -71.06040244741294, 42.312552473835723 ], [ -71.060229447647473, 42.312513473822584 ], [ -71.060266448113097, 42.31267447367123 ], [ -71.0603124482342, 42.312803473467021 ], [ -71.060385448662174, 42.312946473514465 ], [ -71.060404448729088, 42.313006473700256 ], [ -71.060395448422511, 42.313104473788037 ], [ -71.060139448971412, 42.313034474032726 ], [ -71.059548449869609, 42.312886474397338 ], [ -71.05914445079047, 42.312795474794733 ], [ -71.058958450918183, 42.312770475791901 ], [ -71.058880451592003, 42.312771475659574 ], [ -71.058880450507743, 42.312651475627199 ], [ -71.058926450259335, 42.312474475866075 ], [ -71.059254447539544, 42.311409474700582 ], [ -71.059378446796472, 42.311039474863371 ], [ -71.059433445756099, 42.310882474391931 ], [ -71.059508445353075, 42.310681474546932 ], [ -71.059573444754903, 42.3105514745005 ], [ -71.059771443954602, 42.310237474537836 ], [ -71.059809443750126, 42.310190474042521 ], [ -71.059890442702155, 42.310147474341527 ], [ -71.059992442465699, 42.310100473907831 ], [ -71.060060442333778, 42.310080473811738 ], [ -71.060223441944373, 42.310072473520613 ], [ -71.060453441418858, 42.310097473106708 ], [ -71.060745441511912, 42.31020547282769 ], [ -71.060828440712427, 42.310058472959646 ], [ -71.061000439497377, 42.309683472549558 ], [ -71.061033439341884, 42.309611472830106 ], [ -71.061269437828642, 42.309071471679424 ], [ -71.061386436569364, 42.308742472218434 ], [ -71.061973434809985, 42.308678470846182 ], [ -71.062572433730637, 42.308601470397107 ], [ -71.063247432669982, 42.308527469110224 ], [ -71.063729430658697, 42.308463468534882 ], [ -71.063813430945942, 42.30843446812559 ], [ -71.063906430115424, 42.30834746844873 ], [ -71.06402943021736, 42.308247467808307 ], [ -71.064298428455658, 42.308172468144264 ], [ -71.06458242772031, 42.308116466987499 ], [ -71.065029426838905, 42.308080466377419 ], [ -71.065149427220035, 42.308109467095839 ], [ -71.065231426546433, 42.308160466851049 ], [ -71.065438426816186, 42.308346466490235 ], [ -71.065697426692481, 42.308591466206032 ], [ -71.06629742657671, 42.309163465531412 ], [ -71.066423426665338, 42.309294465398672 ], [ -71.066735426735676, 42.309590464697855 ], [ -71.066969426285681, 42.309770464615255 ], [ -71.067165426756802, 42.309898463718184 ], [ -71.067430425630675, 42.310051464166364 ], [ -71.067842425887918, 42.310303463560281 ], [ -71.068238425557993, 42.310568462902673 ], [ -71.068415425479742, 42.310660462021055 ], [ -71.06870142494104, 42.310762461644444 ], [ -71.068982424532663, 42.310844461460519 ], [ -71.069190424360258, 42.310912461078708 ], [ -71.069574423017301, 42.311077460447429 ], [ -71.069685423323463, 42.311133460472924 ], [ -71.070017422940637, 42.311275460012098 ], [ -71.070216423023197, 42.311334459816685 ] ] ] ] } },
{ "type": "Feature", "properties": { "geoid": "25025091600", "neighborhood": "Dorchester", "sales": 870, "median_price": 300000.0, "investor_share": 0.3471264367816092, "large_inst_share": 0.14712643678160919, "small_med_share": 0.2, "flip_rate": 0.12873563218390804, "buy_flip_rate": 0.1310344827586207, "condo_share": 0.42758620689655175, "r23_share": 0.36666666666666664, "hold_score": -0.24055154297665426, "flip_score": 3.4788483841191411, "dominant": "flipping", "policy_fit": "TOPA / anti-flip / stabilization", "r_mhi": 63045.0, "pct_nonwhite": 0.855625, "pct_black": 0.21375, "pct_latino": 0.1996875, "percent_owners": 64.3 }, "geometry": { "type": "MultiPolygon", "coordinates": [ [ [ [ -71.066493420507967, 42.306709464682925 ], [ -71.065835423837839, 42.307314465259623 ], [ -71.065511425074732, 42.307622466299158 ], [ -71.065029426838905, 42.308080466377419 ], [ -71.06458242772031, 42.308116466987499 ], [ -71.064298428455658, 42.308172468144264 ], [ -71.06402943021736, 42.308247467808307 ], [ -71.063906430115424, 42.30834746844873 ], [ -71.063813430945942, 42.30843446812559 ], [ -71.063729430658697, 42.308463468534882 ], [ -71.063247432669982, 42.308527469110224 ], [ -71.062572433730637, 42.308601470397107 ], [ -71.061973434809985, 42.308678470846182 ], [ -71.061386436569364, 42.308742472218434 ], [ -71.061093437094385, 42.308803471907801 ], [ -71.06094343769621, 42.30881947272659 ], [ -71.060799437758192, 42.308822472529201 ], [ -71.060664438903842, 42.308800472804876 ], [ -71.060595438784901, 42.308788472765251 ], [ -71.060424439259606, 42.30873047348441 ], [ -71.060308439535959, 42.308656473523897 ], [ -71.060158438468449, 42.308506473247476 ], [ -71.060061438613829, 42.308399473196225 ], [ -71.059967438580898, 42.308325473347224 ], [ -71.059835438829467, 42.308242474368882 ], [ -71.059648439714209, 42.308151474264633 ], [ -71.059499438896012, 42.308059474285749 ], [ -71.059422439024132, 42.307989474337838 ], [ -71.05928843889663, 42.307737474355449 ], [ -71.059233438994568, 42.307605474794663 ], [ -71.058813440361604, 42.307583475405444 ], [ -71.058718440702265, 42.307582475146013 ], [ -71.058418440556082, 42.307579475691306 ], [ -71.058396440773279, 42.307678475555136 ], [ -71.058236440712705, 42.307518476076282 ], [ -71.0582204407944, 42.307472475850091 ], [ -71.057814440579946, 42.307094476605648 ], [ -71.05773344137333, 42.307004477042028 ], [ -71.057606440694116, 42.306763476609511 ], [ -71.057586440545492, 42.306652477181387 ], [ -71.057566440836325, 42.306484477004545 ], [ -71.057573439392087, 42.306281477103944 ], [ -71.057602438809027, 42.305943477123684 ], [ -71.057581438700154, 42.305825476687609 ], [ -71.057538439014692, 42.305688477143235 ], [ -71.057414438366976, 42.305513477329747 ], [ -71.057387439008565, 42.305480477273221 ], [ -71.057229438574495, 42.305337477170475 ], [ -71.056919438703289, 42.305116477755412 ], [ -71.056554438926597, 42.304858478114141 ], [ -71.056228439587741, 42.304657478283417 ], [ -71.055972439569132, 42.304517478655278 ], [ -71.056090438715074, 42.304437478992476 ], [ -71.056317438310643, 42.304327478812134 ], [ -71.057371435205809, 42.303907477015784 ], [ -71.058061433336405, 42.303623476036641 ], [ -71.058775429960235, 42.303333475205811 ], [ -71.05908642926039, 42.303227474204363 ], [ -71.059302429230627, 42.303149473968105 ], [ -71.05942842902904, 42.303127473757741 ], [ -71.059524427718486, 42.30276447374402 ], [ -71.059587426639709, 42.302410473546765 ], [ -71.059688424995315, 42.301954473353582 ], [ -71.05979542369937, 42.301538473006964 ], [ -71.059908424611891, 42.301736473302562 ], [ -71.060148425377093, 42.302150472807973 ], [ -71.060320424795734, 42.302506472639138 ], [ -71.060575426254957, 42.30314547242105 ], [ -71.060855426951164, 42.303862471901041 ], [ -71.061156427415526, 42.304559472231269 ], [ -71.061366427982136, 42.305060471957312 ], [ -71.061503428785144, 42.305370471268503 ], [ -71.062302426454394, 42.305164470200701 ], [ -71.062365426468446, 42.305179470504648 ], [ -71.062403426242298, 42.305185469828025 ], [ -71.063122423970484, 42.305002469077934 ], [ -71.063423425217664, 42.30570146906517 ], [ -71.064300422528305, 42.305459467326791 ], [ -71.064553422275395, 42.305394467285787 ], [ -71.064127421635789, 42.304708467536095 ], [ -71.064030420826924, 42.30453346832946 ], [ -71.063951420998563, 42.304369467872924 ], [ -71.06386242118208, 42.304216468002082 ], [ -71.064577419096551, 42.304017467152043 ], [ -71.06468141949118, 42.30420346708874 ], [ -71.064978419457191, 42.304682466636542 ], [ -71.065256420348092, 42.305098466084743 ], [ -71.065386420420921, 42.305315466475449 ], [ -71.065986421336902, 42.306252465041396 ], [ -71.066041420754345, 42.306364465685988 ], [ -71.066078420417895, 42.306420465396187 ], [ -71.066130421052989, 42.306476464995036 ], [ -71.066223420668805, 42.306543465207227 ], [ -71.066493420507967, 42.306709464682925 ] ] ] ] } },
{ "type": "Feature", "properties": { "geoid": "25025091800", "neighborhood": "Dorchester", "sales": 773, "median_price": 315000.0, "investor_share": 0.41267787839586029, "large_inst_share": 0.19146183699870634, "small_med_share": 0.22121604139715395, "flip_rate": 0.19404915912031048, "buy_flip_rate": 0.1927554980595084, "condo_share": 0.11901681759379043, "r23_share": 0.60413971539456668, "hold_score": -2.2245860921329883, "flip_score": 9.2423682155374713, "dominant": "flipping", "policy_fit": "TOPA / anti-flip / stabilization", "r_mhi": 0.0, "pct_nonwhite": 0.9475524475524475, "pct_black": 0.42146315223238301, "pct_latino": 0.2461000537923615, "percent_owners": 61.8 }, "geometry": { "type": "MultiPolygon", "coordinates": [ [ [ [ -71.076781393731025, 42.305189450629641 ], [ -71.076398395674147, 42.305516451325232 ], [ -71.074959401231837, 42.306720453016368 ], [ -71.074912401530369, 42.306760453303632 ], [ -71.074255404750204, 42.307348453815891 ], [ -71.07391140655227, 42.307681454255736 ], [ -71.073777407067368, 42.307842455057823 ], [ -71.07364740810948, 42.308016454660091 ], [ -71.073500408481095, 42.308215455379894 ], [ -71.073345408702494, 42.308470455460167 ], [ -71.072821412816921, 42.309471456649646 ], [ -71.072685413782011, 42.309785456395659 ], [ -71.072563414541847, 42.310067456463116 ], [ -71.072333415389494, 42.310213456980357 ], [ -71.071897416980676, 42.310479458036568 ], [ -71.071573417591736, 42.310665458354229 ], [ -71.070820420809881, 42.311022458752568 ], [ -71.070795420780101, 42.311035459369506 ], [ -71.070216423023197, 42.311334459816685 ], [ -71.070017422940637, 42.311275460012098 ], [ -71.069685423323463, 42.311133460472924 ], [ -71.069574423017301, 42.311077460447429 ], [ -71.069190424360258, 42.310912461078708 ], [ -71.068982424532663, 42.310844461460519 ], [ -71.06870142494104, 42.310762461644444 ], [ -71.068415425479742, 42.310660462021055 ], [ -71.068238425557993, 42.310568462902673 ], [ -71.067842425887918, 42.310303463560281 ], [ -71.067430425630675, 42.310051464166364 ], [ -71.067165426756802, 42.309898463718184 ], [ -71.066969426285681, 42.309770464615255 ], [ -71.066735426735676, 42.309590464697855 ], [ -71.066423426665338, 42.309294465398672 ], [ -71.06629742657671, 42.309163465531412 ], [ -71.065697426692481, 42.308591466206032 ], [ -71.065438426816186, 42.308346466490235 ], [ -71.065231426546433, 42.308160466851049 ], [ -71.065149427220035, 42.308109467095839 ], [ -71.065029426838905, 42.308080466377419 ], [ -71.065511425074732, 42.307622466299158 ], [ -71.065835423837839, 42.307314465259623 ], [ -71.066493420507967, 42.306709464682925 ], [ -71.067007418599786, 42.306245464111711 ], [ -71.067363416586261, 42.305934463318827 ], [ -71.067467416838781, 42.305848463671452 ], [ -71.067882415469455, 42.305541462715389 ], [ -71.068343412913023, 42.305206461697779 ], [ -71.068705411264702, 42.304951461744217 ], [ -71.068797411649101, 42.30488846175561 ], [ -71.069470408867474, 42.304423460121356 ], [ -71.069767408076899, 42.304215460218664 ], [ -71.070000406983013, 42.304070459963903 ], [ -71.070273406105656, 42.303949459546587 ], [ -71.070475404837907, 42.303869459373217 ], [ -71.070737404904207, 42.303793458793407 ], [ -71.071113403224331, 42.303677457723907 ], [ -71.07131040259172, 42.303572457690727 ], [ -71.071386402916318, 42.303479457358122 ], [ -71.071425402073615, 42.303407458081146 ], [ -71.071558401544465, 42.303488457871786 ], [ -71.071679401819921, 42.30357445717862 ], [ -71.072022401755618, 42.303982457246832 ], [ -71.072479402322045, 42.304365456710947 ], [ -71.07269140187087, 42.304500456374562 ], [ -71.072870402055088, 42.304585455485309 ], [ -71.073116401366008, 42.304672455131929 ], [ -71.073589400917982, 42.304787455003108 ], [ -71.074160400015103, 42.304910454155369 ], [ -71.074296398839053, 42.304931454129417 ], [ -71.074780397877831, 42.304968453593908 ], [ -71.074954398170505, 42.304972452541229 ], [ -71.075977395768732, 42.305037452009238 ], [ -71.076184394884976, 42.305046451340104 ], [ -71.076347395037786, 42.305075451266525 ], [ -71.076494394103463, 42.305108450562528 ], [ -71.076781393731025, 42.305189450629641 ] ] ] ] } },
{ "type": "Feature", "properties": { "geoid": "25025080300", "neighborhood": "Roxbury", "sales": 388, "median_price": 280000.0, "investor_share": 0.46391752577319589, "large_inst_share": 0.17525773195876287, "small_med_share": 0.28865979381443296, "flip_rate": 0.10051546391752578, "buy_flip_rate": 0.10309278350515463, "condo_share": 0.27577319587628868, "r23_share": 0.28865979381443296, "hold_score": -1.0554951176862279, "flip_score": 1.0844117953821815, "dominant": "flipping", "policy_fit": "TOPA / anti-flip / stabilization", "r_mhi": 35435.0, "pct_nonwhite": 0.93470483005366722, "pct_black": 0.46735241502683361, "pct_latino": 0.36001788908765653, "percent_owners": 68.9 }, "geometry": { "type": "MultiPolygon", "coordinates": [ [ [ [ -71.083447431238838, 42.32865044408139 ], [ -71.082746432607081, 42.328606444933911 ], [ -71.081520435280495, 42.328486446830297 ], [ -71.08133743549341, 42.328486446931464 ], [ -71.081313435848756, 42.328487447108209 ], [ -71.080890437121042, 42.32849744708053 ], [ -71.080252438808145, 42.328522448482005 ], [ -71.079996439456821, 42.32852444870533 ], [ -71.079424439720299, 42.328523449239704 ], [ -71.07926344096397, 42.32851444972539 ], [ -71.079123441810637, 42.328946450147896 ], [ -71.079015442350652, 42.329290450212866 ], [ -71.078929443133248, 42.329455450274239 ], [ -71.078906443379296, 42.329507449939186 ], [ -71.078808444330861, 42.329727450015753 ], [ -71.078699445834872, 42.330015450415978 ], [ -71.078674446157649, 42.330135450102858 ], [ -71.078320447157381, 42.330371450564527 ], [ -71.077947448784585, 42.330602451088531 ], [ -71.077471449694301, 42.330898452325336 ], [ -71.07721545020253, 42.330660452907857 ], [ -71.07686845033011, 42.33031145290343 ], [ -71.076799450275885, 42.33026045294946 ], [ -71.076250449756387, 42.329780453620295 ], [ -71.075613450646912, 42.329224454321164 ], [ -71.075434450761719, 42.329132454990031 ], [ -71.075297451159145, 42.329082455342359 ], [ -71.075150451334807, 42.329057454904238 ], [ -71.074989451319013, 42.32907545557012 ], [ -71.075003450683155, 42.328887455362484 ], [ -71.075018450514406, 42.328679455173798 ], [ -71.075068449906453, 42.328325455514289 ], [ -71.075138447654268, 42.327722454754884 ], [ -71.075194446446019, 42.327270454719539 ], [ -71.075209446498604, 42.327028454760821 ], [ -71.075265445216047, 42.326495454989839 ], [ -71.075288444680623, 42.326125454316092 ], [ -71.075247443542324, 42.325965454383862 ], [ -71.07533044367753, 42.326063454787615 ], [ -71.075556444226379, 42.326272453897936 ], [ -71.076119443332672, 42.326707453320822 ], [ -71.076266444098351, 42.326827453586169 ], [ -71.076623444039697, 42.327118453193073 ], [ -71.076908442804836, 42.326883452686857 ], [ -71.077362441049729, 42.326521452193859 ], [ -71.077699438788585, 42.326247451841525 ], [ -71.077929438686695, 42.326073450712833 ], [ -71.078179437615674, 42.325885450861094 ], [ -71.0777344376678, 42.325573451279787 ], [ -71.078076436633253, 42.325326450933041 ], [ -71.078653434120824, 42.324867450285964 ], [ -71.079444430616462, 42.324259449133514 ], [ -71.079599429612784, 42.324161448797575 ], [ -71.080153429979021, 42.324552447765292 ], [ -71.080538429505751, 42.324816447656652 ], [ -71.081204428959794, 42.325294446745978 ], [ -71.081604428243409, 42.325549446047873 ], [ -71.081761428855174, 42.325613445756858 ], [ -71.081872428115631, 42.325648446007875 ], [ -71.082192427948144, 42.325721445585039 ], [ -71.083307425946103, 42.325959444195071 ], [ -71.083269426399184, 42.326127443922353 ], [ -71.083183427766272, 42.326607444481375 ], [ -71.083092429079471, 42.327265444043888 ], [ -71.083065429184856, 42.327449443980015 ], [ -71.083034430213402, 42.327738444366041 ], [ -71.083040431073641, 42.327897444794445 ], [ -71.083060430872223, 42.327993444688026 ], [ -71.083109430583718, 42.328120444251752 ], [ -71.083222431279168, 42.328321444172595 ], [ -71.083369431833873, 42.328522443820852 ], [ -71.083447431238838, 42.32865044408139 ] ] ] ] } },
{ "type": "Feature", "properties": { "geoid": "25025080401", "neighborhood": "Roxbury", "sales": 260, "median_price": 378250.0, "investor_share": 0.37692307692307692, "large_inst_share": 0.11153846153846154, "small_med_share": 0.26538461538461539, "flip_rate": 0.061538461538461542, "buy_flip_rate": 0.061538461538461542, "condo_share": 0.59230769230769231, "r23_share": 0.069230769230769235, "hold_score": 0.672702238558188, "flip_score": -2.9594750032157164, "dominant": "holding", "policy_fit": "Transfer fee on high-value sales", "r_mhi": 21462.0, "pct_nonwhite": 0.89619581244470659, "pct_black": 0.35800648776172223, "pct_latino": 0.3954585667944559, "percent_owners": 74.4 }, "geometry": { "type": "MultiPolygon", "coordinates": [ [ [ [ -71.087461435043608, 42.33412643948224 ], [ -71.087030437254228, 42.334591440241624 ], [ -71.086990436310359, 42.334603439759071 ], [ -71.086962436687173, 42.334603440034549 ], [ -71.086882437145647, 42.334590439637203 ], [ -71.086173437746325, 42.334289441320109 ], [ -71.085822439659125, 42.334729441556043 ], [ -71.085762439890814, 42.334782441831926 ], [ -71.085689439874074, 42.334801441556792 ], [ -71.08536044181227, 42.334958441996307 ], [ -71.085344441626631, 42.335071442318679 ], [ -71.085148441383893, 42.335014442783297 ], [ -71.084605443230032, 42.334822443308035 ], [ -71.084545442617184, 42.33480144328319 ], [ -71.084317443287247, 42.334713443033785 ], [ -71.083945443592924, 42.334550443733193 ], [ -71.083371444214023, 42.334266444902696 ], [ -71.082523444945849, 42.333795445334289 ], [ -71.081639445881876, 42.33328644657783 ], [ -71.08111244676509, 42.333009447723938 ], [ -71.080942446885729, 42.332931448060023 ], [ -71.080624448267315, 42.33336744845716 ], [ -71.080432449791985, 42.333630448885074 ], [ -71.080296449545926, 42.333796448577012 ], [ -71.079912451261606, 42.334182449500886 ], [ -71.079515453104406, 42.33450845009763 ], [ -71.079344454157606, 42.334654450281349 ], [ -71.078826455719735, 42.33506545096084 ], [ -71.07874145644837, 42.335133451266806 ], [ -71.078538457334687, 42.335297451445051 ], [ -71.078424457328964, 42.335388451282363 ], [ -71.078041458987357, 42.335696451680612 ], [ -71.077620460884717, 42.336001452806862 ], [ -71.077129461565676, 42.335566453013151 ], [ -71.07638346204817, 42.334960453641898 ], [ -71.076215461695142, 42.334829454051395 ], [ -71.075782462015511, 42.334493454960523 ], [ -71.076053461395688, 42.33429345454028 ], [ -71.076710458436935, 42.333851453229919 ], [ -71.077044457032855, 42.333609453113716 ], [ -71.076118457594433, 42.332813453925226 ], [ -71.075036461629082, 42.333490455360128 ], [ -71.074854461684893, 42.333230455459052 ], [ -71.074712460979072, 42.333088456277913 ], [ -71.074575461382523, 42.332970456570187 ], [ -71.074356461359187, 42.33284745637981 ], [ -71.074542461118796, 42.332706456251067 ], [ -71.074772459884258, 42.33253145593018 ], [ -71.075143458169194, 42.332295455392789 ], [ -71.075653456979325, 42.331989454651513 ], [ -71.076168454327302, 42.331703453916809 ], [ -71.076877452396687, 42.331253453163953 ], [ -71.076990451966026, 42.331196452563134 ], [ -71.077471449694301, 42.330898452325336 ], [ -71.077947448784585, 42.330602451088531 ], [ -71.078320447157381, 42.330371450564527 ], [ -71.078674446157649, 42.330135450102858 ], [ -71.078699445834872, 42.330015450415978 ], [ -71.078808444330861, 42.329727450015753 ], [ -71.078906443379296, 42.329507449939186 ], [ -71.078929443133248, 42.329455450274239 ], [ -71.079015442350652, 42.329290450212866 ], [ -71.079123441810637, 42.328946450147896 ], [ -71.07926344096397, 42.32851444972539 ], [ -71.079424439720299, 42.328523449239704 ], [ -71.079996439456821, 42.32852444870533 ], [ -71.080252438808145, 42.328522448482005 ], [ -71.080890437121042, 42.32849744708053 ], [ -71.081313435848756, 42.328487447108209 ], [ -71.08133743549341, 42.328486446931464 ], [ -71.081520435280495, 42.328486446830297 ], [ -71.082746432607081, 42.328606444933911 ], [ -71.083447431238838, 42.32865044408139 ], [ -71.083468431715474, 42.328708444247852 ], [ -71.083460431424768, 42.328788444312465 ], [ -71.08335743324956, 42.329412443882475 ], [ -71.083196435174031, 42.330103444599075 ], [ -71.083159435503262, 42.330310444951181 ], [ -71.083110436510879, 42.330506444293832 ], [ -71.08306343709161, 42.330657445117119 ], [ -71.082985437859236, 42.330831444975395 ], [ -71.083199436586611, 42.330679444366893 ], [ -71.083342435739624, 42.330600444028384 ], [ -71.083719435400582, 42.330469443510225 ], [ -71.084050433421424, 42.33031444366889 ], [ -71.084156433343026, 42.33040544351126 ], [ -71.0846264332815, 42.330655442556235 ], [ -71.085024432705239, 42.330834441897707 ], [ -71.085222431938817, 42.330600442175466 ], [ -71.085348431771294, 42.330657441385249 ], [ -71.085751431739197, 42.330837441155445 ], [ -71.086180431017169, 42.331020441011326 ], [ -71.086251430893796, 42.33107844048174 ], [ -71.08625643119052, 42.331140440156716 ], [ -71.086154431933238, 42.331295440578053 ], [ -71.085793432768128, 42.331707440911011 ], [ -71.085675433365168, 42.331910440985979 ], [ -71.085376434805696, 42.332299442044594 ], [ -71.085348435563077, 42.332333441544613 ], [ -71.085036437445822, 42.33271544185147 ], [ -71.085561436942584, 42.332992441584608 ], [ -71.085886436004301, 42.333175441185126 ], [ -71.086714435442815, 42.333670440450611 ], [ -71.087042435534087, 42.333846439628132 ], [ -71.087461435043608, 42.33412643948224 ] ] ] ] } },
{ "type": "Feature", "properties": { "geoid": "25025081200", "neighborhood": "Jamaica Plain", "sales": 341, "median_price": 349000.0, "investor_share": 0.22287390029325513, "large_inst_share": 0.093841642228739003, "small_med_share": 0.12903225806451613, "flip_rate": 0.090909090909090912, "buy_flip_rate": 0.08797653958944282, "condo_share": 0.49266862170087977, "r23_share": 0.14369501466275661, "hold_score": -0.43697296741718333, "flip_score": -0.59678563985184174, "dominant": "mixed", "policy_fit": "Layered approach", "r_mhi": 18864.0, "pct_nonwhite": 0.83542498573873358, "pct_black": 0.26041072447233315, "pct_latino": 0.47832287507130633, "percent_owners": 64.8 }, "geometry": { "type": "MultiPolygon", "coordinates": [ [ [ [ -71.109451361443462, 42.323503408500379 ], [ -71.10933336257051, 42.323634408411145 ], [ -71.109135363189523, 42.323820408995424 ], [ -71.108952363591371, 42.324010408940602 ], [ -71.10870536431888, 42.324212409624138 ], [ -71.108345365766112, 42.324430410314612 ], [ -71.108264366515527, 42.324478410009299 ], [ -71.108052367288153, 42.324611410179266 ], [ -71.107928367764089, 42.324722410637648 ], [ -71.107853368144248, 42.324801410542982 ], [ -71.107820367813545, 42.324900410550391 ], [ -71.107793368684611, 42.324956410430218 ], [ -71.10778236900255, 42.325083410804652 ], [ -71.107759369155971, 42.32521041075487 ], [ -71.107716369648713, 42.325313410837019 ], [ -71.107641369396262, 42.325408411532763 ], [ -71.107507370697718, 42.325499411571897 ], [ -71.107411371042545, 42.325522411393848 ], [ -71.10733637080952, 42.325522411894156 ], [ -71.107248371249781, 42.325509411805783 ], [ -71.107176371686009, 42.325498411846333 ], [ -71.106931371089203, 42.325453412467894 ], [ -71.106328373286516, 42.325356412681337 ], [ -71.105513374036732, 42.32519841418172 ], [ -71.105325375924991, 42.325727414301141 ], [ -71.105230376544128, 42.326114414790972 ], [ -71.1048843771229, 42.326093414550215 ], [ -71.104617377770822, 42.326092414885835 ], [ -71.104355379206226, 42.326099415620945 ], [ -71.104187379511771, 42.326121415958347 ], [ -71.104057379773181, 42.326138416120799 ], [ -71.103673380209159, 42.326180416352649 ], [ -71.102904382372586, 42.326281417891607 ], [ -71.102697382716883, 42.326303418214152 ], [ -71.102290384468319, 42.326348418776107 ], [ -71.102124383921065, 42.326365418277412 ], [ -71.101793385041347, 42.326392419340003 ], [ -71.101690385229475, 42.326398419593033 ], [ -71.101345386345031, 42.326419419923397 ], [ -71.101185387247227, 42.326426419494879 ], [ -71.100790387765841, 42.326424420461727 ], [ -71.100112389054914, 42.326418421184016 ], [ -71.099755389766202, 42.32638942215015 ], [ -71.099625390163595, 42.326375421953173 ], [ -71.099277390985591, 42.326361422872978 ], [ -71.099364389919828, 42.326218422473019 ], [ -71.099486389967495, 42.325938421793296 ], [ -71.099631388143152, 42.325560422006241 ], [ -71.099709387779583, 42.325417421503424 ], [ -71.09963238750251, 42.325349421530198 ], [ -71.099482388076055, 42.325192422472576 ], [ -71.099378387576479, 42.325134422385212 ], [ -71.099144387615624, 42.325059422565268 ], [ -71.098995389035622, 42.325032422668677 ], [ -71.098916388771315, 42.325025422834607 ], [ -71.099066386764633, 42.32457442267512 ], [ -71.099318386035861, 42.323994422426289 ], [ -71.099494384521932, 42.323615421523776 ], [ -71.099744382528414, 42.323169421365236 ], [ -71.10002238089821, 42.322772421191637 ], [ -71.10036038048348, 42.322807420545189 ], [ -71.100584379952821, 42.322814419902251 ], [ -71.10061937930773, 42.322819420174021 ], [ -71.101340378359566, 42.322858419272649 ], [ -71.101743377333932, 42.322892419093193 ], [ -71.101891377554594, 42.322901418691615 ], [ -71.1021063769509, 42.322913418371691 ], [ -71.102175377084393, 42.322914417869129 ], [ -71.102464375565319, 42.32291941739706 ], [ -71.102861374777291, 42.322919417203252 ], [ -71.103217374505093, 42.32290541682044 ], [ -71.103505373970208, 42.322882416499226 ], [ -71.103605373867211, 42.322869416200739 ], [ -71.104015371778871, 42.322819415715863 ], [ -71.104866369541554, 42.322721414725542 ], [ -71.10515536896331, 42.322702413722347 ], [ -71.105833367995302, 42.3226334131014 ], [ -71.106565365644641, 42.322564412301681 ], [ -71.10685136510287, 42.322526412246219 ], [ -71.107843362960082, 42.322445410574417 ], [ -71.107984362080913, 42.322441410598508 ], [ -71.108451361346226, 42.322389409912226 ], [ -71.108435361340966, 42.322476409474199 ], [ -71.108369362385616, 42.322827409663446 ], [ -71.108268363649984, 42.323184409865561 ], [ -71.108476363266945, 42.323221410081267 ], [ -71.108731362123592, 42.323261409386248 ], [ -71.10888636243142, 42.323265409146764 ], [ -71.108966361996423, 42.323254408635187 ], [ -71.10955336144697, 42.32337140793188 ], [ -71.109451361443462, 42.323503408500379 ] ] ] ] } },
{ "type": "Feature", "properties": { "geoid": "25025081400", "neighborhood": "Roxbury", "sales": 851, "median_price": 350000.0, "investor_share": 0.33019976498237369, "large_inst_share": 0.099882491186839006, "small_med_share": 0.23031727379553465, "flip_rate": 0.089306698002350179, "buy_flip_rate": 0.083431257344300819, "condo_share": 0.48178613396004699, "r23_share": 0.25029377203290248, "hold_score": 0.062056848623993521, "flip_score": -0.20398720439181595, "dominant": "mixed", "policy_fit": "Layered approach", "r_mhi": 38925.0, "pct_nonwhite": 0.68945416004239535, "pct_black": 0.35082140964493908, "pct_latino": 0.18124006359300476, "percent_owners": 72.3 }, "geometry": { "type": "MultiPolygon", "coordinates": [ [ [ [ -71.099846389553676, 42.326612421385569 ], [ -71.099744390586707, 42.326716422272035 ], [ -71.099679391469721, 42.326847422079346 ], [ -71.099621391237903, 42.327092421732779 ], [ -71.099533392800112, 42.327546422025115 ], [ -71.099424393877669, 42.327826422043266 ], [ -71.09936739437984, 42.32799542214083 ], [ -71.099209395200361, 42.328242422868293 ], [ -71.09910139556689, 42.328427423352061 ], [ -71.09905039681135, 42.328537422688697 ], [ -71.098962397061896, 42.328964423490419 ], [ -71.098940398156103, 42.329133422959252 ], [ -71.098908398282546, 42.329282423508872 ], [ -71.098902397928498, 42.32931142356901 ], [ -71.098817399141666, 42.329576423102807 ], [ -71.098759399678002, 42.329707423337801 ], [ -71.098737399754654, 42.329756423416782 ], [ -71.098644399912672, 42.329893423457364 ], [ -71.098494400611742, 42.33006742368147 ], [ -71.098402400708167, 42.330156424224278 ], [ -71.098037402692214, 42.330452424333515 ], [ -71.097948402599144, 42.330501425021794 ], [ -71.097680404463446, 42.330689425278791 ], [ -71.097602405022755, 42.330772425079665 ], [ -71.097500405742991, 42.330979425666449 ], [ -71.097312406141981, 42.331470426200866 ], [ -71.097184407805941, 42.33178242585695 ], [ -71.096140409737487, 42.331641427104742 ], [ -71.095916410677688, 42.331612427724188 ], [ -71.095350411578295, 42.331554428436206 ], [ -71.094899411834305, 42.331478428603226 ], [ -71.094603412480197, 42.331437429568659 ], [ -71.094399413225631, 42.331412429312536 ], [ -71.093954414257411, 42.331354430303776 ], [ -71.093805413767697, 42.331331430061979 ], [ -71.09347741468531, 42.331304430802618 ], [ -71.092901415929106, 42.33127443185424 ], [ -71.092224417409341, 42.331272432095957 ], [ -71.09210641753549, 42.331272432254195 ], [ -71.091617418950733, 42.331253433618556 ], [ -71.091452418874042, 42.331243433173675 ], [ -71.090991419932138, 42.331215433868067 ], [ -71.090526421720355, 42.331173435099231 ], [ -71.090131421997668, 42.331114435211106 ], [ -71.089410422984088, 42.330970435949759 ], [ -71.08878042486009, 42.330794437021879 ], [ -71.08818842543657, 42.330611437670207 ], [ -71.088337424354805, 42.33050143747424 ], [ -71.088369425172104, 42.330481437642447 ], [ -71.088466424002377, 42.330423437612552 ], [ -71.088613423461354, 42.330395436842984 ], [ -71.088878422926129, 42.330371436476689 ], [ -71.089550421571019, 42.33032343576582 ], [ -71.089595421003281, 42.33031943610905 ], [ -71.090339420228418, 42.330247434689348 ], [ -71.090823418196223, 42.330164433829978 ], [ -71.091075417923051, 42.330117433639103 ], [ -71.091440416607554, 42.330037433486538 ], [ -71.09123841712092, 42.329939433409656 ], [ -71.090940417860097, 42.329843434092936 ], [ -71.090438418179446, 42.329660435083461 ], [ -71.090326418340226, 42.329625435109406 ], [ -71.090220418483142, 42.329605434609789 ], [ -71.090094418755385, 42.329447434866324 ], [ -71.089740418776685, 42.32908543604011 ], [ -71.089549417926804, 42.328954435873534 ], [ -71.089226418192325, 42.328749435953107 ], [ -71.088276419401623, 42.328126437437412 ], [ -71.088175419467063, 42.32806943730241 ], [ -71.088063420021442, 42.328023437993643 ], [ -71.087673420469912, 42.327912438302818 ], [ -71.086995421951144, 42.327782438773085 ], [ -71.087261419855281, 42.327159438773144 ], [ -71.087391419209325, 42.326875438081508 ], [ -71.087694416164027, 42.326184438078592 ], [ -71.087889415516955, 42.325710437370574 ], [ -71.087963414057768, 42.32555343711617 ], [ -71.088133413655171, 42.325194437459679 ], [ -71.088213412697442, 42.324993436764629 ], [ -71.088300411921708, 42.324819436632396 ], [ -71.08842941173863, 42.324619436779038 ], [ -71.088536410827956, 42.324482436375469 ], [ -71.088690410686212, 42.324320436233997 ], [ -71.088787410132326, 42.324218436635256 ], [ -71.08939340894311, 42.324439435314517 ], [ -71.090053407337294, 42.324688434338363 ], [ -71.090841407231508, 42.324973433252168 ], [ -71.090955406357821, 42.325022433193048 ], [ -71.091152406927407, 42.325148433349518 ], [ -71.09125840628495, 42.325235433024901 ], [ -71.0913394065403, 42.325311433075932 ], [ -71.091797406527903, 42.325981432885229 ], [ -71.091899406388706, 42.326130432790833 ], [ -71.092130407803339, 42.326524432039832 ], [ -71.092255407151001, 42.326659431666044 ], [ -71.092337407329765, 42.326710431528149 ], [ -71.092408407358221, 42.326737431884794 ], [ -71.092904406346847, 42.326878431264525 ], [ -71.093047404987402, 42.326548430974931 ], [ -71.09309940440167, 42.326396430891734 ], [ -71.093120404362907, 42.326306430663699 ], [ -71.093199403754994, 42.325777430180715 ], [ -71.0932324026559, 42.325422430817788 ], [ -71.093254401321119, 42.325113430017247 ], [ -71.093264400641019, 42.324798430394047 ], [ -71.093274399657759, 42.324470430480183 ], [ -71.093271399195586, 42.324104429898533 ], [ -71.093260398178089, 42.323862430224381 ], [ -71.09325339859673, 42.323711430377337 ], [ -71.093279398251639, 42.323560430215075 ], [ -71.093379397453674, 42.323408430437077 ], [ -71.093471397127544, 42.323288430309212 ], [ -71.0935323969954, 42.323243429503421 ], [ -71.093624396821596, 42.323190429264749 ], [ -71.093832395865803, 42.323142429372545 ], [ -71.094218394660999, 42.323091429215893 ], [ -71.09439139420941, 42.32308042849079 ], [ -71.094548393849053, 42.323084428535189 ], [ -71.09472139382089, 42.323115427912875 ], [ -71.094786394230837, 42.323134428164401 ], [ -71.09507539281681, 42.323203427585767 ], [ -71.095397392132625, 42.323250427540209 ], [ -71.095516393193321, 42.32351942691858 ], [ -71.095558392766108, 42.323573426736615 ], [ -71.095653393336306, 42.323727426901996 ], [ -71.095853392856313, 42.324050426831661 ], [ -71.095952393836527, 42.324161426471761 ], [ -71.096129393665507, 42.324336426520986 ], [ -71.096277393243767, 42.324469426522526 ], [ -71.096390393652968, 42.324612426405615 ], [ -71.096546393712131, 42.324799425936433 ], [ -71.096636393050119, 42.324936425416446 ], [ -71.096679394202454, 42.325026425722683 ], [ -71.096699394351262, 42.325126425947104 ], [ -71.09671939428128, 42.325307425728155 ], [ -71.096704394698875, 42.325468426033574 ], [ -71.096660395150764, 42.325616426084963 ], [ -71.096604395747178, 42.325778425922778 ], [ -71.096698395480018, 42.325867425714847 ], [ -71.096627396526287, 42.326009426008547 ], [ -71.096522397139751, 42.326202426614095 ], [ -71.096718396585771, 42.326233426206016 ], [ -71.097232395206817, 42.326258425604351 ], [ -71.097814394255977, 42.326281424225968 ], [ -71.097897394189189, 42.326252424296179 ], [ -71.097960393587996, 42.326227424614174 ], [ -71.098244390589755, 42.325391423680962 ], [ -71.098324389807701, 42.325140423576578 ], [ -71.098397390159874, 42.324934423626281 ], [ -71.098534389940255, 42.324959423366231 ], [ -71.098876388321756, 42.325021422838503 ], [ -71.098916388771315, 42.325025422834607 ], [ -71.098995389035622, 42.325032422668677 ], [ -71.099144387615624, 42.325059422565268 ], [ -71.099378387576479, 42.325134422385212 ], [ -71.099482388076055, 42.325192422472576 ], [ -71.09963238750251, 42.325349421530198 ], [ -71.099709387779583, 42.325417421503424 ], [ -71.099631388143152, 42.325560422006241 ], [ -71.099486389967495, 42.325938421793296 ], [ -71.099364389919828, 42.326218422473019 ], [ -71.099277390985591, 42.326361422872978 ], [ -71.099625390163595, 42.326375421953173 ], [ -71.099755389766202, 42.32638942215015 ], [ -71.100112389054914, 42.326418421184016 ], [ -71.099846389553676, 42.326612421385569 ] ] ] ] } },
{ "type": "Feature", "properties": { "geoid": "25025081500", "neighborhood": "Roxbury", "sales": 556, "median_price": 296500.0, "investor_share": 0.3273381294964029, "large_inst_share": 0.13848920863309352, "small_med_share": 0.18884892086330934, "flip_rate": 0.10251798561151079, "buy_flip_rate": 0.098920863309352514, "condo_share": 0.5269784172661871, "r23_share": 0.18165467625899281, "hold_score": -1.0251889827704792, "flip_score": 0.40258866299274582, "dominant": "flipping", "policy_fit": "TOPA / anti-flip / stabilization", "r_mhi": 43720.0, "pct_nonwhite": 0.83421804818293177, "pct_black": 0.45202123315639037, "pct_latino": 0.25765618619844832, "percent_owners": 70.5 }, "geometry": { "type": "MultiPolygon", "coordinates": [ [ [ [ -71.096949375345091, 42.317165424745376 ], [ -71.096798376761441, 42.317326424753027 ], [ -71.096420378383456, 42.317687425654512 ], [ -71.095304383304168, 42.318825426579416 ], [ -71.095040383895267, 42.319094427555086 ], [ -71.094477386328208, 42.319637427817625 ], [ -71.09435438653442, 42.319756428160112 ], [ -71.094039388457418, 42.320071428478464 ], [ -71.093589390467059, 42.320456429623022 ], [ -71.093145392289543, 42.320800430024789 ], [ -71.093317391911526, 42.320919430172744 ], [ -71.093909391491891, 42.321246428629685 ], [ -71.094298391367388, 42.3214714281985 ], [ -71.095107390483179, 42.321923427612724 ], [ -71.095397390147994, 42.322054426863758 ], [ -71.095333390773447, 42.322112427381832 ], [ -71.095297390034759, 42.322234427616252 ], [ -71.095309391031563, 42.322472427057058 ], [ -71.095334392722449, 42.323001427126229 ], [ -71.095362392891715, 42.32313342709184 ], [ -71.095397392132625, 42.323250427540209 ], [ -71.09507539281681, 42.323203427585767 ], [ -71.094786394230837, 42.323134428164401 ], [ -71.09472139382089, 42.323115427912875 ], [ -71.094548393849053, 42.323084428535189 ], [ -71.09439139420941, 42.32308042849079 ], [ -71.094218394660999, 42.323091429215893 ], [ -71.093832395865803, 42.323142429372545 ], [ -71.093624396821596, 42.323190429264749 ], [ -71.0935323969954, 42.323243429503421 ], [ -71.093471397127544, 42.323288430309212 ], [ -71.093379397453674, 42.323408430437077 ], [ -71.093279398251639, 42.323560430215075 ], [ -71.09325339859673, 42.323711430377337 ], [ -71.093260398178089, 42.323862430224381 ], [ -71.093271399195586, 42.324104429898533 ], [ -71.093274399657759, 42.324470430480183 ], [ -71.093264400641019, 42.324798430394047 ], [ -71.093254401321119, 42.325113430017247 ], [ -71.0932324026559, 42.325422430817788 ], [ -71.093199403754994, 42.325777430180715 ], [ -71.093120404362907, 42.326306430663699 ], [ -71.09309940440167, 42.326396430891734 ], [ -71.093047404987402, 42.326548430974931 ], [ -71.092904406346847, 42.326878431264525 ], [ -71.092408407358221, 42.326737431884794 ], [ -71.092337407329765, 42.326710431528149 ], [ -71.092255407151001, 42.326659431666044 ], [ -71.092130407803339, 42.326524432039832 ], [ -71.091899406388706, 42.326130432790833 ], [ -71.091797406527903, 42.325981432885229 ], [ -71.0913394065403, 42.325311433075932 ], [ -71.09125840628495, 42.325235433024901 ], [ -71.091152406927407, 42.325148433349518 ], [ -71.090955406357821, 42.325022433193048 ], [ -71.090841407231508, 42.324973433252168 ], [ -71.090053407337294, 42.324688434338363 ], [ -71.08939340894311, 42.324439435314517 ], [ -71.088787410132326, 42.324218436635256 ], [ -71.089016408321413, 42.323965435845103 ], [ -71.089309407622835, 42.323654435663677 ], [ -71.089599405653459, 42.323394434781768 ], [ -71.089834404708299, 42.323228434953528 ], [ -71.091083400059091, 42.322318433080866 ], [ -71.09149739830751, 42.322007432587561 ], [ -71.091940397256138, 42.321692431772263 ], [ -71.092088396709684, 42.32157643158267 ], [ -71.092475394940536, 42.321307431413331 ], [ -71.092266395381102, 42.321153431239914 ], [ -71.091854395174138, 42.320831431607502 ], [ -71.091785395553927, 42.320784431567844 ], [ -71.091712395821318, 42.320735432128288 ], [ -71.091605394930966, 42.320652431924891 ], [ -71.091372395040423, 42.320423432075081 ], [ -71.090867395033086, 42.31986543304442 ], [ -71.090343395449196, 42.319277433641474 ], [ -71.090237395569957, 42.319213433752097 ], [ -71.090672393962734, 42.318874433367732 ], [ -71.090801392941771, 42.318749432590366 ], [ -71.090842392306683, 42.3186734331982 ], [ -71.090904392499937, 42.318506432689666 ], [ -71.091003390911126, 42.318268432207098 ], [ -71.091132390373488, 42.317954432623566 ], [ -71.091293388991119, 42.317605432350561 ], [ -71.09161838755854, 42.316997431825108 ], [ -71.091778386392846, 42.31696343132063 ], [ -71.091966385655226, 42.316941430996522 ], [ -71.092292385740322, 42.316916430264733 ], [ -71.092469385322858, 42.316895430855304 ], [ -71.092721383762523, 42.31684343045756 ], [ -71.092963383548991, 42.316751429924494 ], [ -71.093089382755849, 42.316675429906489 ], [ -71.093182383137957, 42.316543429751938 ], [ -71.093225382314458, 42.316443429243058 ], [ -71.093332381750173, 42.31615242929908 ], [ -71.093471380723216, 42.315789428587664 ], [ -71.093558379617775, 42.315515429115102 ], [ -71.093911378493758, 42.315565428485144 ], [ -71.094125378402282, 42.315599427632151 ], [ -71.094273378352071, 42.315634427794954 ], [ -71.094419377559589, 42.315685427992307 ], [ -71.094578377530922, 42.315757427364282 ], [ -71.094802377474124, 42.315868426910576 ], [ -71.095168376924732, 42.316067426878057 ], [ -71.095468376124657, 42.316216425939892 ], [ -71.095647375991192, 42.316307426530315 ], [ -71.096946374939819, 42.316968424786566 ], [ -71.097085374785422, 42.317028424303572 ], [ -71.096949375345091, 42.317165424745376 ] ] ] ] } },
{ "type": "Feature", "properties": { "geoid": "25025081700", "neighborhood": "Roxbury", "sales": 617, "median_price": 301000.0, "investor_share": 0.37115072933549431, "large_inst_share": 0.17990275526742303, "small_med_share": 0.19124797406807131, "flip_rate": 0.11831442463533225, "buy_flip_rate": 0.11507293354943274, "condo_share": 0.28363047001620745, "r23_share": 0.36952998379254459, "hold_score": -1.4281166147430255, "flip_score": 2.5798918244816371, "dominant": "flipping", "policy_fit": "TOPA / anti-flip / stabilization", "r_mhi": 22283.0, "pct_nonwhite": 0.93866215889881666, "pct_black": 0.5643564356435643, "pct_latino": 0.26563631972953394, "percent_owners": 66.4 }, "geometry": { "type": "MultiPolygon", "coordinates": [ [ [ [ -71.092475394940536, 42.321307431413331 ], [ -71.092088396709684, 42.32157643158267 ], [ -71.091940397256138, 42.321692431772263 ], [ -71.09149739830751, 42.322007432587561 ], [ -71.091083400059091, 42.322318433080866 ], [ -71.089834404708299, 42.323228434953528 ], [ -71.089599405653459, 42.323394434781768 ], [ -71.089309407622835, 42.323654435663677 ], [ -71.089016408321413, 42.323965435845103 ], [ -71.088787410132326, 42.324218436635256 ], [ -71.088690410686212, 42.324320436233997 ], [ -71.088536410827956, 42.324482436375469 ], [ -71.08842941173863, 42.324619436779038 ], [ -71.088300411921708, 42.324819436632396 ], [ -71.088213412697442, 42.324993436764629 ], [ -71.088133413655171, 42.325194437459679 ], [ -71.087963414057768, 42.32555343711617 ], [ -71.087889415516955, 42.325710437370574 ], [ -71.087694416164027, 42.326184438078592 ], [ -71.087391419209325, 42.326875438081508 ], [ -71.087261419855281, 42.327159438773144 ], [ -71.086995421951144, 42.327782438773085 ], [ -71.086958422426576, 42.327857439118141 ], [ -71.086938421576377, 42.327891438947788 ], [ -71.08685242304648, 42.328035439221004 ], [ -71.0867894229889, 42.3280984396864 ], [ -71.086740422937666, 42.328148439752013 ], [ -71.086582423121797, 42.328268439353998 ], [ -71.086372424532925, 42.328372439826708 ], [ -71.086159424529669, 42.328461440100348 ], [ -71.085724426066648, 42.328639441258439 ], [ -71.085183428446769, 42.328854441404076 ], [ -71.085099428644099, 42.328899442111343 ], [ -71.084993428246889, 42.328871442155908 ], [ -71.084897428261868, 42.328845441745834 ], [ -71.08440242977278, 42.328763442938374 ], [ -71.083932430790682, 42.328704443162131 ], [ -71.083447431238838, 42.32865044408139 ], [ -71.083369431833873, 42.328522443820852 ], [ -71.083222431279168, 42.328321444172595 ], [ -71.083109430583718, 42.328120444251752 ], [ -71.083060430872223, 42.327993444688026 ], [ -71.083040431073641, 42.327897444794445 ], [ -71.083034430213402, 42.327738444366041 ], [ -71.083065429184856, 42.327449443980015 ], [ -71.083092429079471, 42.327265444043888 ], [ -71.083183427766272, 42.326607444481375 ], [ -71.083269426399184, 42.326127443922353 ], [ -71.083307425946103, 42.325959444195071 ], [ -71.083304425386402, 42.325745443814156 ], [ -71.083274424769129, 42.325605443525426 ], [ -71.083163424349777, 42.325334443764831 ], [ -71.08303742473251, 42.324990443908476 ], [ -71.082926423811841, 42.324710444515155 ], [ -71.082765423394463, 42.32421244413414 ], [ -71.082701422552319, 42.323999444890447 ], [ -71.082578422850105, 42.323624444597591 ], [ -71.082452422182314, 42.323260444764969 ], [ -71.082243421309911, 42.32267244477616 ], [ -71.082152420998185, 42.32239744535925 ], [ -71.082002420451516, 42.321987445276029 ], [ -71.081922420013498, 42.321727444947406 ], [ -71.081898419715714, 42.321664444947025 ], [ -71.081717418059739, 42.321058445109756 ], [ -71.081620418171212, 42.320732445826273 ], [ -71.081512417722053, 42.320327445853636 ], [ -71.081432417132532, 42.320057445478717 ], [ -71.081384416376949, 42.319802446153219 ], [ -71.081378416630827, 42.319670446161147 ], [ -71.081391415188975, 42.319450445572116 ], [ -71.081477414718293, 42.319058445163975 ], [ -71.081554413424982, 42.318804445478534 ], [ -71.081648412705633, 42.318560445071753 ], [ -71.081788411562812, 42.318270444661721 ], [ -71.081916411398055, 42.318021444992887 ], [ -71.082071411217527, 42.318065444267042 ], [ -71.083774407605347, 42.318517442009281 ], [ -71.084264406841925, 42.318658442186312 ], [ -71.08548340488791, 42.319010440050135 ], [ -71.086016404672975, 42.319164439474491 ], [ -71.08604140428622, 42.319026439238478 ], [ -71.086186402185774, 42.318414438721803 ], [ -71.086224402061788, 42.318237439330787 ], [ -71.086853400661127, 42.3183794381873 ], [ -71.087678399156999, 42.318584437196016 ], [ -71.088518397829745, 42.318776435936933 ], [ -71.089120396624907, 42.318927434905696 ], [ -71.089511396500782, 42.319023434710125 ], [ -71.090166395211838, 42.31917743351184 ], [ -71.090237395569957, 42.319213433752097 ], [ -71.090343395449196, 42.319277433641474 ], [ -71.090867395033086, 42.31986543304442 ], [ -71.091372395040423, 42.320423432075081 ], [ -71.091605394930966, 42.320652431924891 ], [ -71.091712395821318, 42.320735432128288 ], [ -71.091785395553927, 42.320784431567844 ], [ -71.091854395174138, 42.320831431607502 ], [ -71.092266395381102, 42.321153431239914 ], [ -71.092475394940536, 42.321307431413331 ] ] ] ] } },
{ "type": "Feature", "properties": { "geoid": "25025081800", "neighborhood": "Roxbury", "sales": 747, "median_price": 278278.0, "investor_share": 0.41767068273092367, "large_inst_share": 0.18072289156626506, "small_med_share": 0.23694779116465864, "flip_rate": 0.15528781793842034, "buy_flip_rate": 0.1459170013386881, "condo_share": 0.24497991967871485, "r23_share": 0.36144578313253012, "hold_score": -1.3600382388212973, "flip_score": 4.8915565000005383, "dominant": "flipping", "policy_fit": "TOPA / anti-flip / stabilization", "r_mhi": 17802.0, "pct_nonwhite": 0.9282310064479955, "pct_black": 0.53910849453322118, "pct_latino": 0.30389683207176899, "percent_owners": 70.2 }, "geometry": { "type": "MultiPolygon", "coordinates": [ [ [ [ -71.083307425946103, 42.325959444195071 ], [ -71.082192427948144, 42.325721445585039 ], [ -71.081872428115631, 42.325648446007875 ], [ -71.081761428855174, 42.325613445756858 ], [ -71.081604428243409, 42.325549446047873 ], [ -71.081204428959794, 42.325294446745978 ], [ -71.080538429505751, 42.324816447656652 ], [ -71.080153429979021, 42.324552447765292 ], [ -71.079599429612784, 42.324161448797575 ], [ -71.079406430952773, 42.324064449108128 ], [ -71.079199430805403, 42.32397644943056 ], [ -71.078807431354676, 42.323798449853825 ], [ -71.078332432257284, 42.323604450610404 ], [ -71.07784543253284, 42.32339445117141 ], [ -71.077515433194392, 42.323261451005521 ], [ -71.076663433560213, 42.322889452265521 ], [ -71.07692643252247, 42.32252645190858 ], [ -71.077096431363273, 42.322281452026722 ], [ -71.0771454316871, 42.322196451559805 ], [ -71.077184431110609, 42.322096451362 ], [ -71.077222430237484, 42.321975451648505 ], [ -71.077281430027654, 42.321811451725054 ], [ -71.077488428522472, 42.321268451227581 ], [ -71.077626426959654, 42.320907451189292 ], [ -71.077653426806592, 42.320839451002158 ], [ -71.07770842633532, 42.320630450989768 ], [ -71.077745426078351, 42.320431451062412 ], [ -71.077753426041824, 42.320396450781409 ], [ -71.077760425150828, 42.320210450788075 ], [ -71.077757424312253, 42.319871450867325 ], [ -71.07776342395573, 42.319741451073725 ], [ -71.077748423631448, 42.31928445099679 ], [ -71.077750422604112, 42.319059450621495 ], [ -71.077747422940618, 42.318841450596466 ], [ -71.077748422783188, 42.318744450821953 ], [ -71.077760422362573, 42.318606450482285 ], [ -71.077813420512911, 42.318296450305759 ], [ -71.077896419377964, 42.31779845025369 ], [ -71.077971418470497, 42.317386450475929 ], [ -71.078013417738717, 42.317198449618864 ], [ -71.078053417203975, 42.316895449968953 ], [ -71.078150415483904, 42.316225449552022 ], [ -71.078214415332823, 42.315871449541625 ], [ -71.078273413797987, 42.31567944965515 ], [ -71.078330413580701, 42.315547449064852 ], [ -71.078482412194475, 42.315232449286299 ], [ -71.078822410320271, 42.314608449116896 ], [ -71.079368410207366, 42.314874447886204 ], [ -71.079494409508655, 42.314938448246998 ], [ -71.079851408906677, 42.315119447537207 ], [ -71.080369408867341, 42.31541444669562 ], [ -71.080997408846756, 42.31575544541451 ], [ -71.081442407479855, 42.31592344497156 ], [ -71.081809406691534, 42.316038444870614 ], [ -71.082651406114607, 42.316314444109715 ], [ -71.082849405876928, 42.31636244361826 ], [ -71.082777405903244, 42.316521443204557 ], [ -71.082562406788952, 42.316904443436421 ], [ -71.082366408773566, 42.317233444001367 ], [ -71.082171410055636, 42.317561444016455 ], [ -71.081987411003993, 42.317882445152705 ], [ -71.081916411398055, 42.318021444992887 ], [ -71.081788411562812, 42.318270444661721 ], [ -71.081648412705633, 42.318560445071753 ], [ -71.081554413424982, 42.318804445478534 ], [ -71.081477414718293, 42.319058445163975 ], [ -71.081391415188975, 42.319450445572116 ], [ -71.081378416630827, 42.319670446161147 ], [ -71.081384416376949, 42.319802446153219 ], [ -71.081432417132532, 42.320057445478717 ], [ -71.081512417722053, 42.320327445853636 ], [ -71.081620418171212, 42.320732445826273 ], [ -71.081717418059739, 42.321058445109756 ], [ -71.081898419715714, 42.321664444947025 ], [ -71.081922420013498, 42.321727444947406 ], [ -71.082002420451516, 42.321987445276029 ], [ -71.082152420998185, 42.32239744535925 ], [ -71.082243421309911, 42.32267244477616 ], [ -71.082452422182314, 42.323260444764969 ], [ -71.082578422850105, 42.323624444597591 ], [ -71.082701422552319, 42.323999444890447 ], [ -71.082765423394463, 42.32421244413414 ], [ -71.082926423811841, 42.324710444515155 ], [ -71.08303742473251, 42.324990443908476 ], [ -71.083163424349777, 42.325334443764831 ], [ -71.083274424769129, 42.325605443525426 ], [ -71.083304425386402, 42.325745443814156 ], [ -71.083307425946103, 42.325959444195071 ] ] ] ] } },
{ "type": "Feature", "properties": { "geoid": "25025081900", "neighborhood": "Roxbury", "sales": 437, "median_price": 334126.0, "investor_share": 0.49199084668192222, "large_inst_share": 0.18764302059496568, "small_med_share": 0.30434782608695654, "flip_rate": 0.091533180778032033, "buy_flip_rate": 0.091533180778032033, "condo_share": 0.2585812356979405, "r23_share": 0.47826086956521741, "hold_score": -0.56870801444233599, "flip_score": 1.4486323704308255, "dominant": "flipping", "policy_fit": "TOPA / anti-flip / stabilization", "r_mhi": 30549.0, "pct_nonwhite": 0.9654045219286298, "pct_black": 0.54017978752383544, "pct_latino": 0.34976845546172702, "percent_owners": 72.5 }, "geometry": { "type": "MultiPolygon", "coordinates": [ [ [ [ -71.095037371696833, 42.313382426517961 ], [ -71.094789371904412, 42.313574427039129 ], [ -71.094394373661927, 42.31387642722958 ], [ -71.094173374287635, 42.314061428225052 ], [ -71.094087375742106, 42.31414242779136 ], [ -71.093937375555072, 42.314320427984484 ], [ -71.09385837665809, 42.314457428093171 ], [ -71.093820377046427, 42.314541428444045 ], [ -71.09375537743469, 42.314785428764324 ], [ -71.093680377927939, 42.315016428514312 ], [ -71.093617378579751, 42.315240428497994 ], [ -71.093558379617775, 42.315515429115102 ], [ -71.093471380723216, 42.315789428587664 ], [ -71.093332381750173, 42.31615242929908 ], [ -71.093225382314458, 42.316443429243058 ], [ -71.093182383137957, 42.316543429751938 ], [ -71.093089382755849, 42.316675429906489 ], [ -71.092963383548991, 42.316751429924494 ], [ -71.092721383762523, 42.31684343045756 ], [ -71.092469385322858, 42.316895430855304 ], [ -71.092292385740322, 42.316916430264733 ], [ -71.091966385655226, 42.316941430996522 ], [ -71.091778386392846, 42.31696343132063 ], [ -71.09161838755854, 42.316997431825108 ], [ -71.091293388991119, 42.317605432350561 ], [ -71.091132390373488, 42.317954432623566 ], [ -71.091003390911126, 42.318268432207098 ], [ -71.090904392499937, 42.318506432689666 ], [ -71.090842392306683, 42.3186734331982 ], [ -71.090801392941771, 42.318749432590366 ], [ -71.090672393962734, 42.318874433367732 ], [ -71.090237395569957, 42.319213433752097 ], [ -71.090166395211838, 42.31917743351184 ], [ -71.089511396500782, 42.319023434710125 ], [ -71.089120396624907, 42.318927434905696 ], [ -71.088518397829745, 42.318776435936933 ], [ -71.087678399156999, 42.318584437196016 ], [ -71.086853400661127, 42.3183794381873 ], [ -71.086224402061788, 42.318237439330787 ], [ -71.086186402185774, 42.318414438721803 ], [ -71.08604140428622, 42.319026439238478 ], [ -71.086016404672975, 42.319164439474491 ], [ -71.08548340488791, 42.319010440050135 ], [ -71.084264406841925, 42.318658442186312 ], [ -71.083774407605347, 42.318517442009281 ], [ -71.082071411217527, 42.318065444267042 ], [ -71.081916411398055, 42.318021444992887 ], [ -71.081987411003993, 42.317882445152705 ], [ -71.082171410055636, 42.317561444016455 ], [ -71.082366408773566, 42.317233444001367 ], [ -71.082562406788952, 42.316904443436421 ], [ -71.082777405903244, 42.316521443204557 ], [ -71.082849405876928, 42.31636244361826 ], [ -71.08295140501167, 42.316384443308962 ], [ -71.083710404250539, 42.316577442200831 ], [ -71.084275403419483, 42.316738441296643 ], [ -71.084423403093979, 42.316773441540064 ], [ -71.084581402970343, 42.316792440726864 ], [ -71.084831401629572, 42.31678644117607 ], [ -71.085173400946104, 42.316768439889266 ], [ -71.085336400730611, 42.316743440536115 ], [ -71.085491400029952, 42.316741439915717 ], [ -71.085590399747517, 42.316760440156706 ], [ -71.085733399933844, 42.316800439847817 ], [ -71.086029398969544, 42.316893438977218 ], [ -71.086507398959611, 42.31705343855279 ], [ -71.086699397173831, 42.316724438220113 ], [ -71.086902396088846, 42.316392437673457 ], [ -71.087023396297511, 42.316224437524504 ], [ -71.087342394104382, 42.315828437404463 ], [ -71.087905391171802, 42.315129436483929 ], [ -71.088330389078081, 42.314610435775577 ], [ -71.088443388717636, 42.314452435662552 ], [ -71.088805386871812, 42.314009434925509 ], [ -71.089156384815809, 42.313564434666951 ], [ -71.089398383608142, 42.313257434263434 ], [ -71.089929381090428, 42.312629433359014 ], [ -71.090509378736755, 42.31189843214095 ], [ -71.091096375376509, 42.311154431812419 ], [ -71.091562372743326, 42.310544431133486 ], [ -71.091816371177615, 42.310259430935439 ], [ -71.092077370118986, 42.309947429851036 ], [ -71.092171369963282, 42.309859429684067 ], [ -71.09269136981689, 42.310269429790068 ], [ -71.092950369706884, 42.310521428618109 ], [ -71.092981369041681, 42.310555429201152 ], [ -71.093131369428164, 42.31072042845171 ], [ -71.09329537021722, 42.310988428820828 ], [ -71.093442370994367, 42.311370428478611 ], [ -71.093534371252602, 42.311789428374993 ], [ -71.093544371458492, 42.31186042881707 ], [ -71.093571371888473, 42.312061428457071 ], [ -71.093602372350858, 42.312150428060214 ], [ -71.093641372451728, 42.312260428367992 ], [ -71.093751372628731, 42.312450427955007 ], [ -71.093860372135381, 42.312586427631672 ], [ -71.093976372314458, 42.312694427455178 ], [ -71.094108371923767, 42.312768428082933 ], [ -71.094268372407896, 42.312843427677464 ], [ -71.094616371618372, 42.312972427343439 ], [ -71.094658370863201, 42.312993427224711 ], [ -71.094820371356349, 42.31307642683737 ], [ -71.095144371411521, 42.313282426488399 ], [ -71.095037371696833, 42.313382426517961 ] ] ] ] } },
{ "type": "Feature", "properties": { "geoid": "25025082000", "neighborhood": "Roxbury", "sales": 519, "median_price": 320000.0, "investor_share": 0.42196531791907516, "large_inst_share": 0.19267822736030829, "small_med_share": 0.22928709055876687, "flip_rate": 0.12909441233140656, "buy_flip_rate": 0.12909441233140656, "condo_share": 0.27167630057803466, "r23_share": 0.4296724470134875, "hold_score": -1.0106399665776058, "flip_score": 3.7824524551313199, "dominant": "flipping", "policy_fit": "TOPA / anti-flip / stabilization", "r_mhi": 32336.0, "pct_nonwhite": 0.95962441314553992, "pct_black": 0.58904538341158064, "pct_latino": 0.25978090766823159, "percent_owners": 65.6 }, "geometry": { "type": "MultiPolygon", "coordinates": [ [ [ [ -71.089156384815809, 42.313564434666951 ], [ -71.088805386871812, 42.314009434925509 ], [ -71.088443388717636, 42.314452435662552 ], [ -71.088330389078081, 42.314610435775577 ], [ -71.087905391171802, 42.315129436483929 ], [ -71.087342394104382, 42.315828437404463 ], [ -71.087023396297511, 42.316224437524504 ], [ -71.086902396088846, 42.316392437673457 ], [ -71.086699397173831, 42.316724438220113 ], [ -71.086507398959611, 42.31705343855279 ], [ -71.086029398969544, 42.316893438977218 ], [ -71.085733399933844, 42.316800439847817 ], [ -71.085590399747517, 42.316760440156706 ], [ -71.085491400029952, 42.316741439915717 ], [ -71.085336400730611, 42.316743440536115 ], [ -71.085173400946104, 42.316768439889266 ], [ -71.084831401629572, 42.31678644117607 ], [ -71.084581402970343, 42.316792440726864 ], [ -71.084423403093979, 42.316773441540064 ], [ -71.084275403419483, 42.316738441296643 ], [ -71.083710404250539, 42.316577442200831 ], [ -71.08295140501167, 42.316384443308962 ], [ -71.082849405876928, 42.31636244361826 ], [ -71.082651406114607, 42.316314444109715 ], [ -71.081809406691534, 42.316038444870614 ], [ -71.081442407479855, 42.31592344497156 ], [ -71.080997408846756, 42.31575544541451 ], [ -71.080369408867341, 42.31541444669562 ], [ -71.079851408906677, 42.315119447537207 ], [ -71.079494409508655, 42.314938448246998 ], [ -71.079368410207366, 42.314874447886204 ], [ -71.078822410320271, 42.314608449116896 ], [ -71.07916740835239, 42.314048448582817 ], [ -71.079400407117291, 42.313676448107778 ], [ -71.079496406870092, 42.313513447353479 ], [ -71.07968240523067, 42.313219447266086 ], [ -71.080087403659263, 42.312691446449442 ], [ -71.080311402668116, 42.312418446723242 ], [ -71.080742400152815, 42.311891445958679 ], [ -71.081147398202575, 42.311363444921604 ], [ -71.081573396245446, 42.310836444366608 ], [ -71.081705395234749, 42.310655444312268 ], [ -71.08201139346501, 42.310256443823846 ], [ -71.082513391372345, 42.309661442757523 ], [ -71.082667390551805, 42.309535443302529 ], [ -71.082772390888636, 42.309753442885317 ], [ -71.08289239077051, 42.309937442980313 ], [ -71.083222391047599, 42.310477442554841 ], [ -71.083250392138154, 42.310604442069618 ], [ -71.083494390880134, 42.310566441544161 ], [ -71.083770389834385, 42.310537441414702 ], [ -71.083821390222695, 42.310541441523057 ], [ -71.083918389699392, 42.310576441533492 ], [ -71.084141389373571, 42.310690441178075 ], [ -71.084950388957182, 42.311156439665439 ], [ -71.085209388419202, 42.311323439903617 ], [ -71.085681388865879, 42.311579439334238 ], [ -71.085861388526254, 42.311689439042965 ], [ -71.086217387243437, 42.311872438046656 ], [ -71.086761387625046, 42.312139438066545 ], [ -71.087375386624046, 42.312434436627662 ], [ -71.088077385089591, 42.312786436275992 ], [ -71.088318384921962, 42.312895435228569 ], [ -71.088664384644972, 42.313026435456123 ], [ -71.089046383900964, 42.313152434324913 ], [ -71.089398383608142, 42.313257434263434 ], [ -71.089156384815809, 42.313564434666951 ] ] ] ] } },
{ "type": "Feature", "properties": { "geoid": "25025091900", "neighborhood": "Dorchester", "sales": 721, "median_price": 300000.0, "investor_share": 0.38973647711511789, "large_inst_share": 0.1927877947295423, "small_med_share": 0.19694868238557559, "flip_rate": 0.16227461858529821, "buy_flip_rate": 0.16782246879334259, "condo_share": 0.16227461858529821, "r23_share": 0.46879334257975036, "hold_score": -2.2417008675837544, "flip_score": 6.5015814738760316, "dominant": "flipping", "policy_fit": "TOPA / anti-flip / stabilization", "r_mhi": 41510.0, "pct_nonwhite": 0.96657316503038804, "pct_black": 0.57246376811594202, "pct_latino": 0.25455820476858343, "percent_owners": 61.3 }, "geometry": { "type": "MultiPolygon", "coordinates": [ [ [ [ -71.079279377096299, 42.300191446906105 ], [ -71.079261378757451, 42.300811446979807 ], [ -71.079216379459041, 42.301191446823282 ], [ -71.079153380500784, 42.301448446474396 ], [ -71.079064381428338, 42.301736447248651 ], [ -71.078972382683062, 42.302040446996322 ], [ -71.078865382981448, 42.302365447021828 ], [ -71.078607384913084, 42.30294844803214 ], [ -71.078424385943336, 42.303227448110313 ], [ -71.078179387561562, 42.303609448813084 ], [ -71.077994388349282, 42.303872448809024 ], [ -71.077755390010566, 42.304197449191612 ], [ -71.077545391253821, 42.304441449407882 ], [ -71.077263392508257, 42.304745449657617 ], [ -71.076781393731025, 42.305189450629641 ], [ -71.076494394103463, 42.305108450562528 ], [ -71.076347395037786, 42.305075451266525 ], [ -71.076184394884976, 42.305046451340104 ], [ -71.075977395768732, 42.305037452009238 ], [ -71.074954398170505, 42.304972452541229 ], [ -71.074780397877831, 42.304968453593908 ], [ -71.074296398839053, 42.304931454129417 ], [ -71.074160400015103, 42.304910454155369 ], [ -71.073589400917982, 42.304787455003108 ], [ -71.073116401366008, 42.304672455131929 ], [ -71.072870402055088, 42.304585455485309 ], [ -71.07269140187087, 42.304500456374562 ], [ -71.072479402322045, 42.304365456710947 ], [ -71.072022401755618, 42.303982457246832 ], [ -71.071679401819921, 42.30357445717862 ], [ -71.071558401544465, 42.303488457871786 ], [ -71.071425402073615, 42.303407458081146 ], [ -71.071453402145977, 42.303309457614105 ], [ -71.071511400088113, 42.302742457375373 ], [ -71.071568399810971, 42.302430457234557 ], [ -71.07159039987009, 42.302354457511662 ], [ -71.071700398710675, 42.302107457561782 ], [ -71.071858397831306, 42.301839456719897 ], [ -71.071890397617636, 42.301781456982916 ], [ -71.071943397526269, 42.301687456784975 ], [ -71.071993396853671, 42.301565456832314 ], [ -71.072010396143057, 42.301464456845935 ], [ -71.072021395915257, 42.301263456991109 ], [ -71.072015394779612, 42.300679456163159 ], [ -71.072033394638225, 42.300427456871681 ], [ -71.072067393499893, 42.300269456359082 ], [ -71.072128393420343, 42.300135456644306 ], [ -71.072183393502058, 42.30003845674981 ], [ -71.072298392370271, 42.299937455890465 ], [ -71.072434391856277, 42.299824455496243 ], [ -71.072647391720494, 42.299699455747003 ], [ -71.072742391346324, 42.299658455384204 ], [ -71.0729263899361, 42.299579455338794 ], [ -71.07364038851486, 42.299371454494533 ], [ -71.073384388071773, 42.299053454480266 ], [ -71.073244387985355, 42.298834455023588 ], [ -71.073104387204012, 42.298639454715833 ], [ -71.073071388291154, 42.298586454743713 ], [ -71.073011387629506, 42.298462454813254 ], [ -71.072701386737492, 42.297808455385855 ], [ -71.07259338610065, 42.297620455268856 ], [ -71.072472386816685, 42.29734445531696 ], [ -71.072381386205066, 42.297117455919462 ], [ -71.072376385798279, 42.29710045582349 ], [ -71.07231738506502, 42.296898456155766 ], [ -71.072268385709179, 42.296675455415553 ], [ -71.072785384488427, 42.296632455021602 ], [ -71.073313382602251, 42.296593454466255 ], [ -71.073803381704806, 42.296563454050442 ], [ -71.074081380969005, 42.296556452993741 ], [ -71.074288381066737, 42.296556452843305 ], [ -71.074364380698711, 42.296561452799281 ], [ -71.074614379287354, 42.296598452537047 ], [ -71.074809379388725, 42.296668452307578 ], [ -71.075119379598817, 42.296787451801734 ], [ -71.075222378769169, 42.296832451464518 ], [ -71.075732378369935, 42.297024450988559 ], [ -71.076036377954338, 42.297143451045116 ], [ -71.07616737745586, 42.297205450894353 ], [ -71.076201378161841, 42.29722645066073 ], [ -71.076233377807824, 42.297253450751136 ], [ -71.076288377590984, 42.297313450648453 ], [ -71.076397377499063, 42.297265450415807 ], [ -71.076539377359424, 42.297213450086929 ], [ -71.076708376413364, 42.297173450106129 ], [ -71.077035375175669, 42.297110448929651 ], [ -71.077275374794382, 42.297062449111394 ], [ -71.077738373285342, 42.296950448378126 ], [ -71.078190372366876, 42.296854447887803 ], [ -71.078447371923176, 42.296794447574776 ], [ -71.07885137065594, 42.296708446333817 ], [ -71.079150373891181, 42.298690446602386 ], [ -71.079225375413913, 42.299211446330396 ], [ -71.079274375717148, 42.299715446727902 ], [ -71.079279377096299, 42.300191446906105 ] ] ] ] } },
{ "type": "Feature", "properties": { "geoid": "25025090200", "neighborhood": "Dorchester", "sales": 358, "median_price": 320000.0, "investor_share": 0.38826815642458101, "large_inst_share": 0.21229050279329609, "small_med_share": 0.17597765363128492, "flip_rate": 0.19273743016759776, "buy_flip_rate": 0.19273743016759776, "condo_share": 0.16201117318435754, "r23_share": 0.58659217877094971, "hold_score": -2.7605850599496002, "flip_score": 9.0961526807505511, "dominant": "flipping", "policy_fit": "TOPA / anti-flip / stabilization", "r_mhi": 31150.0, "pct_nonwhite": 0.95646766169154229, "pct_black": 0.38681592039800994, "pct_latino": 0.45563847429519072, "percent_owners": 66.4 }, "geometry": { "type": "MultiPolygon", "coordinates": [ [ [ [ -71.083253386570419, 42.308469441815717 ], [ -71.08309138784152, 42.308741442467756 ], [ -71.083077387986648, 42.308772442108221 ], [ -71.08297338928584, 42.309001442168352 ], [ -71.082803389910779, 42.309331443039369 ], [ -71.082743390702277, 42.309431442957035 ], [ -71.082667390551805, 42.309535443302529 ], [ -71.082513391372345, 42.309661442757523 ], [ -71.08201139346501, 42.310256443823846 ], [ -71.081659394018999, 42.310049444239397 ], [ -71.081202394482872, 42.309796444742915 ], [ -71.080892394990173, 42.309619445183841 ], [ -71.080267395714742, 42.309258446143296 ], [ -71.079844397042336, 42.309655447112391 ], [ -71.07958439792074, 42.30988044730983 ], [ -71.079016399003208, 42.309501447663273 ], [ -71.077772400163965, 42.30868844990438 ], [ -71.076075400732506, 42.307568451963107 ], [ -71.075526403566101, 42.308037452928829 ], [ -71.075232403977765, 42.308273452739321 ], [ -71.075095404570277, 42.308197452717131 ], [ -71.074718404793998, 42.308027453201255 ], [ -71.074373405197861, 42.307884453870216 ], [ -71.074152405544538, 42.307795454640377 ], [ -71.07391140655227, 42.307681454255736 ], [ -71.074255404750204, 42.307348453815891 ], [ -71.074912401530369, 42.306760453303632 ], [ -71.074959401231837, 42.306720453016368 ], [ -71.076398395674147, 42.305516451325232 ], [ -71.076781393731025, 42.305189450629641 ], [ -71.077263392508257, 42.304745449657617 ], [ -71.077545391253821, 42.304441449407882 ], [ -71.077755390010566, 42.304197449191612 ], [ -71.077994388349282, 42.303872448809024 ], [ -71.078179387561562, 42.303609448813084 ], [ -71.078424385943336, 42.303227448110313 ], [ -71.078533386272113, 42.303388447893752 ], [ -71.078805386713483, 42.303742447213295 ], [ -71.078939386096053, 42.303937447092409 ], [ -71.079252387052634, 42.304319447159195 ], [ -71.079414386150859, 42.304510447168845 ], [ -71.079560386839503, 42.304622446519986 ], [ -71.07991738695074, 42.304911446183965 ], [ -71.080361386710663, 42.305270445552239 ], [ -71.080453385776067, 42.305354445329812 ], [ -71.080562385831797, 42.305440445412074 ], [ -71.080794385662344, 42.305623444859165 ], [ -71.081357385871954, 42.306103444127693 ], [ -71.081633385739067, 42.306343444287634 ], [ -71.081812386118926, 42.306518444024078 ], [ -71.082168385518514, 42.306917443156514 ], [ -71.082200385883681, 42.306968443490007 ], [ -71.082337385483584, 42.307169443412057 ], [ -71.082519385630874, 42.307416442636303 ], [ -71.082643386372183, 42.307635442358666 ], [ -71.082734387019727, 42.307778442234117 ], [ -71.082864386164275, 42.308001442791699 ], [ -71.083160386585945, 42.3083184422741 ], [ -71.083253386570419, 42.308469441815717 ] ] ] ] } },
{ "type": "Feature", "properties": { "geoid": "25025090300", "neighborhood": "Dorchester", "sales": 544, "median_price": 279450.0, "investor_share": 0.38051470588235292, "large_inst_share": 0.15992647058823528, "small_med_share": 0.22058823529411764, "flip_rate": 0.13051470588235295, "buy_flip_rate": 0.13051470588235295, "condo_share": 0.18566176470588236, "r23_share": 0.55698529411764708, "hold_score": -1.4221000929868564, "flip_score": 4.6044880912549235, "dominant": "flipping", "policy_fit": "TOPA / anti-flip / stabilization", "r_mhi": 30956.0, "pct_nonwhite": 0.97839262187088272, "pct_black": 0.47747035573122532, "pct_latino": 0.38708827404479579, "percent_owners": 64.0 }, "geometry": { "type": "MultiPolygon", "coordinates": [ [ [ [ -71.081705395234749, 42.310655444312268 ], [ -71.081573396245446, 42.310836444366608 ], [ -71.081147398202575, 42.311363444921604 ], [ -71.080742400152815, 42.311891445958679 ], [ -71.080311402668116, 42.312418446723242 ], [ -71.080087403659263, 42.312691446449442 ], [ -71.07968240523067, 42.313219447266086 ], [ -71.079496406870092, 42.313513447353479 ], [ -71.079400407117291, 42.313676448107778 ], [ -71.07916740835239, 42.314048448582817 ], [ -71.078822410320271, 42.314608449116896 ], [ -71.078491410885746, 42.314433448774572 ], [ -71.077920411802282, 42.314151450240196 ], [ -71.077727412278136, 42.314062450156513 ], [ -71.07700441272091, 42.313713451099069 ], [ -71.07678741318351, 42.313629451400018 ], [ -71.076184413508642, 42.313423451975559 ], [ -71.07566741434708, 42.313226452904566 ], [ -71.075576415318309, 42.313196453053244 ], [ -71.07535741449388, 42.313125453458781 ], [ -71.074972415897577, 42.312984453843818 ], [ -71.074648416109255, 42.312841453995311 ], [ -71.074086417110053, 42.312607454528397 ], [ -71.073616417122082, 42.31239845542418 ], [ -71.073170417570211, 42.312222455715421 ], [ -71.072785419064033, 42.312153456420049 ], [ -71.07219741947587, 42.312033457605693 ], [ -71.071931420618853, 42.311985457434204 ], [ -71.071622420988206, 42.311881458073522 ], [ -71.071511421329163, 42.311844458051993 ], [ -71.071296421455401, 42.311756458927775 ], [ -71.070931421449529, 42.311610458765387 ], [ -71.070389422735971, 42.311404460101691 ], [ -71.070216423023197, 42.311334459816685 ], [ -71.070795420780101, 42.311035459369506 ], [ -71.070820420809881, 42.311022458752568 ], [ -71.071573417591736, 42.310665458354229 ], [ -71.071897416980676, 42.310479458036568 ], [ -71.072333415389494, 42.310213456980357 ], [ -71.072563414541847, 42.310067456463116 ], [ -71.072685413782011, 42.309785456395659 ], [ -71.072821412816921, 42.309471456649646 ], [ -71.073345408702494, 42.308470455460167 ], [ -71.073500408481095, 42.308215455379894 ], [ -71.07364740810948, 42.308016454660091 ], [ -71.073777407067368, 42.307842455057823 ], [ -71.07391140655227, 42.307681454255736 ], [ -71.074152405544538, 42.307795454640377 ], [ -71.074373405197861, 42.307884453870216 ], [ -71.074718404793998, 42.308027453201255 ], [ -71.075095404570277, 42.308197452717131 ], [ -71.075232403977765, 42.308273452739321 ], [ -71.075526403566101, 42.308037452928829 ], [ -71.076075400732506, 42.307568451963107 ], [ -71.077772400163965, 42.30868844990438 ], [ -71.079016399003208, 42.309501447663273 ], [ -71.07958439792074, 42.30988044730983 ], [ -71.079844397042336, 42.309655447112391 ], [ -71.080267395714742, 42.309258446143296 ], [ -71.080892394990173, 42.309619445183841 ], [ -71.081202394482872, 42.309796444742915 ], [ -71.081659394018999, 42.310049444239397 ], [ -71.08201139346501, 42.310256443823846 ], [ -71.081705395234749, 42.310655444312268 ] ] ] ] } },
{ "type": "Feature", "properties": { "geoid": "25025090400", "neighborhood": "Roxbury", "sales": 881, "median_price": 255000.0, "investor_share": 0.45062429057888764, "large_inst_share": 0.24063564131668558, "small_med_share": 0.20998864926220204, "flip_rate": 0.15550510783200908, "buy_flip_rate": 0.15550510783200908, "condo_share": 0.21566401816118047, "r23_share": 0.39273552780930759, "hold_score": -1.1739821652313869, "flip_score": 5.4076949848871854, "dominant": "flipping", "policy_fit": "TOPA / anti-flip / stabilization", "r_mhi": 51103.0, "pct_nonwhite": 0.95903438185808343, "pct_black": 0.41745915630334063, "pct_latino": 0.34089246525237749, "percent_owners": 72.2 }, "geometry": { "type": "MultiPolygon", "coordinates": [ [ [ [ -71.078822410320271, 42.314608449116896 ], [ -71.078482412194475, 42.315232449286299 ], [ -71.078330413580701, 42.315547449064852 ], [ -71.078273413797987, 42.31567944965515 ], [ -71.078214415332823, 42.315871449541625 ], [ -71.078150415483904, 42.316225449552022 ], [ -71.078053417203975, 42.316895449968953 ], [ -71.078013417738717, 42.317198449618864 ], [ -71.077971418470497, 42.317386450475929 ], [ -71.077896419377964, 42.31779845025369 ], [ -71.077813420512911, 42.318296450305759 ], [ -71.077760422362573, 42.318606450482285 ], [ -71.077748422783188, 42.318744450821953 ], [ -71.077747422940618, 42.318841450596466 ], [ -71.077750422604112, 42.319059450621495 ], [ -71.077748423631448, 42.31928445099679 ], [ -71.07776342395573, 42.319741451073725 ], [ -71.077757424312253, 42.319871450867325 ], [ -71.077760425150828, 42.320210450788075 ], [ -71.077753426041824, 42.320396450781409 ], [ -71.077745426078351, 42.320431451062412 ], [ -71.077538426797673, 42.320427451402438 ], [ -71.07733142750952, 42.320435451430079 ], [ -71.077252427350246, 42.320439451806593 ], [ -71.077114427555827, 42.320448451465701 ], [ -71.076676428161804, 42.32047945203928 ], [ -71.075521431827426, 42.320573454012418 ], [ -71.075004432352117, 42.320631454448758 ], [ -71.074858432509572, 42.320649454512356 ], [ -71.074274434617905, 42.320723455181067 ], [ -71.074055435066924, 42.320756455650191 ], [ -71.073947434940322, 42.320773455548675 ], [ -71.073711435495539, 42.320840456015162 ], [ -71.073170437765583, 42.321030457149213 ], [ -71.07241044014593, 42.321305457849427 ], [ -71.072351439718261, 42.321320457944196 ], [ -71.072203440698118, 42.321359458342073 ], [ -71.072175439847953, 42.321162458249518 ], [ -71.072146439865946, 42.321047458002298 ], [ -71.072093440462965, 42.320949458773548 ], [ -71.072028439661025, 42.320863458123931 ], [ -71.071933439321114, 42.320752458829915 ], [ -71.071275439410499, 42.320160459104116 ], [ -71.070867440563973, 42.319781460271074 ], [ -71.070665440399338, 42.319555459789214 ], [ -71.070458439847002, 42.319319460455084 ], [ -71.070358439513541, 42.31924346090549 ], [ -71.070203439704486, 42.319149460396083 ], [ -71.069965440270863, 42.319046461389448 ], [ -71.069697440687904, 42.31894746127012 ], [ -71.069979438720623, 42.318340461463251 ], [ -71.070166438006439, 42.317927460315232 ], [ -71.070387435700724, 42.317441460073219 ], [ -71.071513433827931, 42.317743459029224 ], [ -71.071680433283504, 42.317778458270794 ], [ -71.07173943308436, 42.317782458405851 ], [ -71.07182943393741, 42.317782458704784 ], [ -71.071915433505325, 42.317767458576149 ], [ -71.071996432657613, 42.317738458141747 ], [ -71.072181432450535, 42.317634458244022 ], [ -71.072395431200164, 42.317485457377273 ], [ -71.072790429378713, 42.31720045727554 ], [ -71.073010428686629, 42.317035456754418 ], [ -71.072925428475102, 42.316861456446787 ], [ -71.072852428724019, 42.316733457269414 ], [ -71.072829428732362, 42.31666045667437 ], [ -71.0728244285214, 42.316544457193999 ], [ -71.072836428402098, 42.31647645724815 ], [ -71.072954427243531, 42.315999456689084 ], [ -71.072984426721433, 42.315823456280732 ], [ -71.073026425495925, 42.315511456349967 ], [ -71.07308342385204, 42.31471245605627 ], [ -71.073120422476379, 42.31440945664545 ], [ -71.073144422201537, 42.314217456265261 ], [ -71.073211421228976, 42.313683456127215 ], [ -71.072979421185423, 42.313675456162201 ], [ -71.072137423295885, 42.313657458062892 ], [ -71.072230422978109, 42.313409457643473 ], [ -71.072609420377532, 42.312946457118478 ], [ -71.073052418120497, 42.312374456157634 ], [ -71.073170417570211, 42.312222455715421 ], [ -71.073616417122082, 42.31239845542418 ], [ -71.074086417110053, 42.312607454528397 ], [ -71.074648416109255, 42.312841453995311 ], [ -71.074972415897577, 42.312984453843818 ], [ -71.07535741449388, 42.313125453458781 ], [ -71.075576415318309, 42.313196453053244 ], [ -71.07566741434708, 42.313226452904566 ], [ -71.076184413508642, 42.313423451975559 ], [ -71.07678741318351, 42.313629451400018 ], [ -71.07700441272091, 42.313713451099069 ], [ -71.077727412278136, 42.314062450156513 ], [ -71.077920411802282, 42.314151450240196 ], [ -71.078491410885746, 42.314433448774572 ], [ -71.078822410320271, 42.314608449116896 ] ] ] ] } },
{ "type": "Feature", "properties": { "geoid": "25025090600", "neighborhood": "Roxbury", "sales": 398, "median_price": 305950.0, "investor_share": 0.45477386934673369, "large_inst_share": 0.20100502512562815, "small_med_share": 0.25376884422110552, "flip_rate": 0.1407035175879397, "buy_flip_rate": 0.1407035175879397, "condo_share": 0.20100502512562815, "r23_share": 0.39698492462311558, "hold_score": -0.93804923317229871, "flip_score": 4.4033733868046898, "dominant": "flipping", "policy_fit": "TOPA / anti-flip / stabilization", "r_mhi": 40441.0, "pct_nonwhite": 0.9285714285714286, "pct_black": 0.30367346938775508, "pct_latino": 0.25346938775510203, "percent_owners": 69.2 }, "geometry": { "type": "MultiPolygon", "coordinates": [ [ [ [ -71.07770842633532, 42.320630450989768 ], [ -71.077653426806592, 42.320839451002158 ], [ -71.077626426959654, 42.320907451189292 ], [ -71.077488428522472, 42.321268451227581 ], [ -71.077281430027654, 42.321811451725054 ], [ -71.077222430237484, 42.321975451648505 ], [ -71.077184431110609, 42.322096451362 ], [ -71.0771454316871, 42.322196451559805 ], [ -71.077096431363273, 42.322281452026722 ], [ -71.07692643252247, 42.32252645190858 ], [ -71.076663433560213, 42.322889452265521 ], [ -71.076439434999216, 42.32320345298335 ], [ -71.076154436750429, 42.323625453067109 ], [ -71.075935437450141, 42.323968453546087 ], [ -71.075810438781801, 42.324146453755851 ], [ -71.075751438686552, 42.324083453904883 ], [ -71.075629439144763, 42.323989453893198 ], [ -71.075452438872802, 42.323878453852444 ], [ -71.075151438770803, 42.323668454370925 ], [ -71.074944439723765, 42.323475454403848 ], [ -71.074640438728906, 42.323238455164784 ], [ -71.0744564399116, 42.323412455314909 ], [ -71.074277440992233, 42.323549455280407 ], [ -71.07392144260352, 42.323759456089228 ], [ -71.072414447057753, 42.324353458622618 ], [ -71.071637448990302, 42.324647459237639 ], [ -71.071945448997454, 42.325073458898046 ], [ -71.072042449544455, 42.325215459108378 ], [ -71.072264449715135, 42.325517458614833 ], [ -71.072560449892592, 42.32592145815326 ], [ -71.072659449560859, 42.326023457871663 ], [ -71.072151451857806, 42.326347458970005 ], [ -71.071696453039465, 42.326584459748844 ], [ -71.071478454015732, 42.326687459806365 ], [ -71.070859453996022, 42.326272460908456 ], [ -71.070019455024706, 42.325718461216169 ], [ -71.069617455166266, 42.325432461759959 ], [ -71.069367455190942, 42.325231462744448 ], [ -71.069135455416131, 42.325051462519291 ], [ -71.068707455588054, 42.324609463391141 ], [ -71.068496455783645, 42.324371463355533 ], [ -71.068200455525655, 42.324069463940653 ], [ -71.068026455963945, 42.323870464162887 ], [ -71.067667456060605, 42.323466464251482 ], [ -71.06754445528243, 42.323342464738033 ], [ -71.067506455760125, 42.323297464509757 ], [ -71.068060450197876, 42.321281464045796 ], [ -71.068108449654815, 42.321285463417809 ], [ -71.068519449193388, 42.321335463227385 ], [ -71.068543448389519, 42.321341462839349 ], [ -71.068942448114854, 42.321399462961168 ], [ -71.069198448113795, 42.321463462150504 ], [ -71.069478447071859, 42.321521461919339 ], [ -71.06969844636491, 42.321558462113153 ], [ -71.069841445774713, 42.321567461787147 ], [ -71.070109445546933, 42.321564461394225 ], [ -71.070557444734291, 42.321525460101221 ], [ -71.071392442487465, 42.321431459799875 ], [ -71.071737441396238, 42.321400458880348 ], [ -71.072203440698118, 42.321359458342073 ], [ -71.072351439718261, 42.321320457944196 ], [ -71.07241044014593, 42.321305457849427 ], [ -71.073170437765583, 42.321030457149213 ], [ -71.073711435495539, 42.320840456015162 ], [ -71.073947434940322, 42.320773455548675 ], [ -71.074055435066924, 42.320756455650191 ], [ -71.074274434617905, 42.320723455181067 ], [ -71.074858432509572, 42.320649454512356 ], [ -71.075004432352117, 42.320631454448758 ], [ -71.075521431827426, 42.320573454012418 ], [ -71.076676428161804, 42.32047945203928 ], [ -71.077114427555827, 42.320448451465701 ], [ -71.077252427350246, 42.320439451806593 ], [ -71.07733142750952, 42.320435451430079 ], [ -71.077538426797673, 42.320427451402438 ], [ -71.077745426078351, 42.320431451062412 ], [ -71.07770842633532, 42.320630450989768 ] ] ] ] } },
{ "type": "Feature", "properties": { "geoid": "25025090700", "neighborhood": "Dorchester", "sales": 1327, "median_price": 382000.0, "investor_share": 0.30670685757347399, "large_inst_share": 0.10022607385079126, "small_med_share": 0.20648078372268275, "flip_rate": 0.097965335342878671, "buy_flip_rate": 0.094197437829691033, "condo_share": 0.61567445365486062, "r23_share": 0.23662396382818388, "hold_score": 1.595554694545865, "flip_score": 0.39268072491416062, "dominant": "holding", "policy_fit": "Transfer fee on high-value sales", "r_mhi": 73325.0, "pct_nonwhite": 0.3884014551679863, "pct_black": 0.060346672373207788, "pct_latino": 0.096083886154504597, "percent_owners": 64.6 }, "geometry": { "type": "MultiPolygon", "coordinates": [ [ [ [ -71.067340457737259, 42.323911464694021 ], [ -71.067173458860736, 42.324464465688834 ], [ -71.067076459401761, 42.324775465488841 ], [ -71.066933460987684, 42.325151465337619 ], [ -71.066654463400027, 42.325845465788689 ], [ -71.066430464654445, 42.326256466584617 ], [ -71.066387464851033, 42.326322466337004 ], [ -71.06548546961595, 42.327728468350159 ], [ -71.06431947654373, 42.32957346929571 ], [ -71.063552481104111, 42.330791471055704 ], [ -71.063504480569009, 42.33077747112484 ], [ -71.063279481511785, 42.33073047128957 ], [ -71.063141482181933, 42.330709471690142 ], [ -71.062974482124815, 42.330683471306344 ], [ -71.061656484464606, 42.330415472957206 ], [ -71.06138248458042, 42.330367473233046 ], [ -71.061060485285196, 42.330308474389327 ], [ -71.060801485606248, 42.330253474010895 ], [ -71.060775485730858, 42.330248474393954 ], [ -71.060218486581078, 42.330135474980338 ], [ -71.059287488399065, 42.329973476556447 ], [ -71.058240490827487, 42.329734478203122 ], [ -71.058252489626071, 42.3291734775839 ], [ -71.058264488500939, 42.328629477197154 ], [ -71.058250487902058, 42.328584477907384 ], [ -71.05822048839488, 42.328546477276248 ], [ -71.058132487878694, 42.328503477699911 ], [ -71.057748488557536, 42.32837647852304 ], [ -71.057844487567095, 42.328139478180063 ], [ -71.057615488315136, 42.32807547850588 ], [ -71.057470488726267, 42.328046478400708 ], [ -71.057334488886184, 42.328036478408897 ], [ -71.057198489587023, 42.328032478735828 ], [ -71.056914489800121, 42.328035479304575 ], [ -71.056897488534929, 42.32736847931379 ], [ -71.056867487919348, 42.326867479005443 ], [ -71.05684948598487, 42.326289479253205 ], [ -71.055927487155259, 42.325565480980011 ], [ -71.055125487309908, 42.32501448146845 ], [ -71.054294487672422, 42.324425482914592 ], [ -71.053786487966434, 42.323994482990798 ], [ -71.053293487792118, 42.323443484317593 ], [ -71.053161487264575, 42.323268483784673 ], [ -71.052903486885967, 42.32287048457755 ], [ -71.052697486630848, 42.322346485072835 ], [ -71.052580486271538, 42.32193248510881 ], [ -71.052455485331464, 42.321466485025972 ], [ -71.052388485079632, 42.321255485090909 ], [ -71.052307484340005, 42.32100448525447 ], [ -71.052248483561428, 42.320671485414962 ], [ -71.052160483014518, 42.320055485270508 ], [ -71.052123482063834, 42.319836484864219 ], [ -71.052135481665346, 42.319626485643049 ], [ -71.052142481645603, 42.31951548538288 ], [ -71.052152481027562, 42.319342485131564 ], [ -71.052171480934391, 42.31902448540972 ], [ -71.052165480196152, 42.318815484690546 ], [ -71.052214479764388, 42.318882484911668 ], [ -71.052569480041697, 42.319363484914589 ], [ -71.052745479917917, 42.319303484173084 ], [ -71.052951478612528, 42.319192484454689 ], [ -71.053059478853086, 42.319123484112488 ], [ -71.053172478272813, 42.319071483630708 ], [ -71.05338447701854, 42.318988483236133 ], [ -71.053511476695192, 42.318958483386005 ], [ -71.053647477114069, 42.318947483130756 ], [ -71.053853475910785, 42.31894248296274 ], [ -71.053914476640699, 42.318948482469487 ], [ -71.054467474863202, 42.318962481868432 ], [ -71.054860474159142, 42.318949481400288 ], [ -71.055157473684261, 42.318929481096433 ], [ -71.055517473171847, 42.318906480724763 ], [ -71.055760472245993, 42.318875480007854 ], [ -71.055953470963146, 42.318834479625444 ], [ -71.056324470695969, 42.3187554792298 ], [ -71.056723469420163, 42.318663479046293 ], [ -71.056725469017721, 42.318490479080829 ], [ -71.057102468630305, 42.31848547864606 ], [ -71.057362467600157, 42.318477477841128 ], [ -71.057617467500904, 42.318503477694364 ], [ -71.058617465660021, 42.318696476486785 ], [ -71.058716465224578, 42.318738476402736 ], [ -71.058789464519805, 42.318664476540405 ], [ -71.058833464871725, 42.318600475712927 ], [ -71.059121463800963, 42.318653475451029 ], [ -71.059270463377928, 42.318695475747333 ], [ -71.059446463231083, 42.318774475341101 ], [ -71.059595463478203, 42.318869474880046 ], [ -71.059743463178734, 42.318997475327741 ], [ -71.060094463551565, 42.31928547472026 ], [ -71.060240462815429, 42.31941847431402 ], [ -71.060845462950553, 42.319911473560282 ], [ -71.061225462337134, 42.320205472615683 ], [ -71.061383462283132, 42.320388473146352 ], [ -71.061480462667262, 42.320500472893031 ], [ -71.061719462318308, 42.320468472000094 ], [ -71.06186446231834, 42.320477472134506 ], [ -71.062130460989749, 42.320557472197137 ], [ -71.062933460878639, 42.320911470793604 ], [ -71.063153459642734, 42.320978470657955 ], [ -71.063331459550497, 42.321014470000108 ], [ -71.06359345955056, 42.32103346979931 ], [ -71.06442845790815, 42.321112469055706 ], [ -71.065382455857034, 42.32123446738666 ], [ -71.06549445504956, 42.321263467036935 ], [ -71.065595455417821, 42.321294466897598 ], [ -71.065755454527007, 42.321374466730177 ], [ -71.065939455006713, 42.321499466490167 ], [ -71.066087455038328, 42.321646466609245 ], [ -71.066475455417375, 42.322093465801125 ], [ -71.066904455679122, 42.322586465700617 ], [ -71.067506455760125, 42.323297464509757 ], [ -71.067340457737259, 42.323911464694021 ] ] ] ] } },
{ "type": "Feature", "properties": { "geoid": "25025100300", "neighborhood": "Dorchester", "sales": 836, "median_price": 310000.0, "investor_share": 0.34330143540669855, "large_inst_share": 0.19377990430622011, "small_med_share": 0.14952153110047847, "flip_rate": 0.16148325358851676, "buy_flip_rate": 0.16148325358851676, "condo_share": 0.18301435406698566, "r23_share": 0.47727272727272729, "hold_score": -2.2216791184885167, "flip_score": 6.3033889795007925, "dominant": "flipping", "policy_fit": "TOPA / anti-flip / stabilization", "r_mhi": 34207.0, "pct_nonwhite": 0.96574792614396576, "pct_black": 0.67032378913567037, "pct_latino": 0.17393631255017394, "percent_owners": 60.6 }, "geometry": { "type": "MultiPolygon", "coordinates": [ [ [ [ -71.08550332009905, 42.280991435944301 ], [ -71.085462320181762, 42.281045435925769 ], [ -71.083817329286234, 42.283238438764371 ], [ -71.083282332415578, 42.283936439161572 ], [ -71.083047333680554, 42.284244439468765 ], [ -71.08279533420739, 42.28453343967832 ], [ -71.082431336205318, 42.284920440977757 ], [ -71.082051338103383, 42.285272441241879 ], [ -71.081223341428384, 42.28600744241168 ], [ -71.080892342695762, 42.286302442703601 ], [ -71.080554343580602, 42.286623443350891 ], [ -71.080370345483999, 42.286781443757611 ], [ -71.080008346328782, 42.287120444037527 ], [ -71.0799903466948, 42.287137444399853 ], [ -71.079861346975875, 42.287260444029918 ], [ -71.079506348568898, 42.287685444556011 ], [ -71.079186351176759, 42.288137445283823 ], [ -71.078912352596504, 42.288577446057332 ], [ -71.078711353190812, 42.288979446407062 ], [ -71.078536354878139, 42.289335446234631 ], [ -71.07827535534733, 42.289411446637565 ], [ -71.078265355690434, 42.289282446957039 ], [ -71.07821635456267, 42.289053447037382 ], [ -71.078057353895531, 42.288553447292557 ], [ -71.077908354044482, 42.288118447173332 ], [ -71.077863353704643, 42.288049447405264 ], [ -71.07781235393503, 42.287990447752442 ], [ -71.077989352179031, 42.287887446868133 ], [ -71.078197351424407, 42.287713446356044 ], [ -71.078081351343002, 42.287438446954908 ], [ -71.07779634999973, 42.286587447270776 ], [ -71.077501348480823, 42.28566444777514 ], [ -71.07725434808458, 42.285000447736984 ], [ -71.077084347450494, 42.284425448211032 ], [ -71.07683034721812, 42.284036447946846 ], [ -71.076630346883462, 42.283775448696019 ], [ -71.076298346712974, 42.28326544881287 ], [ -71.076256345778731, 42.283160449025729 ], [ -71.076244346478191, 42.283061448751113 ], [ -71.076208345222881, 42.28290944908148 ], [ -71.076160344995046, 42.282546449461258 ], [ -71.076101344683792, 42.282201449510886 ], [ -71.076058344066212, 42.281931448966915 ], [ -71.076026343609072, 42.281806448784849 ], [ -71.075954343715196, 42.281652448932171 ], [ -71.075735342420643, 42.281038449481088 ], [ -71.075603342369817, 42.280721450062636 ], [ -71.075466341824736, 42.280333450174574 ], [ -71.07540634070601, 42.280091449856812 ], [ -71.075302340440501, 42.279787450346497 ], [ -71.075252340704253, 42.279680449773217 ], [ -71.076934336115414, 42.279301447951696 ], [ -71.077505334915671, 42.279182447115538 ], [ -71.077959332562116, 42.279050446404639 ], [ -71.078172332288375, 42.278989446045486 ], [ -71.078452331961017, 42.278869445661961 ], [ -71.078637330999086, 42.278753445628951 ], [ -71.078890329556558, 42.278567444649859 ], [ -71.079367328861423, 42.278639444411517 ], [ -71.079895327408494, 42.278731443467173 ], [ -71.079991328298746, 42.278759443680762 ], [ -71.080437327366639, 42.278960442857006 ], [ -71.080475326700878, 42.278985442615266 ], [ -71.080532326641631, 42.279022442563019 ], [ -71.081101327194247, 42.279394441793322 ], [ -71.081573325975128, 42.279725441618282 ], [ -71.082144325817566, 42.280111440797789 ], [ -71.082244325661279, 42.280178440430504 ], [ -71.082569325793159, 42.280342439786018 ], [ -71.082633325740446, 42.28036843987605 ], [ -71.082734325785282, 42.280409439220541 ], [ -71.082812325413158, 42.280430439340194 ], [ -71.083275323938409, 42.280531439168655 ], [ -71.084488322617801, 42.280782436884515 ], [ -71.084889320966568, 42.280866436904482 ], [ -71.085011321878852, 42.280892436309152 ], [ -71.085472320176692, 42.280979435601928 ], [ -71.08550332009905, 42.280991435944301 ] ] ] ] } },
{ "type": "Feature", "properties": { "geoid": "25025100400", "neighborhood": "Dorchester", "sales": 961, "median_price": 349000.0, "investor_share": 0.3007284079084287, "large_inst_share": 0.14568158168574402, "small_med_share": 0.1550468262226847, "flip_rate": 0.12903225806451613, "buy_flip_rate": 0.12903225806451613, "condo_share": 0.22580645161290322, "r23_share": 0.47242455775234132, "hold_score": -2.0145489916893253, "flip_score": 4.0210368753491288, "dominant": "flipping", "policy_fit": "TOPA / anti-flip / stabilization", "r_mhi": 33750.0, "pct_nonwhite": 0.84846093133385947, "pct_black": 0.54242304656669293, "pct_latino": 0.14640883977900551, "percent_owners": 65.8 }, "geometry": { "type": "MultiPolygon", "coordinates": [ [ [ [ -71.078637330999086, 42.278753445628951 ], [ -71.078452331961017, 42.278869445661961 ], [ -71.078172332288375, 42.278989446045486 ], [ -71.077959332562116, 42.279050446404639 ], [ -71.077505334915671, 42.279182447115538 ], [ -71.076934336115414, 42.279301447951696 ], [ -71.075252340704253, 42.279680449773217 ], [ -71.075302340440501, 42.279787450346497 ], [ -71.07540634070601, 42.280091449856812 ], [ -71.075466341824736, 42.280333450174574 ], [ -71.075603342369817, 42.280721450062636 ], [ -71.075735342420643, 42.281038449481088 ], [ -71.075954343715196, 42.281652448932171 ], [ -71.076026343609072, 42.281806448784849 ], [ -71.076058344066212, 42.281931448966915 ], [ -71.076101344683792, 42.282201449510886 ], [ -71.076160344995046, 42.282546449461258 ], [ -71.076208345222881, 42.28290944908148 ], [ -71.076244346478191, 42.283061448751113 ], [ -71.076256345778731, 42.283160449025729 ], [ -71.076298346712974, 42.28326544881287 ], [ -71.076630346883462, 42.283775448696019 ], [ -71.076460346589542, 42.283833449130178 ], [ -71.075923348501135, 42.283940449510055 ], [ -71.072912356291894, 42.284566454101018 ], [ -71.072643357736794, 42.284617453776541 ], [ -71.072475358341833, 42.284634454120344 ], [ -71.072269358307651, 42.284631454771933 ], [ -71.07201335915056, 42.284589454937034 ], [ -71.071540360134918, 42.284497455719034 ], [ -71.071522359472269, 42.284560455802627 ], [ -71.071301361547867, 42.28506545567506 ], [ -71.07124436193412, 42.285165455854759 ], [ -71.071176362164564, 42.285348456293221 ], [ -71.070020364770599, 42.285288458236522 ], [ -71.06926036674389, 42.285248459136994 ], [ -71.068757367974399, 42.285229459620908 ], [ -71.068098369572908, 42.285227460923601 ], [ -71.066695371878936, 42.285130462489455 ], [ -71.066335372687206, 42.285154463337456 ], [ -71.066100373049707, 42.28519546379799 ], [ -71.065803373839657, 42.28526946336234 ], [ -71.065492375393859, 42.285368463794612 ], [ -71.06485137759374, 42.285555464995809 ], [ -71.064302379101349, 42.285699466332957 ], [ -71.064421378062562, 42.285283465504158 ], [ -71.064561375573263, 42.284780465753137 ], [ -71.064713374981977, 42.284276465099332 ], [ -71.064786373738471, 42.28399946491291 ], [ -71.064871372976384, 42.283699465013264 ], [ -71.065054370771747, 42.283027464601012 ], [ -71.065065371026648, 42.283003464501164 ], [ -71.065278368803646, 42.28223546426031 ], [ -71.065321368620701, 42.282054463988338 ], [ -71.065365367909664, 42.281901464256293 ], [ -71.065439367197868, 42.281644464001332 ], [ -71.065660364498555, 42.28087546318163 ], [ -71.065805363153217, 42.280341463135116 ], [ -71.065919361792027, 42.279928462911613 ], [ -71.066385360767399, 42.279803462140286 ], [ -71.067236358613968, 42.279561461508955 ], [ -71.067849357026446, 42.279374460561968 ], [ -71.068141355702082, 42.279274460430472 ], [ -71.068575353856502, 42.279131459454121 ], [ -71.068631353920594, 42.279113459230892 ], [ -71.068724353828713, 42.279082458807842 ], [ -71.069500351831309, 42.278813457752698 ], [ -71.069571351293817, 42.278789457816011 ], [ -71.069785351246324, 42.278718457230774 ], [ -71.070216349501322, 42.27857245702247 ], [ -71.070566348483425, 42.278454456296423 ], [ -71.071014346799387, 42.278314455947985 ], [ -71.07167534516897, 42.278184454590686 ], [ -71.072222343827107, 42.278110454399446 ], [ -71.072773342167849, 42.278073453716672 ], [ -71.073165341106346, 42.278050452896544 ], [ -71.073701340280195, 42.278068452007069 ], [ -71.074525338134137, 42.27811145093704 ], [ -71.074727337926774, 42.27813345045908 ], [ -71.075723336319086, 42.278247449609637 ], [ -71.075778335828701, 42.278250449030999 ], [ -71.076315335131454, 42.278299448829991 ], [ -71.076628334280727, 42.278329448317642 ], [ -71.077999332191254, 42.27848444564993 ], [ -71.078890329556558, 42.278567444649859 ], [ -71.078637330999086, 42.278753445628951 ] ] ] ] } },
{ "type": "Feature", "properties": { "geoid": "25025100800", "neighborhood": "Dorchester", "sales": 1806, "median_price": 358375.0, "investor_share": 0.16112956810631229, "large_inst_share": 0.063676633444075301, "small_med_share": 0.097452934662236992, "flip_rate": 0.076411960132890366, "buy_flip_rate": 0.076411960132890366, "condo_share": 0.47231450719822815, "r23_share": 0.1849390919158361, "hold_score": -0.29939333299052373, "flip_score": -1.2685975568958558, "dominant": "holding", "policy_fit": "Transfer fee on high-value sales", "r_mhi": 45718.0, "pct_nonwhite": 0.46658608185114836, "pct_black": 0.18131583491624936, "pct_latino": 0.08599551027456398, "percent_owners": 65.2 }, "geometry": { "type": "MultiPolygon", "coordinates": [ [ [ [ -71.053507384934747, 42.277726480812596 ], [ -71.053694384955079, 42.277633480055513 ], [ -71.053846384914678, 42.27762547965542 ], [ -71.053961383502326, 42.277597480065154 ], [ -71.054252382923423, 42.277417479451053 ], [ -71.054481382569207, 42.277257479296587 ], [ -71.054925379869346, 42.276816478023953 ], [ -71.055040378939026, 42.276682477988068 ], [ -71.055168378898728, 42.276426478133317 ], [ -71.055210911844469, 42.276370291717406 ], [ -71.055244377819477, 42.276343477797013 ], [ -71.055259863546581, 42.276314668514637 ], [ -71.055382378035134, 42.276258477393554 ], [ -71.05555937690653, 42.276217477110627 ], [ -71.055625376983272, 42.276161477647015 ], [ -71.055617377066582, 42.276124477422783 ], [ -71.055462377463087, 42.27603147757241 ], [ -71.05544759014353, 42.275965427894043 ], [ -71.055466377419705, 42.275930477761882 ], [ -71.055584375774274, 42.275709477749871 ], [ -71.055581804097386, 42.275540491070522 ], [ -71.05573237502982, 42.275271477489184 ], [ -71.055898372614777, 42.274652476901267 ], [ -71.055911372018528, 42.274141477035144 ], [ -71.05608637139089, 42.27410847644672 ], [ -71.05626837112726, 42.27426247653456 ], [ -71.056393371307124, 42.274444476375059 ], [ -71.056491371701298, 42.274495476262267 ], [ -71.056543371049415, 42.274452475762132 ], [ -71.056594370393185, 42.274357475966397 ], [ -71.05660237072702, 42.274245475375707 ], [ -71.056201370676803, 42.274092476614385 ], [ -71.055982371348293, 42.274062476731956 ], [ -71.054893372609271, 42.273193478549473 ], [ -71.054442371880697, 42.272868478754546 ], [ -71.054404372135295, 42.272834478933213 ], [ -71.054403372550539, 42.272806479107004 ], [ -71.054443372008819, 42.272783478338766 ], [ -71.054498371896784, 42.272796478684235 ], [ -71.054791371864425, 42.272889478195232 ], [ -71.055098371432891, 42.272938478243717 ], [ -71.055561370319367, 42.272961476969193 ], [ -71.05614636897765, 42.272906476257177 ], [ -71.056362367830317, 42.272834475687745 ], [ -71.056671366845208, 42.272689475700091 ], [ -71.05677836648232, 42.272678475342424 ], [ -71.056994366525473, 42.27271047525322 ], [ -71.057410364804824, 42.272712474693847 ], [ -71.057533365549489, 42.272750474157853 ], [ -71.057764365303996, 42.272877474049785 ], [ -71.057856364311831, 42.272897473733387 ], [ -71.058041364568098, 42.272899473880372 ], [ -71.058180364454344, 42.272842473489419 ], [ -71.058087363686084, 42.272772473469082 ], [ -71.057887364339507, 42.272748474297181 ], [ -71.057687364365833, 42.272680474072992 ], [ -71.057564365059037, 42.272601473899613 ], [ -71.057396364863905, 42.272532474607047 ], [ -71.056687366329299, 42.272459475683767 ], [ -71.05639436695553, 42.272482475667886 ], [ -71.056344367774486, 42.272506475652825 ], [ -71.056178368130361, 42.272572476136638 ], [ -71.055885368711103, 42.272744476539394 ], [ -71.055731369189061, 42.27277847723672 ], [ -71.055557369162102, 42.272790476982472 ], [ -71.055392370248001, 42.272775477778758 ], [ -71.05520737027102, 42.272720477689205 ], [ -71.055054370698755, 42.27261547753929 ], [ -71.054884370566157, 42.272546478520717 ], [ -71.054700371119651, 42.272508478382498 ], [ -71.054530371715217, 42.272489478296471 ], [ -71.054455371741568, 42.272432478920514 ], [ -71.05439237125718, 42.272388478755552 ], [ -71.054362371600163, 42.272330478945605 ], [ -71.054362370544695, 42.272235478526909 ], [ -71.054393370840629, 42.272190478973314 ], [ -71.054439371162928, 42.272135478452896 ], [ -71.054594370251067, 42.272033478656702 ], [ -71.054927369010159, 42.271995477958313 ], [ -71.055072368798307, 42.27196647800433 ], [ -71.055195368288793, 42.271910478008536 ], [ -71.055241367780738, 42.271841477386801 ], [ -71.05548836740391, 42.271796477135332 ], [ -71.055566366821878, 42.271714477311747 ], [ -71.055812366903154, 42.271660476628675 ], [ -71.055889366602997, 42.271577476980738 ], [ -71.056321364626299, 42.271543475935481 ], [ -71.056477364975692, 42.271391476206901 ], [ -71.056599364029339, 42.271272475449791 ], [ -71.056785362942392, 42.271134475612818 ], [ -71.057016362740882, 42.2710304753437 ], [ -71.057255361241545, 42.270990474968414 ], [ -71.057447361487718, 42.270951474267839 ], [ -71.057494361059099, 42.270918474480702 ], [ -71.057510360790786, 42.27080547461798 ], [ -71.057587360505465, 42.270700473921011 ], [ -71.057757360060478, 42.270634474193429 ], [ -71.05806135887218, 42.270386473156549 ], [ -71.058174358205434, 42.270294473230727 ], [ -71.058190358408453, 42.270167473487021 ], [ -71.058298356905311, 42.270111472802498 ], [ -71.05837535750544, 42.270020473154673 ], [ -71.058560356776283, 42.269904472808228 ], [ -71.058684355471684, 42.269731472570982 ], [ -71.058824354577368, 42.269458472572879 ], [ -71.058916354277287, 42.269402471987704 ], [ -71.059009353756963, 42.269392471874454 ], [ -71.059240354230397, 42.269459471532123 ], [ -71.059916352926578, 42.269826470561625 ], [ -71.06042435188904, 42.269920470027607 ], [ -71.060516351494755, 42.26990947002772 ], [ -71.060532351551544, 42.269828470266589 ], [ -71.060440352195371, 42.269735470381328 ], [ -71.060317351628086, 42.269620469806874 ], [ -71.059734351859774, 42.269198470554393 ], [ -71.059734351747267, 42.269153471386986 ], [ -71.059765351463327, 42.269130471187331 ], [ -71.059857352107784, 42.269129470536093 ], [ -71.060042351977216, 42.269152470773108 ], [ -71.060212350805273, 42.269064470202125 ], [ -71.060489350537011, 42.269041469541563 ], [ -71.060721349535925, 42.268847469118519 ], [ -71.061075348326369, 42.268814469129119 ], [ -71.061213348729694, 42.268879469109649 ], [ -71.061321348477875, 42.268882469038751 ], [ -71.061522347388717, 42.268802467994227 ], [ -71.061645346500029, 42.26870046799344 ], [ -71.061661346534521, 42.268583468368618 ], [ -71.06164634599179, 42.268552468465586 ], [ -71.061323346738902, 42.268310469020193 ], [ -71.0613243466575, 42.268206468412508 ], [ -71.061401346367063, 42.26812846896501 ], [ -71.061678345696947, 42.26806946845138 ], [ -71.061863344276063, 42.267967467965427 ], [ -71.06209634384777, 42.267787467452699 ], [ -71.062296343189658, 42.267684467387369 ], [ -71.062357342458711, 42.267683467260966 ], [ -71.062496342307043, 42.267766466673827 ], [ -71.062788342803259, 42.267856466594637 ], [ -71.062988341875524, 42.267983465986632 ], [ -71.062987341843751, 42.268073465921219 ], [ -71.062848343424974, 42.26826946610057 ], [ -71.062848343233256, 42.268372466672332 ], [ -71.062971343535224, 42.268487466355573 ], [ -71.062955343226861, 42.268600466089268 ], [ -71.063016343374585, 42.268644466576887 ], [ -71.063170342881918, 42.268682466319547 ], [ -71.063354343542315, 42.26885046542408 ], [ -71.063616342624968, 42.268854465250918 ], [ -71.064278341390178, 42.268910464296511 ], [ -71.064386340688429, 42.268957464757705 ], [ -71.064601341266879, 42.269106464058275 ], [ -71.064647340469733, 42.269151463776709 ], [ -71.064647340789207, 42.269245463950931 ], [ -71.064476341690579, 42.269415464546285 ], [ -71.06452234224605, 42.269599464535766 ], [ -71.064505343587186, 42.269964464721909 ], [ -71.064459343553381, 42.270009464147769 ], [ -71.064259343403208, 42.269973465036173 ], [ -71.064212343833717, 42.270032464848995 ], [ -71.064227343917821, 42.270122465122434 ], [ -71.064289344364127, 42.270179464638268 ], [ -71.064303344864285, 42.270282464241859 ], [ -71.064442343961261, 42.27038846406716 ], [ -71.064441344405395, 42.270559464583869 ], [ -71.064503345105777, 42.27060346444599 ], [ -71.064690344166166, 42.270639464276627 ], [ -71.064734344406077, 42.270648463898041 ], [ -71.064964343313164, 42.270730463509985 ], [ -71.065118343274847, 42.27081346334321 ], [ -71.065168343082277, 42.270852463025186 ], [ -71.065252571561544, 42.270809691300329 ], [ -71.065283343026664, 42.270840463188279 ], [ -71.065457343542221, 42.271007463042331 ], [ -71.065768342727125, 42.271201463032234 ], [ -71.066035342410402, 42.271268462563043 ], [ -71.066413341678555, 42.271320461782672 ], [ -71.06695434066836, 42.271404460754127 ], [ -71.067280339855827, 42.271450460422827 ], [ -71.067521339702679, 42.271505460103889 ], [ -71.067703339107766, 42.271490459924607 ], [ -71.067779338929626, 42.271421460070812 ], [ -71.067814338627898, 42.271396459678066 ], [ -71.067832338593362, 42.271369459669835 ], [ -71.067953338629252, 42.271169459688579 ], [ -71.067972338091877, 42.271149459699465 ], [ -71.068139336966169, 42.271000459297646 ], [ -71.068166337274391, 42.271084459467019 ], [ -71.068172337518121, 42.271118459593779 ], [ -71.068189338059511, 42.271217459090643 ], [ -71.068177338072147, 42.271343459617235 ], [ -71.068092338717548, 42.271559459473906 ], [ -71.068020339797201, 42.271775459526125 ], [ -71.06798933942369, 42.271947459964501 ], [ -71.06798833956978, 42.272115459701773 ], [ -71.068017340808453, 42.272216459795153 ], [ -71.068022340300331, 42.272283459593751 ], [ -71.067997340834225, 42.272459459234256 ], [ -71.067875342032238, 42.272958459815726 ], [ -71.067795343621952, 42.273257460337867 ], [ -71.067711344510812, 42.273549460260433 ], [ -71.067620344813676, 42.273897459817292 ], [ -71.067437346802649, 42.27457646071673 ], [ -71.067308348646236, 42.275054460638287 ], [ -71.067188349489271, 42.275504460550415 ], [ -71.066976352181385, 42.276254461045859 ], [ -71.066818353745688, 42.2767884616391 ], [ -71.066605355803688, 42.277529461664948 ], [ -71.066502356307694, 42.277904461821628 ], [ -71.066229359154889, 42.27883246304674 ], [ -71.066046360399227, 42.279518462845004 ], [ -71.065919361792027, 42.279928462911613 ], [ -71.065805363153217, 42.280341463135116 ], [ -71.065660364498555, 42.28087546318163 ], [ -71.065439367197868, 42.281644464001332 ], [ -71.065365367909664, 42.281901464256293 ], [ -71.065321368620701, 42.282054463988338 ], [ -71.065278368803646, 42.28223546426031 ], [ -71.065065371026648, 42.283003464501164 ], [ -71.065054370771747, 42.283027464601012 ], [ -71.064871372976384, 42.283699465013264 ], [ -71.064786373738471, 42.28399946491291 ], [ -71.064713374981977, 42.284276465099332 ], [ -71.064561375573263, 42.284780465753137 ], [ -71.064421378062562, 42.285283465504158 ], [ -71.064302379101349, 42.285699466332957 ], [ -71.064251379250194, 42.285869465568744 ], [ -71.064178379851924, 42.286168466058761 ], [ -71.064136380591549, 42.286276466608093 ], [ -71.06412438112271, 42.286345466320348 ], [ -71.063964382272601, 42.28693446668597 ], [ -71.063795383607371, 42.287492466653966 ], [ -71.063646383781233, 42.287496467320999 ], [ -71.06341438462195, 42.28754446726041 ], [ -71.06286538581584, 42.287687467811708 ], [ -71.06211838896057, 42.287863469259669 ], [ -71.061446390323894, 42.288057470077995 ], [ -71.060488393689425, 42.288294471298691 ], [ -71.060365393142476, 42.28831247144528 ], [ -71.060281393034131, 42.288310471893723 ], [ -71.060164393243539, 42.288277471857448 ], [ -71.060008394346482, 42.288268472145141 ], [ -71.05976739433315, 42.28828847222902 ], [ -71.059071396721734, 42.288368473379691 ], [ -71.058623397840677, 42.288442473652204 ], [ -71.057862399413608, 42.288634474929196 ], [ -71.057363400874365, 42.288782476230217 ], [ -71.056842402184202, 42.288909476468071 ], [ -71.056579403732954, 42.288962476616966 ], [ -71.055994404728139, 42.289093478185713 ], [ -71.055702406182533, 42.289158477872348 ], [ -71.055591405272565, 42.288844478144725 ], [ -71.055458404287563, 42.288442478476576 ], [ -71.055346404422622, 42.28824247832415 ], [ -71.055099403946855, 42.287933478707636 ], [ -71.054876403871276, 42.287667479106638 ], [ -71.054724404722336, 42.287446479512582 ], [ -71.054653404015639, 42.287335479532103 ], [ -71.054536404098357, 42.287113480016572 ], [ -71.054509403987851, 42.286859479563013 ], [ -71.054509402975313, 42.286800479899334 ], [ -71.054527402968347, 42.286672479549942 ], [ -71.054546402319957, 42.286615479290226 ], [ -71.054684401188581, 42.286267479212135 ], [ -71.054775401252968, 42.286007479011076 ], [ -71.054962399604236, 42.285575479102832 ], [ -71.055008398891701, 42.285426478538575 ], [ -71.05514739765816, 42.285068478425366 ], [ -71.055210397310816, 42.284914478464572 ], [ -71.055426395157752, 42.284355478619091 ], [ -71.055663393408764, 42.283605477876272 ], [ -71.055786392285142, 42.28320547790301 ], [ -71.055868391986806, 42.283096477114782 ], [ -71.056000391440634, 42.282921477236108 ], [ -71.056153390187291, 42.282812476864564 ], [ -71.056535388705356, 42.282583476318337 ], [ -71.056630389580491, 42.282575476382021 ], [ -71.056971388097168, 42.282509475797816 ], [ -71.057274387922917, 42.282449475088193 ], [ -71.057789385484995, 42.282309474636378 ], [ -71.057962385111324, 42.282259474706436 ], [ -71.058461384527803, 42.282128473975952 ], [ -71.058600383752335, 42.282087473327984 ], [ -71.05890338304313, 42.281998473098007 ], [ -71.058931382728204, 42.281991472668665 ], [ -71.058873383090145, 42.281928473539807 ], [ -71.058857382588343, 42.28182247319544 ], [ -71.058883382482676, 42.281666473582973 ], [ -71.058830381651916, 42.281275472776983 ], [ -71.058804381151646, 42.28108247351971 ], [ -71.058777380191785, 42.280876473597836 ], [ -71.058761379783746, 42.280640473610895 ], [ -71.05852737902346, 42.280061473309971 ], [ -71.058457379820965, 42.280064473351707 ], [ -71.05751938205286, 42.280135475162282 ], [ -71.057099382710817, 42.280163475270399 ], [ -71.056556383665267, 42.280200476736141 ], [ -71.055841386134063, 42.280255476941591 ], [ -71.055182386683299, 42.280289478293632 ], [ -71.05469338825408, 42.280340478982495 ], [ -71.05427138712659, 42.279224479262616 ], [ -71.054155386800446, 42.278941479879862 ], [ -71.0539923857894, 42.278487480151618 ], [ -71.053864384966971, 42.278200479695656 ], [ -71.053766385898072, 42.278029480312924 ], [ -71.053747385803391, 42.277996480522006 ], [ -71.053705385025467, 42.277946480037691 ], [ -71.053623384924137, 42.277850480554832 ], [ -71.053507384934747, 42.277726480812596 ] ] ] ] } },
{ "type": "Feature", "properties": { "geoid": "25025101002", "neighborhood": "Mattapan", "sales": 678, "median_price": 296950.0, "investor_share": 0.29056047197640117, "large_inst_share": 0.16371681415929204, "small_med_share": 0.12684365781710916, "flip_rate": 0.13716814159292035, "buy_flip_rate": 0.13716814159292035, "condo_share": 0.039823008849557522, "r23_share": 0.46755162241887904, "hold_score": -2.2467887713573331, "flip_score": 4.5586595795751128, "dominant": "flipping", "policy_fit": "TOPA / anti-flip / stabilization", "r_mhi": 44344.0, "pct_nonwhite": 0.96586134453781514, "pct_black": 0.67436974789915971, "pct_latino": 0.2109593837535014, "percent_owners": 67.5 }, "geometry": { "type": "MultiPolygon", "coordinates": [ [ [ [ -71.093905270216439, 42.267204422162749 ], [ -71.093902270995599, 42.267289422058639 ], [ -71.093897270687563, 42.267398422439733 ], [ -71.093880272176065, 42.267634422582582 ], [ -71.093870273257423, 42.26815042278794 ], [ -71.093842273654019, 42.268680422981319 ], [ -71.093776277554824, 42.270125423326554 ], [ -71.093751279726263, 42.271197423164971 ], [ -71.093734281327329, 42.271695422759038 ], [ -71.093703283653326, 42.272602423738348 ], [ -71.093694283435966, 42.272877423409277 ], [ -71.093516285013521, 42.273031423898935 ], [ -71.093278285108141, 42.273238424251808 ], [ -71.092704288177657, 42.273785424785835 ], [ -71.092091290732782, 42.274398425769867 ], [ -71.089877299969245, 42.276474429334627 ], [ -71.089116303412695, 42.277186429913328 ], [ -71.08877630580254, 42.277513430396596 ], [ -71.088186307930386, 42.27808343199618 ], [ -71.087542310905988, 42.278716432676994 ], [ -71.086925313428509, 42.279344433756215 ], [ -71.086319315961475, 42.279948434767654 ], [ -71.086090317218833, 42.280216434620506 ], [ -71.085840318606301, 42.280534435034959 ], [ -71.08550332009905, 42.280991435944301 ], [ -71.085472320176692, 42.280979435601928 ], [ -71.085011321878852, 42.280892436309152 ], [ -71.084889320966568, 42.280866436904482 ], [ -71.084488322617801, 42.280782436884515 ], [ -71.083275323938409, 42.280531439168655 ], [ -71.082812325413158, 42.280430439340194 ], [ -71.082734325785282, 42.280409439220541 ], [ -71.082633325740446, 42.28036843987605 ], [ -71.082569325793159, 42.280342439786018 ], [ -71.082244325661279, 42.280178440430504 ], [ -71.082144325817566, 42.280111440797789 ], [ -71.081573325975128, 42.279725441618282 ], [ -71.081101327194247, 42.279394441793322 ], [ -71.080532326641631, 42.279022442563019 ], [ -71.080475326700878, 42.278985442615266 ], [ -71.080437327366639, 42.278960442857006 ], [ -71.079821327606098, 42.278585443262756 ], [ -71.079612327420477, 42.278448443778579 ], [ -71.078657329340842, 42.277857444652639 ], [ -71.078292329440018, 42.277695445296473 ], [ -71.077596330563964, 42.277380446878837 ], [ -71.077250330123718, 42.277217447160595 ], [ -71.077804328234961, 42.276510446127823 ], [ -71.078151326406172, 42.276083445454624 ], [ -71.07830932562905, 42.275882445290172 ], [ -71.07844632483534, 42.275740444992117 ], [ -71.078329324322226, 42.275517444877238 ], [ -71.07825032364218, 42.275347445553841 ], [ -71.078162323853647, 42.275160445072885 ], [ -71.077921322873408, 42.274561445637751 ], [ -71.077885322802487, 42.274471445781636 ], [ -71.077780322786339, 42.27416444559497 ], [ -71.077614322368404, 42.273782446159963 ], [ -71.078206320204742, 42.273658444966657 ], [ -71.079002317846928, 42.27340944451965 ], [ -71.078919317827385, 42.273195443790371 ], [ -71.078791317040157, 42.272951444587939 ], [ -71.078702317999841, 42.272813444408683 ], [ -71.07858431698493, 42.272586444282148 ], [ -71.078500316664673, 42.272278444898852 ], [ -71.078503315192222, 42.271708444277593 ], [ -71.078614315534494, 42.271693444513772 ], [ -71.078878314327383, 42.271632444424313 ], [ -71.079239313507557, 42.271540444056754 ], [ -71.079466312742724, 42.271503443412684 ], [ -71.079710311661245, 42.271464442809389 ], [ -71.080158311501975, 42.27140844231981 ], [ -71.080562310283767, 42.271386441565085 ], [ -71.080974309452856, 42.271355441201528 ], [ -71.081421308196795, 42.27133344029626 ], [ -71.081844306972073, 42.271323439611699 ], [ -71.082207306160896, 42.271320439652072 ], [ -71.082519305482592, 42.271326439056722 ], [ -71.082923304222987, 42.271334438095792 ], [ -71.083364303082021, 42.271288438106801 ], [ -71.083752303087181, 42.271248437626504 ], [ -71.084563300796503, 42.271096435794071 ], [ -71.085180298633773, 42.270985435518867 ], [ -71.08539529784197, 42.270940434644409 ], [ -71.085874297111943, 42.27082243415726 ], [ -71.087626291560596, 42.270244431222729 ], [ -71.087883290895618, 42.270183431259852 ], [ -71.088181289871002, 42.270132430640942 ], [ -71.088416289752914, 42.270118430319663 ], [ -71.088659288488785, 42.270113429704118 ], [ -71.088915287834155, 42.270145429944463 ], [ -71.089226287218864, 42.270167429411096 ], [ -71.089330288059259, 42.270172428781613 ], [ -71.089524287269526, 42.270163428477545 ], [ -71.089753286154505, 42.270112428423822 ], [ -71.089822286646537, 42.270081428780948 ], [ -71.090072285516015, 42.269948428492235 ], [ -71.089402286081352, 42.269690429216894 ], [ -71.089503285942655, 42.269669428580229 ], [ -71.089819285364271, 42.269539428577254 ], [ -71.090037283613327, 42.269322428103536 ], [ -71.090190282604297, 42.26907642789849 ], [ -71.09021028261094, 42.268985427893782 ], [ -71.090152282288074, 42.268829427556696 ], [ -71.08996628205125, 42.26841642822054 ], [ -71.089913281872001, 42.268239427942255 ], [ -71.089856281974718, 42.26805342829838 ], [ -71.08985628102684, 42.267958427994508 ], [ -71.089856281112176, 42.267946427814586 ], [ -71.089858280712392, 42.267776428345506 ], [ -71.089871281509289, 42.267745427700611 ], [ -71.089987280348581, 42.26747342800914 ], [ -71.090035279671653, 42.267158428206834 ], [ -71.090158277648044, 42.266839427595599 ], [ -71.090237277329493, 42.266672427084522 ], [ -71.09025727727537, 42.266639427466465 ], [ -71.090495277215311, 42.266552426888026 ], [ -71.090816276034019, 42.266480427074029 ], [ -71.091022275769348, 42.266508426390459 ], [ -71.091322275273114, 42.26659542552482 ], [ -71.091801273656841, 42.266679425490459 ], [ -71.092299272681998, 42.266732424918217 ], [ -71.092625272850469, 42.266729423765696 ], [ -71.092941271944142, 42.266846424073542 ], [ -71.093128271789581, 42.267001423288271 ], [ -71.093409271287371, 42.26708242293698 ], [ -71.093500271774033, 42.267095423076562 ], [ -71.093735271421849, 42.267136422406857 ], [ -71.09390727062349, 42.267140421974887 ], [ -71.093905270216439, 42.267204422162749 ] ] ] ] } },
{ "type": "Feature", "properties": { "geoid": "25025100900", "neighborhood": "Mattapan", "sales": 1098, "median_price": 325500.0, "investor_share": 0.26593806921675772, "large_inst_share": 0.13023679417122039, "small_med_share": 0.13570127504553733, "flip_rate": 0.13296903460837886, "buy_flip_rate": 0.13752276867030966, "condo_share": 0.28324225865209474, "r23_share": 0.24225865209471767, "hold_score": -0.91112807667144546, "flip_score": 3.1439413427736174, "dominant": "flipping", "policy_fit": "TOPA / anti-flip / stabilization", "r_mhi": 87750.0, "pct_nonwhite": 0.76060752169720347, "pct_black": 0.50361620057859213, "pct_latino": 0.10221793635486982, "percent_owners": 62.4 }, "geometry": { "type": "MultiPolygon", "coordinates": [ [ [ [ -71.089822286646537, 42.270081428780948 ], [ -71.089753286154505, 42.270112428423822 ], [ -71.089524287269526, 42.270163428477545 ], [ -71.089330288059259, 42.270172428781613 ], [ -71.089226287218864, 42.270167429411096 ], [ -71.088915287834155, 42.270145429944463 ], [ -71.088659288488785, 42.270113429704118 ], [ -71.088416289752914, 42.270118430319663 ], [ -71.088181289871002, 42.270132430640942 ], [ -71.087883290895618, 42.270183431259852 ], [ -71.087626291560596, 42.270244431222729 ], [ -71.085874297111943, 42.27082243415726 ], [ -71.08539529784197, 42.270940434644409 ], [ -71.085180298633773, 42.270985435518867 ], [ -71.084563300796503, 42.271096435794071 ], [ -71.083752303087181, 42.271248437626504 ], [ -71.083364303082021, 42.271288438106801 ], [ -71.082923304222987, 42.271334438095792 ], [ -71.082519305482592, 42.271326439056722 ], [ -71.082207306160896, 42.271320439652072 ], [ -71.081844306972073, 42.271323439611699 ], [ -71.081421308196795, 42.27133344029626 ], [ -71.080974309452856, 42.271355441201528 ], [ -71.080562310283767, 42.271386441565085 ], [ -71.080158311501975, 42.27140844231981 ], [ -71.079710311661245, 42.271464442809389 ], [ -71.079466312742724, 42.271503443412684 ], [ -71.079239313507557, 42.271540444056754 ], [ -71.078878314327383, 42.271632444424313 ], [ -71.078614315534494, 42.271693444513772 ], [ -71.078503315192222, 42.271708444277593 ], [ -71.078500316664673, 42.272278444898852 ], [ -71.07858431698493, 42.272586444282148 ], [ -71.078702317999841, 42.272813444408683 ], [ -71.078791317040157, 42.272951444587939 ], [ -71.078919317827385, 42.273195443790371 ], [ -71.079002317846928, 42.27340944451965 ], [ -71.078206320204742, 42.273658444966657 ], [ -71.077614322368404, 42.273782446159963 ], [ -71.077780322786339, 42.27416444559497 ], [ -71.077885322802487, 42.274471445781636 ], [ -71.077921322873408, 42.274561445637751 ], [ -71.078162323853647, 42.275160445072885 ], [ -71.07825032364218, 42.275347445553841 ], [ -71.078329324322226, 42.275517444877238 ], [ -71.07844632483534, 42.275740444992117 ], [ -71.07830932562905, 42.275882445290172 ], [ -71.078151326406172, 42.276083445454624 ], [ -71.077804328234961, 42.276510446127823 ], [ -71.077250330123718, 42.277217447160595 ], [ -71.077596330563964, 42.277380446878837 ], [ -71.078292329440018, 42.277695445296473 ], [ -71.078657329340842, 42.277857444652639 ], [ -71.079612327420477, 42.278448443778579 ], [ -71.079821327606098, 42.278585443262756 ], [ -71.080437327366639, 42.278960442857006 ], [ -71.079991328298746, 42.278759443680762 ], [ -71.079895327408494, 42.278731443467173 ], [ -71.079367328861423, 42.278639444411517 ], [ -71.078890329556558, 42.278567444649859 ], [ -71.077999332191254, 42.27848444564993 ], [ -71.076628334280727, 42.278329448317642 ], [ -71.076315335131454, 42.278299448829991 ], [ -71.075778335828701, 42.278250449030999 ], [ -71.075723336319086, 42.278247449609637 ], [ -71.074727337926774, 42.27813345045908 ], [ -71.074525338134137, 42.27811145093704 ], [ -71.073701340280195, 42.278068452007069 ], [ -71.073165341106346, 42.278050452896544 ], [ -71.072773342167849, 42.278073453716672 ], [ -71.072222343827107, 42.278110454399446 ], [ -71.07167534516897, 42.278184454590686 ], [ -71.071014346799387, 42.278314455947985 ], [ -71.070566348483425, 42.278454456296423 ], [ -71.070216349501322, 42.27857245702247 ], [ -71.069785351246324, 42.278718457230774 ], [ -71.069571351293817, 42.278789457816011 ], [ -71.069500351831309, 42.278813457752698 ], [ -71.068724353828713, 42.279082458807842 ], [ -71.068631353920594, 42.279113459230892 ], [ -71.068575353856502, 42.279131459454121 ], [ -71.068141355702082, 42.279274460430472 ], [ -71.067849357026446, 42.279374460561968 ], [ -71.067236358613968, 42.279561461508955 ], [ -71.066385360767399, 42.279803462140286 ], [ -71.065919361792027, 42.279928462911613 ], [ -71.066046360399227, 42.279518462845004 ], [ -71.066229359154889, 42.27883246304674 ], [ -71.066502356307694, 42.277904461821628 ], [ -71.066605355803688, 42.277529461664948 ], [ -71.066818353745688, 42.2767884616391 ], [ -71.066976352181385, 42.276254461045859 ], [ -71.067188349489271, 42.275504460550415 ], [ -71.067308348646236, 42.275054460638287 ], [ -71.067437346802649, 42.27457646071673 ], [ -71.067620344813676, 42.273897459817292 ], [ -71.067711344510812, 42.273549460260433 ], [ -71.067795343621952, 42.273257460337867 ], [ -71.067875342032238, 42.272958459815726 ], [ -71.067997340834225, 42.272459459234256 ], [ -71.068022340300331, 42.272283459593751 ], [ -71.068017340808453, 42.272216459795153 ], [ -71.06798833956978, 42.272115459701773 ], [ -71.06798933942369, 42.271947459964501 ], [ -71.068020339797201, 42.271775459526125 ], [ -71.068092338717548, 42.271559459473906 ], [ -71.068177338072147, 42.271343459617235 ], [ -71.068189338059511, 42.271217459090643 ], [ -71.068172337518121, 42.271118459593779 ], [ -71.068166337274391, 42.271084459467019 ], [ -71.068139336966169, 42.271000459297646 ], [ -71.068374336769452, 42.270827458984634 ], [ -71.068413336789334, 42.270806459095219 ], [ -71.068501336418208, 42.27077545896848 ], [ -71.068692335515721, 42.270732458179651 ], [ -71.068777335295096, 42.270710458649951 ], [ -71.068844335255349, 42.270696458256047 ], [ -71.069010334189315, 42.270662458012723 ], [ -71.069252334159671, 42.270649457663474 ], [ -71.069301333519789, 42.27064445740104 ], [ -71.069459333647004, 42.270632457027411 ], [ -71.069709332441633, 42.270611456756363 ], [ -71.069783332736947, 42.270605456950392 ], [ -71.070414331839444, 42.270613455834216 ], [ -71.070607331196271, 42.270630455778694 ], [ -71.070930330833107, 42.270709455332756 ], [ -71.071026329810877, 42.270729454908285 ], [ -71.071049330405884, 42.270737455382147 ], [ -71.071204329753826, 42.270803454769073 ], [ -71.071345329216996, 42.270837454333289 ], [ -71.071679329251566, 42.270855453831651 ], [ -71.072043327718774, 42.270817453402955 ], [ -71.072430327262211, 42.270687453175711 ], [ -71.072713325545308, 42.27052845315292 ], [ -71.072897325047109, 42.270382452190361 ], [ -71.072985324470551, 42.270340452290419 ], [ -71.073041325165406, 42.270331452086189 ], [ -71.073130324418344, 42.270325451847427 ], [ -71.073208323855738, 42.27031645226991 ], [ -71.073225323712393, 42.270314451918573 ], [ -71.073263323776715, 42.270317451545786 ], [ -71.073294324122159, 42.270310451566907 ], [ -71.073589323726935, 42.270293451595961 ], [ -71.073709322796631, 42.270286451383136 ], [ -71.074000322618858, 42.27029045047032 ], [ -71.074486321017915, 42.270318450437713 ], [ -71.07456732069835, 42.270316450129201 ], [ -71.074778321027907, 42.270309449931666 ], [ -71.074893320278676, 42.270303450023761 ], [ -71.075055320413327, 42.270277449790434 ], [ -71.075245319564914, 42.270300449392273 ], [ -71.075630319394705, 42.270461448758027 ], [ -71.076053318399545, 42.270524448253695 ], [ -71.076491316727513, 42.27050944762216 ], [ -71.076855316443201, 42.270455447022705 ], [ -71.077107315442277, 42.270383446475343 ], [ -71.077577314036162, 42.270154445940427 ], [ -71.077845312682783, 42.270018445807054 ], [ -71.078157312378039, 42.269892445168885 ], [ -71.078279311595509, 42.269797444382391 ], [ -71.078469311479495, 42.269650444607045 ], [ -71.078572310416561, 42.269606444572979 ], [ -71.078766309688078, 42.269574444308475 ], [ -71.079198308957075, 42.269536443664158 ], [ -71.079859307107711, 42.269471442505512 ], [ -71.080002307249131, 42.269464442410822 ], [ -71.080320306787854, 42.269447441725006 ], [ -71.080851305398852, 42.269322441549249 ], [ -71.081512303057096, 42.26902543995196 ], [ -71.082240300429248, 42.268757439394321 ], [ -71.082486299065835, 42.268670438553556 ], [ -71.082498300144977, 42.268664438410518 ], [ -71.082613299183919, 42.268642438640924 ], [ -71.082760298972758, 42.268634438605545 ], [ -71.083380298115046, 42.26868843735442 ], [ -71.084240295580159, 42.268827436054494 ], [ -71.085394294316544, 42.269044434345403 ], [ -71.085578293808069, 42.269086433979162 ], [ -71.085722292773269, 42.269119434571998 ], [ -71.086721291783277, 42.269329433165289 ], [ -71.086976291335148, 42.269378432828589 ], [ -71.087630289393744, 42.26952443134067 ], [ -71.08775029029411, 42.26955543099087 ], [ -71.088104288767084, 42.269631430590692 ], [ -71.088671287554973, 42.269733430166198 ], [ -71.089149286936447, 42.269742429414705 ], [ -71.089171287183646, 42.269738429702436 ], [ -71.089402286081352, 42.269690429216894 ], [ -71.090072285516015, 42.269948428492235 ], [ -71.089822286646537, 42.270081428780948 ] ] ] ] } },
{ "type": "Feature", "properties": { "geoid": "25025101001", "neighborhood": "Mattapan", "sales": 1068, "median_price": 260000.0, "investor_share": 0.26310861423220971, "large_inst_share": 0.1544943820224719, "small_med_share": 0.10861423220973783, "flip_rate": 0.12921348314606743, "buy_flip_rate": 0.12921348314606743, "condo_share": 0.13389513108614232, "r23_share": 0.23595505617977527, "hold_score": -1.711367129598933, "flip_score": 2.6900888536657619, "dominant": "flipping", "policy_fit": "TOPA / anti-flip / stabilization", "r_mhi": 35276.0, "pct_nonwhite": 0.98087578194816805, "pct_black": 0.77569258266309205, "pct_latino": 0.14012511170688113, "percent_owners": 69.8 }, "geometry": { "type": "MultiPolygon", "coordinates": [ [ [ [ -71.109098252391973, 42.274508401564582 ], [ -71.108769254132739, 42.275028402055163 ], [ -71.108647255058216, 42.275255402459678 ], [ -71.108579255443274, 42.275395403067471 ], [ -71.10854425638621, 42.275493402552613 ], [ -71.108460257292904, 42.275771402967294 ], [ -71.108389257543479, 42.275972403215832 ], [ -71.108157258966585, 42.276504403039084 ], [ -71.107889261066333, 42.27717540432625 ], [ -71.107841261799052, 42.277280404080777 ], [ -71.107741262611199, 42.277505404229785 ], [ -71.107649262752176, 42.277796404039769 ], [ -71.107534264640478, 42.278202404700494 ], [ -71.107525264371773, 42.278302404873088 ], [ -71.104651268352455, 42.276802408417623 ], [ -71.104371268925163, 42.277066408586272 ], [ -71.103905269798659, 42.276835409311872 ], [ -71.103699270369503, 42.276747410036243 ], [ -71.103138272856825, 42.277285410302461 ], [ -71.102093276758225, 42.278287412158839 ], [ -71.101096277409155, 42.277759413997487 ], [ -71.099502284780272, 42.279119415733902 ], [ -71.09998328349721, 42.279304415547337 ], [ -71.100407283574313, 42.279533414631253 ], [ -71.100541282812188, 42.279606414395786 ], [ -71.099770286444439, 42.280448416074975 ], [ -71.098449293170162, 42.281698417955376 ], [ -71.098423292189011, 42.281684417407433 ], [ -71.098319292653642, 42.281630418346047 ], [ -71.098064292990003, 42.281423418448497 ], [ -71.09792729278314, 42.281262418677471 ], [ -71.098023292599294, 42.281026418607574 ], [ -71.098145290873049, 42.280584418209628 ], [ -71.09822729009619, 42.28024641770979 ], [ -71.098263289504899, 42.280075417480568 ], [ -71.098331287763031, 42.279577417282958 ], [ -71.098321288079475, 42.279241417808166 ], [ -71.09831728612771, 42.278708417698439 ], [ -71.098291285654597, 42.278435417706561 ], [ -71.098222285038091, 42.277997417197476 ], [ -71.098123284369393, 42.27764441742044 ], [ -71.098036284277157, 42.277403417722503 ], [ -71.09793228326194, 42.277175418267213 ], [ -71.097798283174882, 42.276951418186556 ], [ -71.097567283591218, 42.276639418325701 ], [ -71.097276283183632, 42.276332418648266 ], [ -71.096912283009502, 42.276031419248326 ], [ -71.096241284077351, 42.275627420410252 ], [ -71.096027284034577, 42.275518420100987 ], [ -71.095580284412137, 42.275290421039486 ], [ -71.095153285951412, 42.275065421184962 ], [ -71.094716285746898, 42.274836422202469 ], [ -71.09396928655427, 42.27445942283228 ], [ -71.093682286633452, 42.274351423232893 ], [ -71.093701284476552, 42.273381423608342 ], [ -71.093699284408714, 42.273263423465309 ], [ -71.093693284728829, 42.273084423414041 ], [ -71.093694283435966, 42.272877423409277 ], [ -71.093703283653326, 42.272602423738348 ], [ -71.093734281327329, 42.271695422759038 ], [ -71.093751279726263, 42.271197423164971 ], [ -71.093776277554824, 42.270125423326554 ], [ -71.093842273654019, 42.268680422981319 ], [ -71.093870273257423, 42.26815042278794 ], [ -71.093880272176065, 42.267634422582582 ], [ -71.093897270687563, 42.267398422439733 ], [ -71.093902270995599, 42.267289422058639 ], [ -71.093905270216439, 42.267204422162749 ], [ -71.09390727062349, 42.267140421974887 ], [ -71.093941270222814, 42.267138421931556 ], [ -71.094130270507875, 42.267132422135511 ], [ -71.094384269202621, 42.266992421304302 ], [ -71.094593268472664, 42.266793421619354 ], [ -71.094632268504938, 42.266771421612233 ], [ -71.09464726748071, 42.266680421178123 ], [ -71.094673268071872, 42.266649420844338 ], [ -71.094709267418537, 42.266607420727233 ], [ -71.094777266899584, 42.26651342105707 ], [ -71.094910266309313, 42.266289420377163 ], [ -71.094955265743636, 42.266227421004487 ], [ -71.095075265712552, 42.266035420690805 ], [ -71.095255264322574, 42.26578641988732 ], [ -71.095448263506697, 42.265575419688005 ], [ -71.095684262064808, 42.265351419728113 ], [ -71.095852261918637, 42.26523141934539 ], [ -71.096163260962399, 42.265005418852532 ], [ -71.096431258812643, 42.26473741842122 ], [ -71.096751258021825, 42.264338418060177 ], [ -71.096919256886167, 42.263983418116972 ], [ -71.09721725453295, 42.263463417250605 ], [ -71.097482252978679, 42.263089417015003 ], [ -71.09773925236955, 42.262931416717144 ], [ -71.09789825140119, 42.262882415993751 ], [ -71.097912252254289, 42.262910415919023 ], [ -71.098044252828032, 42.263175415849872 ], [ -71.098464252768011, 42.263600415850966 ], [ -71.099138251757537, 42.264299414182673 ], [ -71.099675251806957, 42.264841413765978 ], [ -71.099395252832466, 42.264989414072495 ], [ -71.099126254499012, 42.265133415110746 ], [ -71.099360253826489, 42.265319414476416 ], [ -71.099622253707352, 42.265501413650277 ], [ -71.100141252955481, 42.26582741335735 ], [ -71.100281253434602, 42.265938413116359 ], [ -71.100539252980383, 42.266148412859458 ], [ -71.100861252697882, 42.266459412818868 ], [ -71.101242252672847, 42.266829412017088 ], [ -71.101332252988826, 42.266906411512863 ], [ -71.101422253680099, 42.266977411300154 ], [ -71.101623253552333, 42.267134411443671 ], [ -71.101905252387041, 42.267390411343868 ], [ -71.102398252895071, 42.26781941083523 ], [ -71.102540252204037, 42.267958410586225 ], [ -71.102905252638593, 42.268262409473031 ], [ -71.103182253020108, 42.268500409771605 ], [ -71.103583251903316, 42.268843408665596 ], [ -71.103763252077144, 42.269003408850722 ], [ -71.104113252530922, 42.269296407952019 ], [ -71.104366252492397, 42.269534408141503 ], [ -71.104172253723036, 42.2698584079508 ], [ -71.104023253632405, 42.270029408025231 ], [ -71.10385725433585, 42.270238408786227 ], [ -71.103590256560636, 42.270617409377998 ], [ -71.103357257785163, 42.271002409304472 ], [ -71.104724254886065, 42.271328407762937 ], [ -71.105081254758062, 42.271402407065338 ], [ -71.105875252811529, 42.271567406242625 ], [ -71.106304252489366, 42.271679405670604 ], [ -71.106562252521087, 42.271768404965854 ], [ -71.106702252298859, 42.271851405312951 ], [ -71.106886252418249, 42.271967404557358 ], [ -71.107176251722933, 42.272200404017234 ], [ -71.107638251753386, 42.272697404007005 ], [ -71.108031251521481, 42.273112402853897 ], [ -71.108414251928906, 42.273505402403906 ], [ -71.108634252390104, 42.273720402782757 ], [ -71.109190252019161, 42.274363401851176 ], [ -71.109098252391973, 42.274508401564582 ] ] ] ] } },
{ "type": "Feature", "properties": { "geoid": "25025110601", "neighborhood": "West Roxbury", "sales": 773, "median_price": 465000.0, "investor_share": 0.089262613195342816, "large_inst_share": 0.023285899094437259, "small_med_share": 0.065976714100905567, "flip_rate": 0.067270375161707627, "buy_flip_rate": 0.067270375161707627, "condo_share": 0.078913324708926258, "r23_share": 0.051746442432082797, "hold_score": -2.4507814270350856, "flip_score": -2.6605420545929772, "dominant": "mixed", "policy_fit": "Layered approach", "r_mhi": 85667.0, "pct_nonwhite": 0.17999242137173177, "pct_black": 0.019704433497536946, "pct_latino": 0.055702917771883291, "percent_owners": 73.6 }, "geometry": { "type": "MultiPolygon", "coordinates": [ [ [ [ -71.150299206467977, 42.295530348048345 ], [ -71.150011207844486, 42.295678348420488 ], [ -71.148780212290134, 42.296308350490698 ], [ -71.14860221235142, 42.296399350590129 ], [ -71.148289213125025, 42.296558351081437 ], [ -71.1479192151793, 42.296749351902605 ], [ -71.147496216050115, 42.29696335187613 ], [ -71.147483216832768, 42.296972351904884 ], [ -71.14728521690806, 42.297075352620404 ], [ -71.14703521749918, 42.297201352600808 ], [ -71.146882218576863, 42.297280352903314 ], [ -71.146823218236605, 42.297322353307294 ], [ -71.145966222135854, 42.297939354353311 ], [ -71.144143228526971, 42.299254357015435 ], [ -71.144052229832241, 42.299320357001285 ], [ -71.143471231270723, 42.299738358140928 ], [ -71.142307235993286, 42.300581359570927 ], [ -71.141533238721024, 42.301138361126604 ], [ -71.140134244621663, 42.302147363223177 ], [ -71.139825244781605, 42.301997363794804 ], [ -71.139555245452868, 42.301891363631803 ], [ -71.139116245603319, 42.301756364972384 ], [ -71.139014246209769, 42.301728365052071 ], [ -71.137795248321737, 42.301349366521926 ], [ -71.137443248756213, 42.301251366788229 ], [ -71.137102248716502, 42.301185367575108 ], [ -71.136916249262882, 42.301189367242216 ], [ -71.136585250603986, 42.301264367632541 ], [ -71.135995252756572, 42.301419368754352 ], [ -71.13576025297607, 42.301486369076294 ], [ -71.13543525413462, 42.301579369520645 ], [ -71.134865255734738, 42.301723370814969 ], [ -71.134616255945261, 42.301750370908181 ], [ -71.134356256439602, 42.301737371249054 ], [ -71.134051257050217, 42.301700371656572 ], [ -71.133823257816175, 42.301655371635185 ], [ -71.133259258472663, 42.301543372645035 ], [ -71.132577259736195, 42.301425373207685 ], [ -71.132225260956702, 42.30137637419903 ], [ -71.131911261417329, 42.301346374147414 ], [ -71.131418262077901, 42.301320374734935 ], [ -71.131070263419915, 42.301307375327752 ], [ -71.130903263706514, 42.301275375601705 ], [ -71.130562263682066, 42.301144376135355 ], [ -71.130175264275394, 42.301006376394888 ], [ -71.128759266414207, 42.300487378796731 ], [ -71.128568267137794, 42.300413378452824 ], [ -71.128229267070708, 42.300284378935352 ], [ -71.127924267135299, 42.30015737999819 ], [ -71.128071267088984, 42.300028379301587 ], [ -71.128802263537295, 42.299296378595443 ], [ -71.128947263693192, 42.299156377662669 ], [ -71.129387261154747, 42.298734377698608 ], [ -71.129621259885127, 42.298529376766012 ], [ -71.129888258614997, 42.298312377098554 ], [ -71.130067258954952, 42.29818437625876 ], [ -71.130089258277252, 42.298176376780532 ], [ -71.130366256721672, 42.29800337606963 ], [ -71.130395256781583, 42.297989376046523 ], [ -71.130611256385308, 42.297867375875917 ], [ -71.130871255964337, 42.297730375383203 ], [ -71.131301253921364, 42.297533374628891 ], [ -71.131913252562939, 42.297288373313386 ], [ -71.132042251701066, 42.297238373207051 ], [ -71.132497249797908, 42.297037373254739 ], [ -71.132977248809411, 42.296829372284613 ], [ -71.133266247401835, 42.296629371419677 ], [ -71.133297247620561, 42.296608371819872 ], [ -71.133628246677333, 42.296395371369492 ], [ -71.133660246096127, 42.29636637119868 ], [ -71.134284243849422, 42.295898369833907 ], [ -71.134826241061091, 42.295436369751116 ], [ -71.135225239748465, 42.295112368557554 ], [ -71.136009236775308, 42.294429367135628 ], [ -71.136337235471188, 42.294121366877533 ], [ -71.136703233206532, 42.293830366400215 ], [ -71.137304231223382, 42.293356365371459 ], [ -71.137895228586004, 42.292841364250187 ], [ -71.138508226017123, 42.292332364035175 ], [ -71.138703225676451, 42.292179363581972 ], [ -71.13916022313262, 42.291791362987865 ], [ -71.139745221358453, 42.291299362206182 ], [ -71.140381218593447, 42.290766360809876 ], [ -71.141006216026909, 42.290234359555392 ], [ -71.141151215086111, 42.290123359767648 ], [ -71.141718212377896, 42.289640358680238 ], [ -71.1420252114346, 42.28940235862089 ], [ -71.142442210245861, 42.289034357291598 ], [ -71.142725208391511, 42.28877835750599 ], [ -71.142740209296022, 42.288768356790342 ], [ -71.142777208929061, 42.288743357031557 ], [ -71.142933207815403, 42.288658356522021 ], [ -71.143051207886941, 42.288604356657125 ], [ -71.144155204412755, 42.288337355286508 ], [ -71.144639202762008, 42.288232354557294 ], [ -71.144783202740669, 42.288193353976318 ], [ -71.145123201982003, 42.288114354163632 ], [ -71.145340202427633, 42.288526353943546 ], [ -71.145494203053744, 42.288805353035954 ], [ -71.145603202128896, 42.288925353447254 ], [ -71.14568820284299, 42.289006353508647 ], [ -71.146347201882037, 42.289536352275121 ], [ -71.14705820164815, 42.290130351611921 ], [ -71.147230201846511, 42.290276350967517 ], [ -71.14743120229403, 42.290436351351609 ], [ -71.147563202224688, 42.290535350692402 ], [ -71.147803201225713, 42.290737350119407 ], [ -71.147992201572393, 42.290888350245204 ], [ -71.148084201725865, 42.290973350144938 ], [ -71.148301201918613, 42.291278349742925 ], [ -71.148350201486721, 42.291385349886241 ], [ -71.148650202699883, 42.291873349930349 ], [ -71.14878820255781, 42.292105349340666 ], [ -71.148993203138645, 42.292471349344417 ], [ -71.149375203935492, 42.293096348646777 ], [ -71.149545203569417, 42.293530348398761 ], [ -71.149826205607283, 42.294252348619167 ], [ -71.149892204988063, 42.294415347973171 ], [ -71.150096206660294, 42.294985348596981 ], [ -71.150247206022527, 42.295371348381089 ], [ -71.150299206467977, 42.295530348048345 ] ] ] ] } },
{ "type": "Feature", "properties": { "geoid": "25025120400", "neighborhood": "Jamaica Plain", "sales": 2457, "median_price": 435000.0, "investor_share": 0.082214082214082218, "large_inst_share": 0.017908017908017909, "small_med_share": 0.064306064306064309, "flip_rate": 0.056573056573056571, "buy_flip_rate": 0.059829059829059832, "condo_share": 0.7981277981277981, "r23_share": 0.078551078551078554, "hold_score": -1.0405259843576427, "flip_score": -3.1392120016972749, "dominant": "holding", "policy_fit": "Transfer fee on high-value sales", "r_mhi": 87434.0, "pct_nonwhite": 0.27589077589077593, "pct_black": 0.057942057942057944, "pct_latino": 0.099567099567099568, "percent_owners": 63.6 }, "geometry": { "type": "MultiPolygon", "coordinates": [ [ [ [ -71.11715533600929, 42.319829397843051 ], [ -71.117106336771982, 42.319978397409223 ], [ -71.117018337251451, 42.320123397585512 ], [ -71.116971337571769, 42.320179397846005 ], [ -71.11678333772862, 42.320469398430021 ], [ -71.116674338542452, 42.320625398371845 ], [ -71.116613339176382, 42.320746398135576 ], [ -71.116586339218713, 42.32085139865957 ], [ -71.116569339891598, 42.321021398720667 ], [ -71.116320340832274, 42.32101239884269 ], [ -71.115989341063937, 42.321031399264129 ], [ -71.115813341226016, 42.32104839950545 ], [ -71.115598341940469, 42.321066399875114 ], [ -71.115425343159131, 42.321095399686584 ], [ -71.115193343397905, 42.321133400113766 ], [ -71.114945344185571, 42.321173400969073 ], [ -71.114500345262869, 42.321235401414462 ], [ -71.114153346217407, 42.321283401739436 ], [ -71.113880346189063, 42.321321402374657 ], [ -71.11321234826714, 42.321425402898875 ], [ -71.112814349465495, 42.321496403918239 ], [ -71.112311350210177, 42.321567404296509 ], [ -71.112089350769963, 42.321602404491074 ], [ -71.111658352270538, 42.321678404756717 ], [ -71.110643355003319, 42.321835406671624 ], [ -71.110318355456926, 42.321910406758875 ], [ -71.109937357284522, 42.322025407856941 ], [ -71.109857357335926, 42.322020408092989 ], [ -71.109793358014642, 42.322002407392425 ], [ -71.109772357849835, 42.32197840807779 ], [ -71.109756357439693, 42.321939407902775 ], [ -71.109756357296291, 42.321903407795695 ], [ -71.109795356851848, 42.321856407891985 ], [ -71.10994435588799, 42.321705407242519 ], [ -71.110090355588099, 42.321524407389632 ], [ -71.110531353137901, 42.320999406552325 ], [ -71.110692353076402, 42.320753406780526 ], [ -71.110939352020949, 42.320472406217405 ], [ -71.111057351308972, 42.320326405678927 ], [ -71.111668347414906, 42.31954040524473 ], [ -71.111933345971636, 42.319106404025476 ], [ -71.112145345514847, 42.318805404149643 ], [ -71.112386343394135, 42.318464403358902 ], [ -71.11276334107923, 42.317917403419138 ], [ -71.112417342286179, 42.317730403910616 ], [ -71.111763342439431, 42.317390404577417 ], [ -71.110838343593571, 42.316902405851067 ], [ -71.110667343685606, 42.316825406190475 ], [ -71.110391344669566, 42.316700405939351 ], [ -71.110226344396906, 42.316624406368952 ], [ -71.110120344975087, 42.316584406928115 ], [ -71.109997345352113, 42.316548406458764 ], [ -71.109858345160546, 42.316528406547008 ], [ -71.109629345088791, 42.316507406797527 ], [ -71.109357345884305, 42.316494407284019 ], [ -71.109036347105004, 42.316505408070519 ], [ -71.108440347941411, 42.316483408583423 ], [ -71.10825434862754, 42.316478409448976 ], [ -71.108131348757937, 42.316474408911688 ], [ -71.107766349995671, 42.316452409763109 ], [ -71.107448350580071, 42.316412410053729 ], [ -71.107235350337774, 42.316377410130173 ], [ -71.107068351093645, 42.316611410849042 ], [ -71.106891353028374, 42.316892411313866 ], [ -71.106837353483911, 42.317015410618879 ], [ -71.10667235354066, 42.317268411129042 ], [ -71.106378354460915, 42.317120411806627 ], [ -71.106124355003132, 42.317023411902902 ], [ -71.105859355219565, 42.316947412750224 ], [ -71.10575435525972, 42.316929412347037 ], [ -71.105664355543581, 42.316923412930244 ], [ -71.105368356050931, 42.316974412863878 ], [ -71.105133356450423, 42.317014413759644 ], [ -71.104879357309201, 42.317033413390448 ], [ -71.104474357957628, 42.317022413794191 ], [ -71.104622357589889, 42.316687413852755 ], [ -71.104934354320918, 42.31578941327416 ], [ -71.105056353389841, 42.315487412863945 ], [ -71.105202352121736, 42.315116413152467 ], [ -71.105376350685205, 42.314644412309313 ], [ -71.105790347303568, 42.313443412175033 ], [ -71.106084344947703, 42.312793411440204 ], [ -71.106292343978723, 42.31232941122046 ], [ -71.106609342214369, 42.311740410912158 ], [ -71.10698933998421, 42.311149410329428 ], [ -71.10734433753629, 42.310622409834139 ], [ -71.10765733534889, 42.310098408714417 ], [ -71.108810328290488, 42.308272407133657 ], [ -71.109326326056106, 42.307517406514599 ], [ -71.110298320991177, 42.306069404412384 ], [ -71.110337320883318, 42.306082404578852 ], [ -71.110547320476812, 42.306129404151477 ], [ -71.110800319257024, 42.306144403780465 ], [ -71.110729320578656, 42.306481404268304 ], [ -71.11069032053345, 42.306628404317472 ], [ -71.110647321777876, 42.30672740401814 ], [ -71.110582321538658, 42.306836404408614 ], [ -71.11041032299724, 42.30708140493546 ], [ -71.110623322705081, 42.307088404371555 ], [ -71.110927321939343, 42.307079404338602 ], [ -71.110970321358906, 42.307078403782647 ], [ -71.111547320302563, 42.307028403274877 ], [ -71.11173131960463, 42.307001402838232 ], [ -71.112590316768333, 42.306908402057523 ], [ -71.113845314816004, 42.306798400193927 ], [ -71.1144263129477, 42.306732399482506 ], [ -71.114949310924644, 42.306678398814476 ], [ -71.115244310742924, 42.306632398195703 ], [ -71.115338310751241, 42.306839397752796 ], [ -71.115386311717955, 42.30700439839071 ], [ -71.115407311088333, 42.307076397939419 ], [ -71.115448311514172, 42.307254397928759 ], [ -71.115476311437646, 42.307388398275137 ], [ -71.115505312507892, 42.307655397536095 ], [ -71.115530312862745, 42.308057398327662 ], [ -71.115554314015654, 42.308474398295772 ], [ -71.115578315251369, 42.308937398019708 ], [ -71.115576316257602, 42.309192397878022 ], [ -71.11558131541851, 42.309297398272733 ], [ -71.115544316444442, 42.309463398315913 ], [ -71.115508316938033, 42.309597397915695 ], [ -71.11547131697921, 42.309675398363268 ], [ -71.115359317517076, 42.309860398505421 ], [ -71.11513231844917, 42.310111398819394 ], [ -71.114852319552753, 42.310394399554283 ], [ -71.114761321108134, 42.310548399294952 ], [ -71.114653321661478, 42.310750399837815 ], [ -71.1145713219708, 42.310982399813625 ], [ -71.11449432239182, 42.311230399462126 ], [ -71.114396323453448, 42.311621400215735 ], [ -71.114231325206504, 42.312157400256417 ], [ -71.114180325982701, 42.312307400439913 ], [ -71.114148326236275, 42.312522400074513 ], [ -71.114100327073118, 42.313027400901404 ], [ -71.114099327874513, 42.313229400724616 ], [ -71.114820327038288, 42.313501399774267 ], [ -71.11540332659402, 42.313726399084359 ], [ -71.11581832583424, 42.313891398375901 ], [ -71.115909325318029, 42.313925398718929 ], [ -71.116292325061025, 42.314067397538125 ], [ -71.116334324916096, 42.314091397358929 ], [ -71.116356324497346, 42.31411939796655 ], [ -71.116355325335419, 42.31417039732537 ], [ -71.116339324772582, 42.314234397321336 ], [ -71.116210326477798, 42.314424398372829 ], [ -71.115672328420672, 42.315131399107386 ], [ -71.11622032751805, 42.31531139826761 ], [ -71.117002327325991, 42.315579397027726 ], [ -71.116898327888265, 42.315753397383162 ], [ -71.116793328258879, 42.316095397652823 ], [ -71.116753329039469, 42.316385397323714 ], [ -71.116730329619202, 42.31668839718882 ], [ -71.116738331302969, 42.317075398045638 ], [ -71.116752332026593, 42.317478397316101 ], [ -71.11673533146724, 42.317636397472242 ], [ -71.116674332384619, 42.317833397599898 ], [ -71.116548333448591, 42.318105397934268 ], [ -71.116482334137274, 42.318303398602133 ], [ -71.116459334858632, 42.318435397952946 ], [ -71.116467334188371, 42.318583398121085 ], [ -71.116491334953096, 42.318649397819634 ], [ -71.11654933498896, 42.318770398321938 ], [ -71.116673335132973, 42.318921397921081 ], [ -71.116862335203564, 42.319102397567143 ], [ -71.116991334734976, 42.319249397249102 ], [ -71.1170823346866, 42.319382397584448 ], [ -71.117152334980602, 42.319535397307035 ], [ -71.117167335609537, 42.319672397482023 ], [ -71.11715533600929, 42.319829397843051 ] ] ] ] } },
{ "type": "Feature", "properties": { "geoid": "25025120700", "neighborhood": "Jamaica Plain", "sales": 734, "median_price": 375000.0, "investor_share": 0.12942779291553133, "large_inst_share": 0.036784741144414171, "small_med_share": 0.09264305177111716, "flip_rate": 0.064032697547683926, "buy_flip_rate": 0.064032697547683926, "condo_share": 0.82697547683923711, "r23_share": 0.09264305177111716, "hold_score": 0.13181256380619077, "flip_score": -2.6531462194344035, "dominant": "holding", "policy_fit": "Transfer fee on high-value sales", "r_mhi": 87708.0, "pct_nonwhite": 0.40579710144927539, "pct_black": 0.079943899018232817, "pct_latino": 0.13230481533426836, "percent_owners": 59.4 }, "geometry": { "type": "MultiPolygon", "coordinates": [ [ [ [ -71.116848342064401, 42.322280398268632 ], [ -71.116824343106671, 42.322458398418298 ], [ -71.116736343447613, 42.322627398374237 ], [ -71.116633343949289, 42.322735398292956 ], [ -71.116502344727849, 42.322828398557348 ], [ -71.116285344471109, 42.322940398729486 ], [ -71.115693347059661, 42.32315139991583 ], [ -71.115546347298206, 42.323216400463259 ], [ -71.115301347901124, 42.323360400668193 ], [ -71.1150773494643, 42.323573400816905 ], [ -71.11466734966865, 42.323432401793852 ], [ -71.114352349610328, 42.323359401412013 ], [ -71.11409735086599, 42.32330740195809 ], [ -71.113851351301278, 42.323278402279755 ], [ -71.113259352724185, 42.323216403551513 ], [ -71.112827353732669, 42.323187403451094 ], [ -71.112201354725428, 42.323125404517072 ], [ -71.11223935562677, 42.323587404646375 ], [ -71.112257355779263, 42.323906404679441 ], [ -71.112269357192488, 42.324323404945389 ], [ -71.112258357096323, 42.324552404616156 ], [ -71.112232357843624, 42.324738405141716 ], [ -71.112185358766709, 42.324963404915628 ], [ -71.112108359744354, 42.325207405015661 ], [ -71.112010360231594, 42.325489404950005 ], [ -71.111897361397311, 42.325718405147676 ], [ -71.111608362812191, 42.326179405562549 ], [ -71.111444363247102, 42.326441406165955 ], [ -71.111394364175794, 42.326535406193557 ], [ -71.111311364470623, 42.326692406185899 ], [ -71.111136366078867, 42.327056406698468 ], [ -71.110997366337273, 42.327401407357868 ], [ -71.110956367132914, 42.327511407042266 ], [ -71.11089936749336, 42.32766140665607 ], [ -71.110807368623639, 42.327983406909929 ], [ -71.110746369200172, 42.328252407265204 ], [ -71.110713369352979, 42.328482407097681 ], [ -71.110712369655133, 42.328644407106978 ], [ -71.110737369902139, 42.328761407504714 ], [ -71.110747370583908, 42.328798407424138 ], [ -71.110781370141453, 42.328929407229211 ], [ -71.110831371143647, 42.329073407398262 ], [ -71.110640370392403, 42.328915407499125 ], [ -71.110428370546629, 42.328759407713854 ], [ -71.110014371478613, 42.328487408511627 ], [ -71.109866371784022, 42.328375408691969 ], [ -71.109820371580327, 42.328342408996079 ], [ -71.109403372271814, 42.328037408794977 ], [ -71.109253372356349, 42.327929409483644 ], [ -71.108778372407414, 42.327583410337503 ], [ -71.108587372241203, 42.327461410614575 ], [ -71.108332372518802, 42.327318410210395 ], [ -71.108214373330668, 42.327264411023272 ], [ -71.107810372771695, 42.327124411048516 ], [ -71.107394374464334, 42.32696841186381 ], [ -71.107180374145457, 42.326898412375492 ], [ -71.107079374983741, 42.326850412027568 ], [ -71.106884374150496, 42.326719412629181 ], [ -71.10659137438688, 42.326536412460825 ], [ -71.106543374304337, 42.326510412481127 ], [ -71.106286374899213, 42.326368413470156 ], [ -71.105934375224564, 42.326248413862849 ], [ -71.105646376440788, 42.326163413757882 ], [ -71.105444376645536, 42.326127413980039 ], [ -71.105230376544128, 42.326114414790972 ], [ -71.105325375924991, 42.325727414301141 ], [ -71.105513374036732, 42.32519841418172 ], [ -71.106328373286516, 42.325356412681337 ], [ -71.106931371089203, 42.325453412467894 ], [ -71.107176371686009, 42.325498411846333 ], [ -71.107248371249781, 42.325509411805783 ], [ -71.10733637080952, 42.325522411894156 ], [ -71.107411371042545, 42.325522411393848 ], [ -71.107507370697718, 42.325499411571897 ], [ -71.107641369396262, 42.325408411532763 ], [ -71.107716369648713, 42.325313410837019 ], [ -71.107759369155971, 42.32521041075487 ], [ -71.10778236900255, 42.325083410804652 ], [ -71.107793368684611, 42.324956410430218 ], [ -71.107820367813545, 42.324900410550391 ], [ -71.107853368144248, 42.324801410542982 ], [ -71.107928367764089, 42.324722410637648 ], [ -71.108052367288153, 42.324611410179266 ], [ -71.108264366515527, 42.324478410009299 ], [ -71.108345365766112, 42.324430410314612 ], [ -71.10870536431888, 42.324212409624138 ], [ -71.108952363591371, 42.324010408940602 ], [ -71.109135363189523, 42.323820408995424 ], [ -71.10933336257051, 42.323634408411145 ], [ -71.109451361443462, 42.323503408500379 ], [ -71.10955336144697, 42.32337140793188 ], [ -71.108966361996423, 42.323254408635187 ], [ -71.10888636243142, 42.323265409146764 ], [ -71.108731362123592, 42.323261409386248 ], [ -71.108476363266945, 42.323221410081267 ], [ -71.108268363649984, 42.323184409865561 ], [ -71.108369362385616, 42.322827409663446 ], [ -71.108435361340966, 42.322476409474199 ], [ -71.108451361346226, 42.322389409912226 ], [ -71.109254358791219, 42.322165408450772 ], [ -71.109452358092184, 42.322116408243417 ], [ -71.109937357284522, 42.322025407856941 ], [ -71.110318355456926, 42.321910406758875 ], [ -71.110643355003319, 42.321835406671624 ], [ -71.111658352270538, 42.321678404756717 ], [ -71.112089350769963, 42.321602404491074 ], [ -71.112311350210177, 42.321567404296509 ], [ -71.112814349465495, 42.321496403918239 ], [ -71.11321234826714, 42.321425402898875 ], [ -71.113880346189063, 42.321321402374657 ], [ -71.114153346217407, 42.321283401739436 ], [ -71.114500345262869, 42.321235401414462 ], [ -71.114945344185571, 42.321173400969073 ], [ -71.115193343397905, 42.321133400113766 ], [ -71.115425343159131, 42.321095399686584 ], [ -71.115598341940469, 42.321066399875114 ], [ -71.115813341226016, 42.32104839950545 ], [ -71.115989341063937, 42.321031399264129 ], [ -71.116320340832274, 42.32101239884269 ], [ -71.116569339891598, 42.321021398720667 ], [ -71.116611340160517, 42.321202398151449 ], [ -71.116685340664446, 42.321416398320792 ], [ -71.116786340908931, 42.321731397980443 ], [ -71.116833341917044, 42.322006398453304 ], [ -71.116848342064401, 42.322280398268632 ] ] ] ] } },
{ "type": "Feature", "properties": { "geoid": "25025130200", "neighborhood": "West Roxbury", "sales": 1419, "median_price": 492000.0, "investor_share": 0.13671599718111346, "large_inst_share": 0.030303030303030304, "small_med_share": 0.10641296687808316, "flip_rate": 0.079633544749823815, "buy_flip_rate": 0.081042988019732212, "condo_share": 0.13107822410147993, "r23_share": 0.11346018322762509, "hold_score": -2.1725176829738202, "flip_score": -1.4022487263500811, "dominant": "flipping", "policy_fit": "TOPA / anti-flip / stabilization", "r_mhi": 79152.0, "pct_nonwhite": 0.20072217502124046, "pct_black": 0.033135089209855563, "pct_latino": 0.065420560747663545, "percent_owners": 69.0 }, "geometry": { "type": "MultiPolygon", "coordinates": [ [ [ [ -71.167733146151548, 42.285860322139577 ], [ -71.166998149065165, 42.286322322602125 ], [ -71.16641015077002, 42.286751324206335 ], [ -71.165782153360965, 42.287195325200614 ], [ -71.165317155043823, 42.287479325488718 ], [ -71.164631156949156, 42.28788932611203 ], [ -71.164177159274857, 42.28817332686527 ], [ -71.163970160130248, 42.28831132739478 ], [ -71.163674161307739, 42.28855332808395 ], [ -71.162847164788289, 42.289172329304066 ], [ -71.162055167673046, 42.289737330291295 ], [ -71.161759168515573, 42.289951331220074 ], [ -71.161447169783543, 42.2901363315423 ], [ -71.161289170463021, 42.290217331375025 ], [ -71.161044170719705, 42.290312332481825 ], [ -71.160879171315131, 42.290362332721521 ], [ -71.160592171951848, 42.290555332510529 ], [ -71.160157174210497, 42.29089633354284 ], [ -71.160628174281996, 42.29158533290942 ], [ -71.159980176266444, 42.291733333685478 ], [ -71.159672177608925, 42.291794333854334 ], [ -71.159487177337539, 42.291819334596084 ], [ -71.159101178746425, 42.291855334908988 ], [ -71.158682179379909, 42.291845336001906 ], [ -71.158521179748789, 42.291829335732032 ], [ -71.15841018056355, 42.2918083359394 ], [ -71.157951180488567, 42.29172333672809 ], [ -71.157695181697591, 42.2916553366803 ], [ -71.15725918191734, 42.291550337332872 ], [ -71.156980182341371, 42.291524338059482 ], [ -71.156773182716989, 42.291511338284025 ], [ -71.156555183936405, 42.29153633839433 ], [ -71.156292184752431, 42.291643338694882 ], [ -71.15617618487174, 42.291710339503027 ], [ -71.155655187575974, 42.292108339616235 ], [ -71.155030189532312, 42.292577340620014 ], [ -71.154683190745615, 42.292783341223931 ], [ -71.154308192196467, 42.29297434222002 ], [ -71.15376519351689, 42.293201343149818 ], [ -71.153485194983659, 42.29326534336716 ], [ -71.153254195095855, 42.293283343222605 ], [ -71.153092195905927, 42.29329134330635 ], [ -71.152885195705679, 42.293269344359551 ], [ -71.152690196190321, 42.293206343886482 ], [ -71.152317197217997, 42.293047344300142 ], [ -71.151767197343958, 42.29289934558836 ], [ -71.151438198098589, 42.292869346103181 ], [ -71.151126198703139, 42.292865346589991 ], [ -71.15029520145886, 42.292903347280834 ], [ -71.149884201635402, 42.292960348088968 ], [ -71.149375203935492, 42.293096348646777 ], [ -71.148993203138645, 42.292471349344417 ], [ -71.14878820255781, 42.292105349340666 ], [ -71.148650202699883, 42.291873349930349 ], [ -71.148350201486721, 42.291385349886241 ], [ -71.148301201918613, 42.291278349742925 ], [ -71.148084201725865, 42.290973350144938 ], [ -71.147992201572393, 42.290888350245204 ], [ -71.147803201225713, 42.290737350119407 ], [ -71.147563202224688, 42.290535350692402 ], [ -71.14743120229403, 42.290436351351609 ], [ -71.147230201846511, 42.290276350967517 ], [ -71.14705820164815, 42.290130351611921 ], [ -71.146347201882037, 42.289536352275121 ], [ -71.14568820284299, 42.289006353508647 ], [ -71.145603202128896, 42.288925353447254 ], [ -71.145494203053744, 42.288805353035954 ], [ -71.145340202427633, 42.288526353943546 ], [ -71.145123201982003, 42.288114354163632 ], [ -71.145514200979321, 42.288008353113433 ], [ -71.145873199173394, 42.287892352435982 ], [ -71.145931199831736, 42.287866352216206 ], [ -71.146496198088101, 42.287662351321607 ], [ -71.14683619704536, 42.287548350883633 ], [ -71.147321195256097, 42.287412350915055 ], [ -71.147321195027175, 42.287326350656578 ], [ -71.147339194509414, 42.287223350347631 ], [ -71.147415194079656, 42.287120350628719 ], [ -71.147567194411266, 42.287010350035942 ], [ -71.147646193079893, 42.286907350355669 ], [ -71.147681193696286, 42.286826349624825 ], [ -71.147745192618615, 42.286654349903891 ], [ -71.14776219333524, 42.286792349594123 ], [ -71.147796193532415, 42.286899350026403 ], [ -71.147901192827348, 42.287003349414427 ], [ -71.148042192838943, 42.287071349726062 ], [ -71.14809819313281, 42.287106349317419 ], [ -71.148374192125203, 42.287161348932166 ], [ -71.148555191469498, 42.287152348585138 ], [ -71.148685191401015, 42.287152349017624 ], [ -71.148769192010917, 42.28715834877837 ], [ -71.149007190561747, 42.287185348439031 ], [ -71.150070189010407, 42.287290346371428 ], [ -71.150049189290385, 42.287195346704095 ], [ -71.149900188440498, 42.286762346484018 ], [ -71.149784187718609, 42.286590347251149 ], [ -71.149679187879116, 42.286444346981661 ], [ -71.149626187265824, 42.286389347232728 ], [ -71.15001818688134, 42.286295346624428 ], [ -71.15034918592599, 42.286227346135789 ], [ -71.150758184260042, 42.286134345438228 ], [ -71.151243183648816, 42.286000344705002 ], [ -71.151751181309621, 42.285831344029802 ], [ -71.152219180292789, 42.285662343415943 ], [ -71.152711178269527, 42.285469342997743 ], [ -71.153392177202605, 42.285185342023532 ], [ -71.154002174986431, 42.284888340812422 ], [ -71.154982170757279, 42.284355339285362 ], [ -71.15637316680133, 42.283563337154277 ], [ -71.15658316612253, 42.283445336809613 ], [ -71.157203163941432, 42.283100335453398 ], [ -71.157481162599112, 42.282945335868483 ], [ -71.158618158477779, 42.282304333531869 ], [ -71.158893157358776, 42.28214133324785 ], [ -71.15925615594405, 42.281907332679211 ], [ -71.159578154342057, 42.281685332059901 ], [ -71.159807154404163, 42.281520331489816 ], [ -71.160229151808593, 42.281194331504501 ], [ -71.160597150131238, 42.280868330742798 ], [ -71.160872149425018, 42.280614330520386 ], [ -71.161147148700564, 42.280341329687083 ], [ -71.161461146512977, 42.280070329212279 ], [ -71.161656145827223, 42.279925329379502 ], [ -71.161900145316466, 42.279768328333198 ], [ -71.161959144944973, 42.279818328149545 ], [ -71.162477144533099, 42.280237328286731 ], [ -71.162907145212401, 42.280618327335645 ], [ -71.163468144879829, 42.281085327004952 ], [ -71.164206144616614, 42.281684325561258 ], [ -71.164655144035962, 42.282077324896925 ], [ -71.165326144223684, 42.282611324147382 ], [ -71.166049144215407, 42.283241323645186 ], [ -71.165257146811811, 42.28376732449042 ], [ -71.166135146174312, 42.284529323730006 ], [ -71.16762314567589, 42.285773322333363 ], [ -71.167733146151548, 42.285860322139577 ] ] ] ] } },
{ "type": "Feature", "properties": { "geoid": "25025130402", "neighborhood": "West Roxbury", "sales": 1668, "median_price": 360000.0, "investor_share": 0.15287769784172661, "large_inst_share": 0.047362110311750596, "small_med_share": 0.10551558752997602, "flip_rate": 0.099520383693045569, "buy_flip_rate": 0.10131894484412469, "condo_share": 0.17685851318944845, "r23_share": 0.074340527577937646, "hold_score": -1.3774447167064632, "flip_score": -0.22928439438278386, "dominant": "flipping", "policy_fit": "TOPA / anti-flip / stabilization", "r_mhi": 29868.0, "pct_nonwhite": 0.29774467204634802, "pct_black": 0.06165942478791641, "pct_latino": 0.10614525139664804, "percent_owners": 69.0 }, "geometry": { "type": "MultiPolygon", "coordinates": [ [ [ [ -71.177015112742666, 42.28040130737088 ], [ -71.17554811514124, 42.280318309568628 ], [ -71.173057120110386, 42.280023312984127 ], [ -71.172056122035244, 42.279896314761302 ], [ -71.171217124770024, 42.279784315758334 ], [ -71.171076124990137, 42.279765315660974 ], [ -71.169550127248272, 42.27956531772238 ], [ -71.168719129723215, 42.279452318709026 ], [ -71.168478129511087, 42.279419319115661 ], [ -71.167455132059004, 42.279302320433793 ], [ -71.166343134351891, 42.279186321872977 ], [ -71.166050134946744, 42.279156322639963 ], [ -71.165223136650042, 42.279059323563366 ], [ -71.164733136779788, 42.279023324373171 ], [ -71.164629137772522, 42.279026325010427 ], [ -71.164265138394143, 42.279040325060052 ], [ -71.163858139236723, 42.279078325345807 ], [ -71.163368140973375, 42.279176326512697 ], [ -71.162957142002156, 42.279289326756626 ], [ -71.162437142899194, 42.279487327803494 ], [ -71.162126144470008, 42.27963732854883 ], [ -71.161900145316466, 42.279768328333198 ], [ -71.161656145827223, 42.279925329379502 ], [ -71.161461146512977, 42.280070329212279 ], [ -71.161147148700564, 42.280341329687083 ], [ -71.161101147549402, 42.28023932951124 ], [ -71.161005148417289, 42.28005732965994 ], [ -71.160847147477341, 42.279920330145721 ], [ -71.160216148188908, 42.279429330878692 ], [ -71.159433148566549, 42.278834332268687 ], [ -71.159774146820027, 42.27845033132413 ], [ -71.159924146029738, 42.278351330774477 ], [ -71.160092146086313, 42.278265330505967 ], [ -71.160039145581251, 42.278175330870376 ], [ -71.160039145247254, 42.278051330592433 ], [ -71.160101145536643, 42.277812330987153 ], [ -71.16018814467877, 42.27758033038382 ], [ -71.1603041433914, 42.277269330271878 ], [ -71.16042714199466, 42.276851330091368 ], [ -71.160468141915601, 42.276568329868681 ], [ -71.160469141132083, 42.276403330079212 ], [ -71.16034514067583, 42.275979330362745 ], [ -71.160247139988584, 42.275511330384091 ], [ -71.160188139250096, 42.275183329986831 ], [ -71.160189138011816, 42.274999330184357 ], [ -71.160224138182102, 42.27479932992545 ], [ -71.160231137869673, 42.274709329452818 ], [ -71.160255137923059, 42.274634329655626 ], [ -71.16038613561156, 42.274184329229854 ], [ -71.160520135218505, 42.273720329691777 ], [ -71.16057113467221, 42.27355732944271 ], [ -71.160653134129532, 42.273342329251605 ], [ -71.160774132576876, 42.273128329133201 ], [ -71.161096130800971, 42.272619328427616 ], [ -71.161240129991356, 42.272404327875961 ], [ -71.161422128628473, 42.272042327942891 ], [ -71.16170612744709, 42.271440327486097 ], [ -71.161835126178119, 42.271147326610667 ], [ -71.161896125682475, 42.270939326515837 ], [ -71.16195812421671, 42.27029532636552 ], [ -71.161997121484177, 42.269484326137992 ], [ -71.161999121454826, 42.269239326368321 ], [ -71.161953120715026, 42.269060326106114 ], [ -71.161851120879973, 42.268879326205429 ], [ -71.161858121190519, 42.268814326045451 ], [ -71.161933120364907, 42.268650326125389 ], [ -71.162054120160732, 42.2685113260262 ], [ -71.162343118851453, 42.268213325597209 ], [ -71.162531116803308, 42.268005325490272 ], [ -71.162709116001508, 42.267748324643996 ], [ -71.162781116447547, 42.267615324475152 ], [ -71.162883115216246, 42.267274324365815 ], [ -71.162925114590024, 42.266904324033661 ], [ -71.162932113364704, 42.266713324572244 ], [ -71.162928112500722, 42.266284323817636 ], [ -71.162903111708772, 42.265910323956966 ], [ -71.162905110844108, 42.265574324058029 ], [ -71.162909109527064, 42.264803324135862 ], [ -71.162938108188129, 42.264499323637757 ], [ -71.162979108412159, 42.26427032389163 ], [ -71.163244105954519, 42.263454323076168 ], [ -71.163407103565774, 42.262922322451196 ], [ -71.163448103807909, 42.262800322671922 ], [ -71.163509102552837, 42.262591322980533 ], [ -71.163535101917645, 42.262238322495861 ], [ -71.163473100909471, 42.261788322085572 ], [ -71.163444101672027, 42.261705322747765 ], [ -71.163381101230144, 42.261529322317926 ], [ -71.163296100882292, 42.261175322191612 ], [ -71.163225098976483, 42.260667322785665 ], [ -71.163201098693747, 42.260251322723747 ], [ -71.163280097469979, 42.259974322731054 ], [ -71.163294097635628, 42.259837322157956 ], [ -71.163373096171682, 42.259273322175765 ], [ -71.16338309570402, 42.25910132222355 ], [ -71.163392095481228, 42.259023321916125 ], [ -71.164856094780163, 42.260181320496692 ], [ -71.166476093941995, 42.261469318422442 ], [ -71.166863093660822, 42.261777317929642 ], [ -71.166991093948852, 42.261878317777061 ], [ -71.167222092867746, 42.262062316869724 ], [ -71.167392093170278, 42.262197317238382 ], [ -71.16836709346714, 42.262973315638881 ], [ -71.168495092499484, 42.263074315569824 ], [ -71.168603092840058, 42.263160315333536 ], [ -71.168747092786305, 42.263274315597755 ], [ -71.170661091972775, 42.264814313028879 ], [ -71.171027091116272, 42.265110312574365 ], [ -71.171047091405555, 42.265125312169225 ], [ -71.171208091834202, 42.26525531222196 ], [ -71.171321091669597, 42.265346312258181 ], [ -71.171322092859953, 42.26569131210109 ], [ -71.171378092295114, 42.265905312224874 ], [ -71.171436092929198, 42.265990311842586 ], [ -71.171540092373831, 42.266142312032009 ], [ -71.171694093295571, 42.266278311681674 ], [ -71.171795093130527, 42.266333311641539 ], [ -71.171831092895218, 42.26634731154622 ], [ -71.172015092467163, 42.266393311246077 ], [ -71.172103092223693, 42.26642431136333 ], [ -71.172148092652606, 42.266436311173706 ], [ -71.172424092196891, 42.266507311220835 ], [ -71.17246409133341, 42.266516310343441 ], [ -71.172794091249614, 42.266544310120004 ], [ -71.173157089984812, 42.266619309493585 ], [ -71.173181090040671, 42.266626310095162 ], [ -71.173329090231604, 42.266645309634612 ], [ -71.173559089589745, 42.266705309493993 ], [ -71.17368808909886, 42.266756308957071 ], [ -71.173901089679092, 42.266876309130772 ], [ -71.173923089361992, 42.266889308917065 ], [ -71.174153088492361, 42.267021308375405 ], [ -71.17431608833401, 42.267179308169929 ], [ -71.174440089581921, 42.267343308482353 ], [ -71.174525088978328, 42.267608308442476 ], [ -71.174579089420661, 42.267824308002048 ], [ -71.174595090199134, 42.267894307714982 ], [ -71.17460409011079, 42.268073307910484 ], [ -71.174601090262527, 42.268136307973947 ], [ -71.174608090606355, 42.268373308074011 ], [ -71.174500092387333, 42.268651308109078 ], [ -71.174314093126711, 42.268855308993174 ], [ -71.174287093394739, 42.268885308853811 ], [ -71.174161093270101, 42.268994308608931 ], [ -71.173814094581047, 42.269245309616849 ], [ -71.173660095539688, 42.269334310144501 ], [ -71.173558095778191, 42.269410310200364 ], [ -71.173528095949251, 42.26943830988894 ], [ -71.173476096497808, 42.269498310412921 ], [ -71.173423095995176, 42.269569309759611 ], [ -71.173215096916479, 42.269777310276133 ], [ -71.173021097698253, 42.270026310394996 ], [ -71.172963098129685, 42.270133310981464 ], [ -71.1729520995424, 42.270298311339936 ], [ -71.172990099130203, 42.270434311077729 ], [ -71.173153098988948, 42.270670310960732 ], [ -71.173183098991629, 42.270699310391372 ], [ -71.173341099549077, 42.270849310638773 ], [ -71.173411099893926, 42.270913310418138 ], [ -71.173526099217725, 42.271114310010447 ], [ -71.173582100401788, 42.271415310368248 ], [ -71.173597099643359, 42.2714493105602 ], [ -71.173615100296985, 42.271471310150126 ], [ -71.173705100483076, 42.271693310085553 ], [ -71.173858100367724, 42.271987310341103 ], [ -71.174039101075337, 42.272266309755864 ], [ -71.17432610118513, 42.272617309363362 ], [ -71.174612101519386, 42.273012309424594 ], [ -71.174749101503792, 42.273322309159425 ], [ -71.174821101944644, 42.273530308801398 ], [ -71.174846102946105, 42.273729309235783 ], [ -71.174856102065363, 42.273809309496009 ], [ -71.174844103118261, 42.274059309019343 ], [ -71.174824103325477, 42.27420130915943 ], [ -71.174819103754515, 42.274219309138807 ], [ -71.174771104600211, 42.274330309180606 ], [ -71.174610105057511, 42.274579309745285 ], [ -71.174512105949731, 42.274781310064483 ], [ -71.174417106540162, 42.275042310123673 ], [ -71.174437106494935, 42.275299310020195 ], [ -71.17446710752391, 42.275372310398154 ], [ -71.174509107293858, 42.275472309671301 ], [ -71.174564107770422, 42.275576309771928 ], [ -71.17447010737169, 42.275749310045747 ], [ -71.173801108896058, 42.275489310993237 ], [ -71.173222110145815, 42.275352311945085 ], [ -71.173049111164374, 42.275609312258318 ], [ -71.172780112461226, 42.276027312595133 ], [ -71.172516114346905, 42.276499313073934 ], [ -71.172381114681869, 42.276867313386063 ], [ -71.173154113959569, 42.277025312589224 ], [ -71.173440113816852, 42.277120311568893 ], [ -71.173786112654966, 42.277310311550409 ], [ -71.174132112251002, 42.27755031137827 ], [ -71.174468112790947, 42.277790310629705 ], [ -71.174940112007519, 42.27808831019469 ], [ -71.17520211232474, 42.278303309935957 ], [ -71.175428112206959, 42.278587309051098 ], [ -71.175536112315555, 42.278833309623963 ], [ -71.175571112316618, 42.278960309380466 ], [ -71.175536112412516, 42.279052309491234 ], [ -71.175764113271597, 42.279304308765887 ], [ -71.176158112445833, 42.279689308675344 ], [ -71.176524112300456, 42.279968308069094 ], [ -71.177015112742666, 42.28040130737088 ] ] ] ] } },
{ "type": "Feature", "properties": { "geoid": "25025130300", "neighborhood": "West Roxbury", "sales": 1447, "median_price": 492000.0, "investor_share": 0.12854181064270906, "large_inst_share": 0.032480995162404977, "small_med_share": 0.096060815480304082, "flip_rate": 0.075328265376641321, "buy_flip_rate": 0.073946095369730472, "condo_share": 0.12992398064961991, "r23_share": 0.088458880442294399, "hold_score": -2.5296216991128118, "flip_score": -1.9397448517337161, "dominant": "mixed", "policy_fit": "Layered approach", "r_mhi": 94904.0, "pct_nonwhite": 0.21196619217081847, "pct_black": 0.036699288256227758, "pct_latino": 0.071619217081850539, "percent_owners": 72.2 }, "geometry": { "type": "MultiPolygon", "coordinates": [ [ [ [ -71.161147148700564, 42.280341329687083 ], [ -71.160872149425018, 42.280614330520386 ], [ -71.160597150131238, 42.280868330742798 ], [ -71.160229151808593, 42.281194331504501 ], [ -71.159807154404163, 42.281520331489816 ], [ -71.159578154342057, 42.281685332059901 ], [ -71.15925615594405, 42.281907332679211 ], [ -71.158893157358776, 42.28214133324785 ], [ -71.158618158477779, 42.282304333531869 ], [ -71.157481162599112, 42.282945335868483 ], [ -71.157203163941432, 42.283100335453398 ], [ -71.15658316612253, 42.283445336809613 ], [ -71.15637316680133, 42.283563337154277 ], [ -71.154982170757279, 42.284355339285362 ], [ -71.154002174986431, 42.284888340812422 ], [ -71.153392177202605, 42.285185342023532 ], [ -71.152711178269527, 42.285469342997743 ], [ -71.152219180292789, 42.285662343415943 ], [ -71.151751181309621, 42.285831344029802 ], [ -71.151243183648816, 42.286000344705002 ], [ -71.150758184260042, 42.286134345438228 ], [ -71.15034918592599, 42.286227346135789 ], [ -71.15001818688134, 42.286295346624428 ], [ -71.149626187265824, 42.286389347232728 ], [ -71.149679187879116, 42.286444346981661 ], [ -71.149784187718609, 42.286590347251149 ], [ -71.149900188440498, 42.286762346484018 ], [ -71.150049189290385, 42.287195346704095 ], [ -71.150070189010407, 42.287290346371428 ], [ -71.149007190561747, 42.287185348439031 ], [ -71.148769192010917, 42.28715834877837 ], [ -71.148685191401015, 42.287152349017624 ], [ -71.148555191469498, 42.287152348585138 ], [ -71.148374192125203, 42.287161348932166 ], [ -71.14809819313281, 42.287106349317419 ], [ -71.148042192838943, 42.287071349726062 ], [ -71.147901192827348, 42.287003349414427 ], [ -71.147796193532415, 42.286899350026403 ], [ -71.14776219333524, 42.286792349594123 ], [ -71.147745192618615, 42.286654349903891 ], [ -71.147751192355727, 42.286563349751219 ], [ -71.147772192300707, 42.286273350007384 ], [ -71.147774191217621, 42.285995349730825 ], [ -71.147661189313595, 42.28504334988498 ], [ -71.147503187697097, 42.284177349776421 ], [ -71.147400187196979, 42.283893349977426 ], [ -71.147389187175406, 42.283872350025504 ], [ -71.14725218729609, 42.283610349930328 ], [ -71.147073187243024, 42.283350349888046 ], [ -71.147024186569467, 42.283278349991228 ], [ -71.147006186432762, 42.283255350537473 ], [ -71.146755187180474, 42.282945350261748 ], [ -71.146360186025163, 42.282528351247883 ], [ -71.146050186935355, 42.282248351282064 ], [ -71.145661186433585, 42.281929351628008 ], [ -71.145518186618418, 42.281804352154204 ], [ -71.145223186651506, 42.281575352305538 ], [ -71.144916187134385, 42.28133535253761 ], [ -71.144742186986889, 42.281189353086781 ], [ -71.144251186960886, 42.280775353887861 ], [ -71.143955187560778, 42.280502353485957 ], [ -71.144041186908979, 42.280113353884673 ], [ -71.143240186880988, 42.279315354433244 ], [ -71.142782186510942, 42.278757355180588 ], [ -71.142776186435839, 42.278748355118026 ], [ -71.14260518563195, 42.278447355781211 ], [ -71.142504185024777, 42.27815135546912 ], [ -71.142459184174868, 42.277815355132233 ], [ -71.142484183777938, 42.277570355418973 ], [ -71.14256818394459, 42.277379355683287 ], [ -71.142722182946684, 42.277203354704383 ], [ -71.142883181926621, 42.277089354764605 ], [ -71.143062181606084, 42.277011354174526 ], [ -71.143167180725797, 42.276982354746352 ], [ -71.143235181159994, 42.276964354583853 ], [ -71.143667179835347, 42.276893353968553 ], [ -71.144163178194844, 42.276796352948523 ], [ -71.144648177634693, 42.276647352142291 ], [ -71.145005176550228, 42.276472352026666 ], [ -71.145230175360538, 42.276332351313229 ], [ -71.145317175065486, 42.276244351570703 ], [ -71.145433173836309, 42.276104350667843 ], [ -71.145567173482348, 42.275915350408859 ], [ -71.145648172843764, 42.275727350647195 ], [ -71.145667172020111, 42.275534350236079 ], [ -71.14565617168401, 42.275379350894561 ], [ -71.145651171392828, 42.275212350114977 ], [ -71.145704171060231, 42.275050350199692 ], [ -71.145483171772739, 42.27486735103993 ], [ -71.145305171619441, 42.274744350691662 ], [ -71.145125171137266, 42.274551350775262 ], [ -71.144822171716058, 42.274203351584681 ], [ -71.144279171475461, 42.273581352564918 ], [ -71.143987171399644, 42.273241352807823 ], [ -71.143751170612262, 42.272955352315712 ], [ -71.143663170881652, 42.272847352812754 ], [ -71.143864169901349, 42.272710352105712 ], [ -71.144433167888209, 42.27225735156857 ], [ -71.145003165988811, 42.271806350859272 ], [ -71.145688162394123, 42.271262349570755 ], [ -71.146810158636939, 42.270390347573439 ], [ -71.147288155768692, 42.269994347427996 ], [ -71.147393156090217, 42.27006334663546 ], [ -71.147537156731332, 42.270177347300738 ], [ -71.148079155641156, 42.270605346281727 ], [ -71.148464156170945, 42.270923345965201 ], [ -71.148561155176083, 42.270992345711853 ], [ -71.148697155698486, 42.271115345054938 ], [ -71.148813155613283, 42.271264345068566 ], [ -71.149092156430285, 42.271684345157389 ], [ -71.149174156219004, 42.271760345230625 ], [ -71.149392156017356, 42.271915344139579 ], [ -71.149625156033139, 42.272048344458881 ], [ -71.149892155883236, 42.272228343766542 ], [ -71.150048155225107, 42.272417344161937 ], [ -71.150470156466113, 42.273043343172645 ], [ -71.150722156727966, 42.273468342768901 ], [ -71.150777155822666, 42.273551343158069 ], [ -71.150871156502546, 42.273693342702472 ], [ -71.150994156270187, 42.273908343029952 ], [ -71.151178156396128, 42.274036342245331 ], [ -71.151499156570864, 42.274237341823437 ], [ -71.151780156062642, 42.274405342041121 ], [ -71.15211515516981, 42.27460134150332 ], [ -71.152355155583592, 42.274782340760538 ], [ -71.152977155455005, 42.27526233980501 ], [ -71.153101154832171, 42.275434339678462 ], [ -71.153217155688097, 42.275638339909136 ], [ -71.153297156101274, 42.275795340075369 ], [ -71.153503156008171, 42.275976339610594 ], [ -71.153715154931803, 42.276089339047218 ], [ -71.154056154947952, 42.276196338891943 ], [ -71.154598153571868, 42.276394337764899 ], [ -71.154920153951153, 42.276507337846965 ], [ -71.155259153619241, 42.276609336819327 ], [ -71.155571152341494, 42.276693336954722 ], [ -71.156073151762683, 42.276842336052823 ], [ -71.156456151496542, 42.276924336019029 ], [ -71.156545151215525, 42.276955335657739 ], [ -71.156771150529067, 42.277048335042181 ], [ -71.157122150664549, 42.277245334428287 ], [ -71.157737150206287, 42.277615334397531 ], [ -71.158018149436174, 42.277790333395579 ], [ -71.158339149332818, 42.278015333624673 ], [ -71.158660149292842, 42.278287333162901 ], [ -71.158912148911256, 42.278521332352874 ], [ -71.159165149490519, 42.278741332460385 ], [ -71.15925714876478, 42.278795331660568 ], [ -71.159306148615983, 42.27881733175294 ], [ -71.15937114855204, 42.278833331930947 ], [ -71.159433148566549, 42.278834332268687 ], [ -71.160216148188908, 42.279429330878692 ], [ -71.160847147477341, 42.279920330145721 ], [ -71.161005148417289, 42.28005732965994 ], [ -71.161101147549402, 42.28023932951124 ], [ -71.161147148700564, 42.280341329687083 ] ] ] ] } },
{ "type": "Feature", "properties": { "geoid": "25025140102", "neighborhood": "Hyde Park", "sales": 1322, "median_price": 330000.0, "investor_share": 0.22012102874432679, "large_inst_share": 0.10287443267776097, "small_med_share": 0.1172465960665658, "flip_rate": 0.11119515885022693, "buy_flip_rate": 0.11043872919818457, "condo_share": 0.13161875945537066, "r23_share": 0.16187594553706505, "hold_score": -0.75949782702437418, "flip_score": 0.99112695599298017, "dominant": "flipping", "policy_fit": "TOPA / anti-flip / stabilization", "r_mhi": 48551.0, "pct_nonwhite": 0.68495361032674462, "pct_black": 0.40016135538523601, "pct_latino": 0.20129084308188785, "percent_owners": 73.5 }, "geometry": { "type": "MultiPolygon", "coordinates": [ [ [ [ -71.146060121065588, 42.25303034565728 ], [ -71.145900122139182, 42.253139345963781 ], [ -71.145664122891844, 42.253257346067059 ], [ -71.145410122563732, 42.253348346657006 ], [ -71.145161123831201, 42.253449347431307 ], [ -71.144907124566288, 42.253580347512084 ], [ -71.144487125931192, 42.253860348108475 ], [ -71.144170127799114, 42.254107348656206 ], [ -71.14380312972385, 42.254436348910623 ], [ -71.143559130020336, 42.25468634974348 ], [ -71.143393131075399, 42.254918350231698 ], [ -71.143155132821008, 42.255368350164417 ], [ -71.143077132853847, 42.255552350015094 ], [ -71.142833135019856, 42.255943350667472 ], [ -71.142565136069805, 42.256349351720132 ], [ -71.142411137195452, 42.256634351259322 ], [ -71.142261138167839, 42.256941352101414 ], [ -71.142113139717637, 42.257198352394184 ], [ -71.141970140001206, 42.257386352444946 ], [ -71.141834140647603, 42.257544352552259 ], [ -71.141703141376198, 42.257667352509394 ], [ -71.141525142425664, 42.257802353479562 ], [ -71.141100143579195, 42.258072353302197 ], [ -71.140810144881357, 42.258251354033135 ], [ -71.140591145880933, 42.258365354463677 ], [ -71.14043214579155, 42.258421354654416 ], [ -71.140195146739174, 42.258456354704741 ], [ -71.14001114659024, 42.258237355129758 ], [ -71.139794146205176, 42.258024355844924 ], [ -71.139517146273946, 42.257723355662186 ], [ -71.13936014668144, 42.25747535625365 ], [ -71.139242145828931, 42.257263356279694 ], [ -71.139047145414963, 42.256685356029578 ], [ -71.138943144485054, 42.256429356737314 ], [ -71.13883814515998, 42.256265356454975 ], [ -71.138760144860328, 42.256187356270672 ], [ -71.138582144643166, 42.255969357177626 ], [ -71.138391144905881, 42.255756356786812 ], [ -71.138207144773148, 42.255504357047926 ], [ -71.138102144586639, 42.255307357131763 ], [ -71.138071143395067, 42.255114357172758 ], [ -71.138085143138071, 42.254927357283592 ], [ -71.13812514246176, 42.254750357070407 ], [ -71.138213141792335, 42.254573356778145 ], [ -71.138352142010305, 42.254415356805112 ], [ -71.138586140919784, 42.254248356339616 ], [ -71.13871714030283, 42.254155356265159 ], [ -71.138872139375479, 42.254029356044654 ], [ -71.138958139082206, 42.253907355793032 ], [ -71.139043138925643, 42.253726356161607 ], [ -71.139094138375739, 42.253585355584654 ], [ -71.139103137739667, 42.253519355393827 ], [ -71.139145137364224, 42.253374355261087 ], [ -71.139156136682104, 42.253098355878052 ], [ -71.139192136181308, 42.252960355657201 ], [ -71.139242136263249, 42.252849355470325 ], [ -71.139333135203742, 42.252672355591208 ], [ -71.13939313539845, 42.25252335508624 ], [ -71.139444134003654, 42.252329355079716 ], [ -71.139450134211273, 42.25215435522265 ], [ -71.139426133870558, 42.251991355004833 ], [ -71.139377133273669, 42.251850355407583 ], [ -71.139121133189789, 42.251434355158651 ], [ -71.139082132401541, 42.251336355773475 ], [ -71.13905713233973, 42.251226355166246 ], [ -71.139043132700053, 42.251161354941523 ], [ -71.139019132313592, 42.250901355550511 ], [ -71.139061131524301, 42.250653354877173 ], [ -71.139136131434427, 42.250448354784794 ], [ -71.13926212975106, 42.250211354955852 ], [ -71.139363129747451, 42.249989354780929 ], [ -71.139394129567393, 42.249811353436421 ], [ -71.139409128678224, 42.24965935325374 ], [ -71.139381128308713, 42.249496352209754 ], [ -71.139361128481127, 42.249419351507804 ], [ -71.139342128419841, 42.249342351239463 ], [ -71.139263129205162, 42.249152350822001 ], [ -71.139140128418234, 42.248985350108718 ], [ -71.138997128697611, 42.248840349432648 ], [ -71.138739129448055, 42.248632348644897 ], [ -71.138402130730057, 42.24837934769144 ], [ -71.1380901301942, 42.248138347327703 ], [ -71.137649131456769, 42.247806346233624 ], [ -71.137104132334628, 42.247388344785243 ], [ -71.136867132293006, 42.247194344672323 ], [ -71.136718132879594, 42.247053343803564 ], [ -71.136605133496474, 42.246908343120786 ], [ -71.136412133637364, 42.246609341919978 ], [ -71.136344133135125, 42.246475341170992 ], [ -71.136319133441205, 42.246394341069248 ], [ -71.136284133200775, 42.246316340641499 ], [ -71.13619813387885, 42.246568341987079 ], [ -71.136120134048241, 42.246718343452734 ], [ -71.135977133813711, 42.246856343876111 ], [ -71.135560136018654, 42.247135346173849 ], [ -71.135259136905006, 42.247277346703662 ], [ -71.134628138195083, 42.24744434854599 ], [ -71.134100139644502, 42.24756035012868 ], [ -71.133859140064004, 42.247608351094279 ], [ -71.133637140724161, 42.247666351607194 ], [ -71.133458141142825, 42.247737351684421 ], [ -71.133086141509722, 42.247893352943244 ], [ -71.132332143729968, 42.248230355713744 ], [ -71.134274139383237, 42.24885335590622 ], [ -71.134320139789835, 42.248854355867998 ], [ -71.134404140185694, 42.248880355987524 ], [ -71.135054138243973, 42.249179356720539 ], [ -71.135159138585962, 42.2492423573891 ], [ -71.136433135721475, 42.249656357595889 ], [ -71.136229139211437, 42.25104635905717 ], [ -71.136004139362797, 42.251253359647947 ], [ -71.134859144903885, 42.252346361255235 ], [ -71.134289147417007, 42.252905362402601 ], [ -71.134062148534298, 42.253121363058277 ], [ -71.133785149167736, 42.253384363718411 ], [ -71.134269149053495, 42.253564362772153 ], [ -71.133892150418589, 42.253858363292132 ], [ -71.134249149651012, 42.254020362855947 ], [ -71.133964151239098, 42.254313363661424 ], [ -71.133673152252797, 42.254229363808406 ], [ -71.133350152234073, 42.254150364008609 ], [ -71.13306715317654, 42.254075364203544 ], [ -71.132729153141611, 42.25397436525823 ], [ -71.132655153515202, 42.253936365269112 ], [ -71.132476153185365, 42.25385836541156 ], [ -71.132293153638358, 42.253750365958346 ], [ -71.132194153548369, 42.253683365985175 ], [ -71.1320751539442, 42.25357236600194 ], [ -71.131843153698085, 42.253322366437793 ], [ -71.131590153678843, 42.252993366441103 ], [ -71.131265152982266, 42.252598366427456 ], [ -71.131141153870644, 42.252459366954248 ], [ -71.130957153463015, 42.252223367276422 ], [ -71.130761153484102, 42.25197636747766 ], [ -71.13058815309634, 42.251776368003405 ], [ -71.130479152754845, 42.251613367920001 ], [ -71.130114153364019, 42.251171368523416 ], [ -71.129651152704639, 42.25061736884804 ], [ -71.129589152783183, 42.250543368932661 ], [ -71.129539153097724, 42.250484368994528 ], [ -71.129490153027007, 42.250424369315915 ], [ -71.129098151959241, 42.249966369044969 ], [ -71.128995152352658, 42.249821368896733 ], [ -71.12896515274609, 42.249724368734817 ], [ -71.128966152841954, 42.249643368215153 ], [ -71.128996152763023, 42.249547367644979 ], [ -71.129172151375002, 42.249209365656192 ], [ -71.129454150755151, 42.248616362550415 ], [ -71.12956515036953, 42.24836936080041 ], [ -71.129575149372968, 42.248299360482378 ], [ -71.129556149344154, 42.248250360043706 ], [ -71.129511150511306, 42.248210359886812 ], [ -71.129348150769971, 42.248131360080308 ], [ -71.129099151041942, 42.248031359866694 ], [ -71.129030150811715, 42.248000359853343 ], [ -71.128991151191656, 42.247992359750917 ], [ -71.128960151563064, 42.247972360011765 ], [ -71.128936150493203, 42.247967359566132 ], [ -71.128612151675014, 42.247806359298302 ], [ -71.128652151564268, 42.247751358923423 ], [ -71.128703151733063, 42.247636358583428 ], [ -71.128775151330416, 42.247251356753814 ], [ -71.12890915001968, 42.246422351915115 ], [ -71.129003149245847, 42.245995349345364 ], [ -71.129057149170535, 42.245876349415255 ], [ -71.129203148746399, 42.245521346914991 ], [ -71.129703145517425, 42.244225339617273 ], [ -71.130077143872171, 42.243292334482902 ], [ -71.130162143609368, 42.243092333654978 ], [ -71.130687142017138, 42.241752326388692 ], [ -71.130867140661465, 42.241273323625634 ], [ -71.131155139561329, 42.240558319952036 ], [ -71.131306139422662, 42.24020731804508 ], [ -71.131367138266526, 42.240089317138086 ], [ -71.131432138129441, 42.240003316269046 ], [ -71.131612137697374, 42.239782315013152 ], [ -71.131857137168808, 42.239504313249299 ], [ -71.131937137248428, 42.239421313202612 ], [ -71.132150136634493, 42.239203311358935 ], [ -71.132413135396774, 42.239298311871018 ], [ -71.133008134908351, 42.239472311561855 ], [ -71.133057134863392, 42.239479311422862 ], [ -71.133075134848042, 42.239490311344582 ], [ -71.133257134229865, 42.239538311313439 ], [ -71.133357133753933, 42.239562311563162 ], [ -71.133474134085162, 42.239589311812367 ], [ -71.133567133171141, 42.239613311142755 ], [ -71.133715133511416, 42.23963131149155 ], [ -71.1337711329749, 42.239642310955965 ], [ -71.133907133247504, 42.239581310813385 ], [ -71.134036132745422, 42.239482310285744 ], [ -71.134652131184481, 42.238889305935402 ], [ -71.134852130132785, 42.238720305001543 ], [ -71.134991129840685, 42.238603304615978 ], [ -71.135114128711976, 42.238453303551395 ], [ -71.135266128199419, 42.238163302095025 ], [ -71.135555128003233, 42.237659298625623 ], [ -71.135663127070984, 42.237470297286457 ], [ -71.136026125491512, 42.236836294272607 ], [ -71.136066125437608, 42.23676629381837 ], [ -71.136080125362767, 42.236741293261446 ], [ -71.13618012521998, 42.236518291826009 ], [ -71.136309124723894, 42.236340291593251 ], [ -71.136457124020083, 42.236181290362985 ], [ -71.13656312417281, 42.236083289126533 ], [ -71.136654123795111, 42.235999288824431 ], [ -71.137241122835022, 42.235499285465757 ], [ -71.13742512201064, 42.235334284464706 ], [ -71.137748120398342, 42.235045282163959 ], [ -71.138405118407604, 42.234443278279905 ], [ -71.139240116264816, 42.233660273545027 ], [ -71.140028114874198, 42.234189275300402 ], [ -71.140947114145874, 42.234810276460081 ], [ -71.141591112735739, 42.235246278204571 ], [ -71.142139111396389, 42.235616279463244 ], [ -71.142391111861272, 42.235801279462969 ], [ -71.14268011160037, 42.235998279970921 ], [ -71.142746110615093, 42.236322281246636 ], [ -71.142760111579108, 42.236392281856403 ], [ -71.142800111391352, 42.236592283060048 ], [ -71.142844111895343, 42.236829284257091 ], [ -71.142877111562555, 42.236971284368082 ], [ -71.142995111148167, 42.237548287502683 ], [ -71.143069111751061, 42.23790828897738 ], [ -71.14309011184811, 42.238013289343378 ], [ -71.143193112376878, 42.238511291682535 ], [ -71.143361112537775, 42.23934629561473 ], [ -71.143400112300696, 42.239539297050989 ], [ -71.143426112539103, 42.239672297270218 ], [ -71.143436111693418, 42.239722297478991 ], [ -71.143446112164057, 42.239775297532738 ], [ -71.143497111857954, 42.240065298960062 ], [ -71.143663112737741, 42.240834303062073 ], [ -71.143811113064004, 42.241554306385623 ], [ -71.143823113211241, 42.241615306463068 ], [ -71.143855112874547, 42.241773307004692 ], [ -71.14386811336135, 42.241841307405174 ], [ -71.144068113189704, 42.242819311921195 ], [ -71.144393113491347, 42.244414319513496 ], [ -71.144534113447108, 42.245107322750741 ], [ -71.144542114465168, 42.245145322668122 ], [ -71.144552114317463, 42.245190323293521 ], [ -71.144571113796076, 42.24528432333117 ], [ -71.144720114494007, 42.245992326758916 ], [ -71.14493711491599, 42.247000332168177 ], [ -71.145008114206291, 42.247344333778166 ], [ -71.145367115143401, 42.24901234128702 ], [ -71.145596115276533, 42.250096346039037 ], [ -71.146126120982217, 42.25296434589611 ], [ -71.146060121065588, 42.25303034565728 ] ] ] ] } },
{ "type": "Feature", "properties": { "geoid": "25025070104", "neighborhood": "Downtown", "sales": 2174, "median_price": 744000.0, "investor_share": 0.29208831646734129, "large_inst_share": 0.090156393744250232, "small_med_share": 0.20193192272309107, "flip_rate": 0.08417663293468261, "buy_flip_rate": 0.083716651333946637, "condo_share": 0.84728610855565778, "r23_share": 0.0, "hold_score": 2.7489581158061118, "flip_score": -1.7957110420220603, "dominant": "holding", "policy_fit": "Transfer fee on high-value sales", "r_mhi": 0.0, "pct_nonwhite": 0.35290006988120193, "pct_black": 0.01781970649895178, "pct_latino": 0.050314465408805034, "percent_owners": 63.9 }, "geometry": { "type": "MultiPolygon", "coordinates": [ [ [ [ -71.050433564665781, 42.35484649007882 ], [ -71.050603563094413, 42.354610489188609 ], [ -71.050774561813697, 42.354375489469234 ], [ -71.050853562201169, 42.354265489677289 ], [ -71.050871561818568, 42.354240489524109 ], [ -71.051762556409457, 42.352950488184668 ], [ -71.051905557210176, 42.353005487775938 ], [ -71.052050556424021, 42.352824487888142 ], [ -71.052248554583898, 42.352576487305342 ], [ -71.052085554865073, 42.352448487492993 ], [ -71.052158554951177, 42.352328487272878 ], [ -71.052278553905367, 42.352103486992497 ], [ -71.052311554209595, 42.351990487400364 ], [ -71.05272255132158, 42.351372487010849 ], [ -71.05300954915667, 42.350941486532392 ], [ -71.053272548219553, 42.350599485962803 ], [ -71.054033544253073, 42.34948248474732 ], [ -71.055335536616624, 42.347595483346169 ], [ -71.055676535310596, 42.34706248255987 ], [ -71.055877533853874, 42.346923482014461 ], [ -71.056217533186327, 42.346809482060905 ], [ -71.056294532864612, 42.346762481316397 ], [ -71.056603531950984, 42.346676481290373 ], [ -71.056644531853351, 42.346664480873308 ], [ -71.056732531437703, 42.346634481056356 ], [ -71.056759531630789, 42.346630480668601 ], [ -71.057329529633265, 42.34646048028393 ], [ -71.057551528961795, 42.346348480002227 ], [ -71.057607529297186, 42.346320480214359 ], [ -71.057712529338247, 42.346284479758815 ], [ -71.058240527241182, 42.34610647900697 ], [ -71.058363526632789, 42.346036479092461 ], [ -71.058888524831445, 42.345833478015862 ], [ -71.059103524034427, 42.345764477407592 ], [ -71.059275524571405, 42.345709477762014 ], [ -71.059336524054501, 42.345663477820388 ], [ -71.059368523610786, 42.34553747743697 ], [ -71.059430523322135, 42.345481477218179 ], [ -71.059630522823085, 42.345446477163414 ], [ -71.059870521483305, 42.345302476475752 ], [ -71.059877521569476, 42.345298477150273 ], [ -71.060016521368155, 42.345286476863215 ], [ -71.060142520732924, 42.345168476584725 ], [ -71.060295520375803, 42.345025476511118 ], [ -71.060635518854653, 42.344798475804829 ], [ -71.060837517109334, 42.344308475743844 ], [ -71.060869516954909, 42.344010475664199 ], [ -71.060919555448194, 42.34377894376636 ], [ -71.060990515376588, 42.343796475060245 ], [ -71.061096515392023, 42.343823475169771 ], [ -71.061146516113837, 42.343835475108691 ], [ -71.061256515413433, 42.343863475250295 ], [ -71.06129251594794, 42.343871474833527 ], [ -71.061423515673766, 42.343903474791134 ], [ -71.061519514788401, 42.343930474186095 ], [ -71.061715514627423, 42.343964474460535 ], [ -71.061288517332514, 42.344810474540957 ], [ -71.060933519972053, 42.345654475447212 ], [ -71.060910519962135, 42.345709475682177 ], [ -71.060761521935802, 42.346077475968521 ], [ -71.060704521500369, 42.346253475337299 ], [ -71.060591522036532, 42.346240475621535 ], [ -71.060477522236638, 42.346226476247985 ], [ -71.060212522693845, 42.346195476366994 ], [ -71.060117523401004, 42.346187476812091 ], [ -71.060016523004592, 42.346180476956178 ], [ -71.059813523778772, 42.346167476983716 ], [ -71.059771523607111, 42.346168476720187 ], [ -71.059335524636396, 42.34615147788675 ], [ -71.059109525488168, 42.346152478139409 ], [ -71.058788526141569, 42.346157478197846 ], [ -71.05856552777729, 42.346484478720427 ], [ -71.058321528124111, 42.346586478845772 ], [ -71.058187528326599, 42.346640478763753 ], [ -71.058086528393687, 42.346697479050199 ], [ -71.058008529748236, 42.346751479630697 ], [ -71.057952529693836, 42.346801479173699 ], [ -71.05787852936686, 42.346874479510703 ], [ -71.057812530150656, 42.346954479726918 ], [ -71.057715530535731, 42.34707248001272 ], [ -71.057662531270623, 42.347159479488646 ], [ -71.057602530842459, 42.347273479706836 ], [ -71.057566531201132, 42.347373479926432 ], [ -71.057484532567685, 42.347658479924085 ], [ -71.057614533041956, 42.347963479730481 ], [ -71.057661532973157, 42.348080479776272 ], [ -71.057721533258487, 42.348182479592609 ], [ -71.057791533032713, 42.348312480009859 ], [ -71.057816533734652, 42.348345480019695 ], [ -71.057871532930008, 42.3484024800998 ], [ -71.057990533025418, 42.348498479205375 ], [ -71.058151532466141, 42.348628479724212 ], [ -71.058195533207382, 42.348651479256546 ], [ -71.058280533325942, 42.348689479347989 ], [ -71.058479532270653, 42.348752478791432 ], [ -71.058793532469835, 42.348795478811397 ], [ -71.059001531503412, 42.348776478108356 ], [ -71.059097530789685, 42.348768477898481 ], [ -71.059203531166276, 42.348738477672235 ], [ -71.059386530235727, 42.34868147815024 ], [ -71.059439529867717, 42.348693477688819 ], [ -71.059400530453061, 42.348769477758431 ], [ -71.059397530550328, 42.348895477515725 ], [ -71.059293531477877, 42.349146477692393 ], [ -71.059209532573803, 42.349295478347408 ], [ -71.059076532761864, 42.349626477896464 ], [ -71.058952534369652, 42.349936478256353 ], [ -71.059512533237907, 42.350063477499759 ], [ -71.059617532590266, 42.350084477319484 ], [ -71.059676532598502, 42.35009947787939 ], [ -71.059732533219233, 42.350113477507712 ], [ -71.059812532989568, 42.350139477115697 ], [ -71.059543535743529, 42.351042477629854 ], [ -71.059507535642254, 42.351149478139909 ], [ -71.059374535941501, 42.351120478118517 ], [ -71.059331536441007, 42.351111477934367 ], [ -71.059255536668886, 42.351285477911674 ], [ -71.059141537493858, 42.351481478491202 ], [ -71.058967538371718, 42.351700478262131 ], [ -71.058784538697736, 42.35188247905365 ], [ -71.058595539760347, 42.352033479284522 ], [ -71.058413540822272, 42.352152479089135 ], [ -71.058170541574555, 42.352288479514321 ], [ -71.0580085414298, 42.352350479681164 ], [ -71.058091541373244, 42.352360479401028 ], [ -71.058200541001369, 42.352373479659505 ], [ -71.0582585408646, 42.352382479346716 ], [ -71.058397540508437, 42.35240147892587 ], [ -71.058637540516216, 42.352446479205845 ], [ -71.059347539341786, 42.35250747794575 ], [ -71.059827537926111, 42.352548477441921 ], [ -71.060118537558495, 42.352558477355252 ], [ -71.060569536899038, 42.35255047611323 ], [ -71.060665536465663, 42.352548475926156 ], [ -71.061050534980097, 42.352516475515579 ], [ -71.061330534143266, 42.352491475658859 ], [ -71.06190953261914, 42.352446474460166 ], [ -71.062412531585807, 42.352407474310773 ], [ -71.062574531765122, 42.352399473753486 ], [ -71.062562532563192, 42.352779473637234 ], [ -71.062560532767861, 42.352800474337172 ], [ -71.062536533157797, 42.353099474336226 ], [ -71.062515533839814, 42.353280473711926 ], [ -71.062460533533283, 42.353450473639342 ], [ -71.062386534405164, 42.353586473779082 ], [ -71.062231535831017, 42.353823474547426 ], [ -71.06214453608041, 42.353909474181798 ], [ -71.061885537526322, 42.354172475121551 ], [ -71.061696538040721, 42.354364475134297 ], [ -71.061211540517462, 42.354823475438671 ], [ -71.060479542924341, 42.355499477238418 ], [ -71.059631546176078, 42.356226478388415 ], [ -71.059503547653918, 42.356325477710108 ], [ -71.059419547197678, 42.356399478664343 ], [ -71.059161548659745, 42.356626478197612 ], [ -71.058916549069366, 42.356843478840347 ], [ -71.058736550239573, 42.356988479048105 ], [ -71.058234550849974, 42.356832480236001 ], [ -71.058139551329859, 42.356815479814749 ], [ -71.057992551656071, 42.356789480088317 ], [ -71.057709552144459, 42.356777480879607 ], [ -71.057190553809335, 42.356822481345297 ], [ -71.056589555189959, 42.356852482394032 ], [ -71.056291555658845, 42.356874482593604 ], [ -71.055758557008687, 42.356913483382549 ], [ -71.055538557225645, 42.3569714829544 ], [ -71.055189558541912, 42.357143484227578 ], [ -71.055019559842322, 42.357245484293841 ], [ -71.054847559690188, 42.357350484236534 ], [ -71.054523561107757, 42.357551484969179 ], [ -71.054369561109112, 42.357662485013961 ], [ -71.054264561741164, 42.357737484816937 ], [ -71.053960563016872, 42.358012485245119 ], [ -71.053764563915308, 42.35818348537844 ], [ -71.05351756563212, 42.358356485769754 ], [ -71.053320566059384, 42.35845548679189 ], [ -71.053247566149395, 42.358478486657148 ], [ -71.053191566660502, 42.358496486566665 ], [ -71.052748567909092, 42.358576487300773 ], [ -71.052293567934811, 42.358646487811313 ], [ -71.052197568563813, 42.358660488224473 ], [ -71.052157568750559, 42.358666487809764 ], [ -71.051992569024563, 42.358694488138859 ], [ -71.051783569713663, 42.358729488533719 ], [ -71.051651570327792, 42.358751488659685 ], [ -71.051581570247777, 42.358762488378261 ], [ -71.051445569545791, 42.358266488415232 ], [ -71.051338569226161, 42.357878488628657 ], [ -71.051271569260663, 42.357755488811357 ], [ -71.051208568505956, 42.357679488951199 ], [ -71.051115568636945, 42.357578488854358 ], [ -71.050993568267799, 42.35746848961891 ], [ -71.050925569376318, 42.357385489229891 ], [ -71.050896568290398, 42.357335489075645 ], [ -71.050808568693711, 42.357152489896386 ], [ -71.050783567891443, 42.35703248966928 ], [ -71.050769567960273, 42.356673489710943 ], [ -71.050789567440717, 42.356378489169401 ], [ -71.050849565460169, 42.355968489383919 ], [ -71.050880565065711, 42.355770489539232 ], [ -71.050921564323843, 42.355574489549923 ], [ -71.051059563963676, 42.355131488667936 ], [ -71.05089156368787, 42.355060489516966 ], [ -71.05047056482978, 42.354898489679435 ], [ -71.050433564665781, 42.35484649007882 ] ] ] ] } },
{ "type": "Feature", "properties": { "geoid": "25025061204", "neighborhood": "South Boston Waterfront", "sales": 794, "median_price": 649000.0, "investor_share": 0.23299748110831234, "large_inst_share": 0.095717884130982367, "small_med_share": 0.13727959697732997, "flip_rate": 0.10453400503778337, "buy_flip_rate": 0.10453400503778337, "condo_share": 0.90050377833753148, "r23_share": 0.0, "hold_score": 2.1669242668820012, "flip_score": -0.36534316146791945, "dominant": "holding", "policy_fit": "Transfer fee on high-value sales", "r_mhi": 141125.0, "pct_nonwhite": 0.16008537886872998, "pct_black": 0.011739594450373533, "pct_latino": 0.048025613660618999, "percent_owners": 61.1 }, "geometry": { "type": "MultiPolygon", "coordinates": [ [ [ [ -71.057044528683591, 42.345616480845564 ], [ -71.056871529638158, 42.345622481152503 ], [ -71.054749534305145, 42.345777483471991 ], [ -71.053878539117179, 42.34695848491684 ], [ -71.053748540079468, 42.347134484921241 ], [ -71.053403541330582, 42.347602485858275 ], [ -71.051651550390346, 42.34997748798046 ], [ -71.051156552777954, 42.350649488759693 ], [ -71.051098553483612, 42.35062348885446 ], [ -71.050998553824627, 42.350568488610477 ], [ -71.049007555878944, 42.349650491080503 ], [ -71.047913557208929, 42.34914549319997 ], [ -71.047852556714645, 42.349119492446967 ], [ -71.047635557823213, 42.348963493540772 ], [ -71.046724558420294, 42.348548493918081 ], [ -71.046581559217998, 42.348476494743785 ], [ -71.046392558950558, 42.348391494713489 ], [ -71.046202559221896, 42.348307495153321 ], [ -71.046122558904415, 42.348271495478201 ], [ -71.046083559075456, 42.348255495517563 ], [ -71.046174558382418, 42.348177494851811 ], [ -71.046444557568307, 42.347957494562834 ], [ -71.046516557952273, 42.347855494309705 ], [ -71.046522556839861, 42.347842494315266 ], [ -71.046637556541128, 42.347743494022964 ], [ -71.046866555407618, 42.347550493880924 ], [ -71.047085554617283, 42.347366493752993 ], [ -71.047691552500254, 42.346856492475382 ], [ -71.047908551649527, 42.346672492808672 ], [ -71.048359550049071, 42.346284492347294 ], [ -71.048997546869074, 42.345737491578056 ], [ -71.050152542848565, 42.34478248960982 ], [ -71.05078053989233, 42.344252488640201 ], [ -71.050969538895686, 42.344093488397782 ], [ -71.051344537269387, 42.343798487688943 ], [ -71.051168537583905, 42.343644488151661 ], [ -71.051118537845454, 42.343601488546348 ], [ -71.05099053735529, 42.343489488402632 ], [ -71.050715538160674, 42.343300488922388 ], [ -71.049988538478175, 42.342798489443354 ], [ -71.049387538783108, 42.342360490258315 ], [ -71.049453538757632, 42.342308490332485 ], [ -71.049777536909062, 42.342025490224927 ], [ -71.050158535329857, 42.341693489453462 ], [ -71.050874534947994, 42.342150488870423 ], [ -71.051394534811777, 42.342490487844579 ], [ -71.051641533756026, 42.342665487752612 ], [ -71.051689534056791, 42.34267648739354 ], [ -71.051714533708349, 42.342676487603789 ], [ -71.05178253365257, 42.342638487418355 ], [ -71.051923532803585, 42.342530487440037 ], [ -71.052356531626643, 42.342123486749664 ], [ -71.052797531336736, 42.342426485763724 ], [ -71.052870531192994, 42.342476485624623 ], [ -71.052901531380456, 42.342496485531555 ], [ -71.053012530455931, 42.342550485367994 ], [ -71.053151531059001, 42.342601485173368 ], [ -71.054288528345239, 42.342859483657136 ], [ -71.054920528069943, 42.342993482916803 ], [ -71.055214527241972, 42.343067482824111 ], [ -71.056238525151471, 42.343318481558782 ], [ -71.056902523864409, 42.343474480374006 ], [ -71.057225524035388, 42.343540480590825 ], [ -71.057240524148582, 42.343981480568701 ], [ -71.057246524821096, 42.344178479807177 ], [ -71.057254525876388, 42.344537480153782 ], [ -71.057236527173714, 42.344873480524868 ], [ -71.057044528683591, 42.345616480845564 ] ] ] ] } },
{ "type": "Feature", "properties": { "geoid": "25025060604", "neighborhood": "South Boston Waterfront", "sales": 369, "median_price": 790000.0, "investor_share": 0.33333333333333331, "large_inst_share": 0.15989159891598917, "small_med_share": 0.17344173441734417, "flip_rate": 0.065040650406504072, "buy_flip_rate": 0.065040650406504072, "condo_share": 0.78590785907859073, "r23_share": 0.0, "hold_score": 4.0295879496234557, "flip_score": -3.1094768546473439, "dominant": "holding", "policy_fit": "Transfer fee on high-value sales", "r_mhi": 202778.0, "pct_nonwhite": 0.24723510524438097, "pct_black": 0.033892258294684265, "pct_latino": 0.06278986799857296, "percent_owners": 54.5 }, "geometry": { "type": "MultiPolygon", "coordinates": [ [ [ [ -71.051156552777954, 42.350649488759693 ], [ -71.05082655481101, 42.351096488739323 ], [ -71.050446556994487, 42.351612489732879 ], [ -71.04931156324696, 42.353151490830975 ], [ -71.049122564485046, 42.353394491717296 ], [ -71.049050564241085, 42.353487491464513 ], [ -71.048575566229346, 42.354097492184913 ], [ -71.048525567260171, 42.354160491970077 ], [ -71.048496567308746, 42.354185492699536 ], [ -71.048117568566937, 42.354514492755655 ], [ -71.047568570283019, 42.354740493191507 ], [ -71.046927571713269, 42.354914494255752 ], [ -71.046463574045305, 42.355057494941143 ], [ -71.04599257473312, 42.355138495424406 ], [ -71.045590575804283, 42.35512249630866 ], [ -71.045520575520953, 42.355114496172348 ], [ -71.045487575546261, 42.355114496336036 ], [ -71.04547857612468, 42.355112496341562 ], [ -71.04545757542283, 42.355107495968646 ], [ -71.045002577218099, 42.355056497182197 ], [ -71.044913576460843, 42.355026496709108 ], [ -71.043709578967125, 42.354665498854771 ], [ -71.044317574832093, 42.353416498014234 ], [ -71.043380576257377, 42.353000498894367 ], [ -71.043079577573138, 42.353334499728938 ], [ -71.04280757784467, 42.35320950003544 ], [ -71.042351578678449, 42.353001499970787 ], [ -71.041573582564325, 42.354010501180255 ], [ -71.041031583309206, 42.35375850248564 ], [ -71.041551580701565, 42.353048501278209 ], [ -71.041559579917802, 42.353028501645419 ], [ -71.041619579985678, 42.352955501037037 ], [ -71.042949572434921, 42.351139499824377 ], [ -71.042539573690277, 42.350931500360673 ], [ -71.042701572502281, 42.350725499333514 ], [ -71.04216657264989, 42.350482500459236 ], [ -71.040071584578996, 42.353370503443124 ], [ -71.038647586625686, 42.352774505255169 ], [ -71.040866574113863, 42.349920501879581 ], [ -71.039914575793276, 42.349523502955691 ], [ -71.037756587594458, 42.352412506379444 ], [ -71.037226588165481, 42.3521685071631 ], [ -71.036804588378004, 42.351974507851402 ], [ -71.038800577495721, 42.349349504775645 ], [ -71.037770579698702, 42.348877505736667 ], [ -71.037807579040091, 42.348826506025311 ], [ -71.037545579273925, 42.348710506153438 ], [ -71.037399580760678, 42.348883506517907 ], [ -71.037183580572531, 42.348923506453275 ], [ -71.037201581528876, 42.349143507134677 ], [ -71.037144581361602, 42.349180506728807 ], [ -71.037063582219943, 42.349191507359734 ], [ -71.03691258219169, 42.349185506779889 ], [ -71.036843582585803, 42.349204506959104 ], [ -71.036034586807816, 42.350285508106978 ], [ -71.035828586869556, 42.350185508779973 ], [ -71.035915586468604, 42.350063508119497 ], [ -71.036226584141076, 42.349625508282138 ], [ -71.036194584775401, 42.349544508579449 ], [ -71.036267583941026, 42.349448508389088 ], [ -71.035841585012363, 42.349262509037693 ], [ -71.034318591995202, 42.351243511124338 ], [ -71.034116592460677, 42.351154511229666 ], [ -71.033905592658073, 42.351062511641558 ], [ -71.034165591593762, 42.350729510945683 ], [ -71.03417459152277, 42.35071251113763 ], [ -71.034620589217226, 42.350146510247654 ], [ -71.03535058567175, 42.349212509506579 ], [ -71.035353585360554, 42.349181509203305 ], [ -71.035355585075706, 42.349148508909018 ], [ -71.035319585705949, 42.349104509271754 ], [ -71.035299584956192, 42.349087509248811 ], [ -71.035239585540282, 42.349070509666952 ], [ -71.035175586149848, 42.349067509663961 ], [ -71.035127585889938, 42.349081509714125 ], [ -71.035067586079634, 42.349109509427691 ], [ -71.033630593005171, 42.350958511471504 ], [ -71.033403594080369, 42.350864512254446 ], [ -71.034920585456064, 42.348665509613021 ], [ -71.03504558532704, 42.348543509262051 ], [ -71.035357583140993, 42.348182508820742 ], [ -71.035399582630191, 42.348223509505459 ], [ -71.035777580871766, 42.347757508501545 ], [ -71.035986580639133, 42.347703508604624 ], [ -71.036021580869118, 42.347746508292403 ], [ -71.036144580350339, 42.347804507962415 ], [ -71.036267580463189, 42.347799507627094 ], [ -71.036434579785364, 42.347854508131256 ], [ -71.037260579007864, 42.348166507081217 ], [ -71.037377579152732, 42.348210506922186 ], [ -71.037497578421721, 42.348256506551202 ], [ -71.038206577996959, 42.348533505467458 ], [ -71.038981577091633, 42.348837504137386 ], [ -71.039625575158496, 42.349091503963415 ], [ -71.039988575769996, 42.349276503599214 ], [ -71.040130575136928, 42.349337502697153 ], [ -71.040762574554861, 42.349596502366133 ], [ -71.041041573304867, 42.349710501903893 ], [ -71.041623572995405, 42.349948501405592 ], [ -71.042009572506146, 42.350114500914614 ], [ -71.0425315725046, 42.350342499485485 ], [ -71.042809571061127, 42.350469499947621 ], [ -71.043197570554426, 42.350647498879255 ], [ -71.043426570474594, 42.350766498596627 ], [ -71.043914570364024, 42.351020498564907 ], [ -71.044112569418076, 42.351049497731239 ], [ -71.044129570382523, 42.35105149803757 ], [ -71.044359569875922, 42.351154497128739 ], [ -71.044400569035304, 42.35117249792566 ], [ -71.04444556896604, 42.35119349722256 ], [ -71.04475056948958, 42.351329497466246 ], [ -71.044958568625063, 42.351423497174949 ], [ -71.045233569109413, 42.351550496054642 ], [ -71.045569568047526, 42.351705495786909 ], [ -71.045885566500161, 42.351275495374175 ], [ -71.046096565839861, 42.351002495098484 ], [ -71.047211560112302, 42.349559493893736 ], [ -71.04756555736698, 42.34905949287721 ], [ -71.047635557823213, 42.348963493540772 ], [ -71.047852556714645, 42.349119492446967 ], [ -71.047913557208929, 42.34914549319997 ], [ -71.049007555878944, 42.349650491080503 ], [ -71.050998553824627, 42.350568488610477 ], [ -71.051098553483612, 42.35062348885446 ], [ -71.051156552777954, 42.350649488759693 ] ] ], [ [ [ -71.034790585546389, 42.348579510001692 ], [ -71.034735073632632, 42.348654651780663 ], [ -71.03410958608913, 42.3483705107624 ], [ -71.032932591812923, 42.349629512523947 ], [ -71.032785591705178, 42.349560513002395 ], [ -71.03314659057358, 42.349052512332712 ], [ -71.033472588356446, 42.34862351158737 ], [ -71.034079585899548, 42.348267510844749 ], [ -71.034790585546389, 42.348579510001692 ] ] ], [ [ [ -71.033403594080369, 42.350864512254446 ], [ -71.033172594346908, 42.350768512100792 ], [ -71.033212956225242, 42.35071579445124 ], [ -71.033403594080369, 42.350864512254446 ] ] ] ] } }
]
}
